0.0
1 10000.0 1e+20 1.0 1000.0 0 0
2 10000.0 1e+20 1.0 1000.0 0 0
3 10000.0 1e+20 1.0 1000.0 0 0
4 10000.0 1e+20 1.0 1000.0 0 0
5 10000.0 1e+20 1.0 1000.0 0 0
6 10000.0 1e+20 1.0 1000.0 0 0
7 10000.0 1e+20 1.0 1000.0 0 0
8 10000.0 1e+20 1.0 1000.0 0 0
9 10000.0 1e+20 1.0 1000.0 0 0
10 10000.0 1e+20 1.0 1000.0 0 0
11 10000.0 1e+20 1.0 1000.0 0 0
12 10000.0 1e+20 1.0 1000.0 0 0
13 10000.0 1e+20 1.0 1000.0 0 0
14 10000.0 1e+20 1.0 1000.0 0 0
15 10000.0 1e+20 1.0 1000.0 0 0
16 10000.0 1e+20 1.0 1000.0 0 0
17 10000.0 1e+20 1.0 1000.0 0 0
18 10000.0 1e+20 1.0 1000.0 0 0
19 10000.0 1e+20 1.0 1000.0 0 0
20 10000.0 1e+20 1.0 1000.0 0 0
21 10000.0 1e+20 1.0 1000.0 0 0
22 10000.0 1e+20 1.0 1000.0 0 0
23 10000.0 1e+20 1.0 1000.0 0 0
24 10000.0 1e+20 1.0 1000.0 0 0
25 10000.0 1e+20 1.0 1000.0 0 0
26 10000.0 1e+20 1.0 1000.0 0 0
27 10000.0 1e+20 1.0 1000.0 0 0
28 10000.0 1e+20 1.0 1000.0 0 0
29 10000.0 1e+20 1.0 1000.0 0 0
30 10000.0 1e+20 1.0 1000.0 0 0
31 10000.0 1e+20 1.0 1000.0 0 0
32 10000.0 1e+20 1.0 1000.0 0 0
33 10000.0 1e+20 1.0 1000.0 0 0
34 10000.0 1e+20 1.0 1000.0 0 0
35 10000.0 1e+20 1.0 1000.0 0 0
36 10000.0 1e+20 1.0 1000.0 0 0
37 10000.0 1e+20 1.0 1000.0 0 0
38 10000.0 1e+20 1.0 1000.0 0 0
39 10000.0 1e+20 1.0 1000.0 0 0
40 10000.0 1e+20 1.0 1000.0 0 0
41 10000.0 1e+20 1.0 1000.0 0 0
42 10000.0 1e+20 1.0 1000.0 0 0
43 10000.0 1e+20 1.0 1000.0 0 0
44 10000.0 1e+20 1.0 1000.0 0 0
45 10000.0 1e+20 1.0 1000.0 0 0
46 10000.0 1e+20 1.0 1000.0 0 0
47 10000.0 1e+20 1.0 1000.0 0 0
48 10000.0 1e+20 1.0 1000.0 0 0
49 10000.0 1e+20 1.0 1000.0 0 0
50 10000.0 1e+20 1.0 1000.0 0 0
51 10000.0 1e+20 1.0 1000.0 0 0
52 10000.0 1e+20 1.0 1000.0 0 0
53 10000.0 1e+20 1.0 1000.0 0 0
54 10000.0 1e+20 1.0 1000.0 0 0
55 10000.0 1e+20 1.0 1000.0 0 0
56 10000.0 1e+20 1.0 1000.0 0 0
57 10000.0 1e+20 1.0 1000.0 0 0
58 10000.0 1e+20 1.0 1000.0 0 0
59 10000.0 1e+20 1.0 1000.0 0 0
60 10000.0 1e+20 1.0 1000.0 0 0
61 10000.0 1e+20 1.0 1000.0 0 0
62 10000.0 1e+20 1.0 1000.0 0 0
63 10000.0 1e+20 1.0 1000.0 0 0
64 10000.0 1e+20 1.0 1000.0 0 0
65 10000.0 1e+20 1.0 1000.0 0 0
66 10000.0 1e+20 1.0 1000.0 0 0
67 10000.0 1e+20 1.0 1000.0 0 0
68 10000.0 1e+20 1.0 1000.0 0 0
69 10000.0 1e+20 1.0 1000.0 0 0
70 10000.0 1e+20 1.0 1000.0 0 0
71 10000.0 1e+20 1.0 1000.0 0 0
72 10000.0 1e+20 1.0 1000.0 0 0
73 10000.0 1e+20 1.0 1000.0 0 0
74 10000.0 1e+20 1.0 1000.0 0 0
75 10000.0 1e+20 1.0 1000.0 0 0
76 10000.0 1e+20 1.0 1000.0 0 0
77 10000.0 1e+20 1.0 1000.0 0 0
78 10000.0 1e+20 1.0 1000.0 0 0
79 10000.0 1e+20 1.0 1000.0 0 0
80 10000.0 1e+20 1.0 1000.0 0 0
81 10000.0 1e+20 1.0 1000.0 0 0
82 10000.0 1e+20 1.0 1000.0 0 0
83 10000.0 1e+20 1.0 1000.0 0 0
84 10000.0 1e+20 1.0 1000.0 0 0
85 10000.0 1e+20 1.0 1000.0 0 0
86 10000.0 1e+20 1.0 1000.0 0 0
87 10000.0 1e+20 1.0 1000.0 0 0
88 10000.0 1e+20 1.0 1000.0 0 0
89 10000.0 1e+20 1.0 1000.0 0 0
90 10000.0 1e+20 1.0 1000.0 0 0
91 10000.0 1e+20 1.0 1000.0 0 0
92 10000.0 1e+20 1.0 1000.0 0 0
93 10000.0 1e+20 1.0 1000.0 0 0
94 10000.0 1e+20 1.0 1000.0 0 0
95 10000.0 1e+20 1.0 1000.0 0 0
96 10000.0 1e+20 1.0 1000.0 0 0
97 10000.0 1e+20 1.0 1000.0 0 0
98 10000.0 1e+20 1.0 1000.0 0 0
99 10000.0 1e+20 1.0 1000.0 0 0
100 10000.0 1e+20 1.0 1000.0 0 0
101 10000.0 1e+20 1.0 1000.0 0 0
102 10000.0 1e+20 1.0 1000.0 0 0
103 10000.0 1e+20 1.0 1000.0 0 0
104 10000.0 1e+20 1.0 1000.0 0 0
105 10000.0 1e+20 1.0 1000.0 0 0
106 10000.0 1e+20 1.0 1000.0 0 0
107 10000.0 1e+20 1.0 1000.0 0 0
108 10000.0 1e+20 1.0 1000.0 0 0
109 10000.0 1e+20 1.0 1000.0 0 0
110 10000.0 1e+20 1.0 1000.0 0 0
111 10000.0 1e+20 1.0 1000.0 0 0
112 10000.0 1e+20 1.0 1000.0 0 0
113 10000.0 1e+20 1.0 1000.0 0 0
114 10000.0 1e+20 1.0 1000.0 0 0
115 10000.0 1e+20 1.0 1000.0 0 0
116 10000.0 1e+20 1.0 1000.0 0 0
117 10000.0 1e+20 1.0 1000.0 0 0
118 10000.0 1e+20 1.0 1000.0 0 0
119 10000.0 1e+20 1.0 1000.0 0 0
120 10000.0 1e+20 1.0 1000.0 0 0
121 10000.0 1e+20 1.0 1000.0 0 0
122 10000.0 1e+20 1.0 1000.0 0 0
123 10000.0 1e+20 1.0 1000.0 0 0
124 10000.0 1e+20 1.0 1000.0 0 0
125 10000.0 1e+20 1.0 1000.0 0 0
126 10000.0 1e+20 1.0 1000.0 0 0
127 10000.0 1e+20 1.0 1000.0 0 0
128 10000.0 1e+20 1.0 1000.0 0 0
1010.10101010101
1 10000.099 1e+20 1.0 1000.0 0 0
2 10000.099 1e+20 1.0 1000.0 0 0
3 10000.099 1e+20 1.0 1000.0 0 0
4 10000.099 1e+20 1.0 1000.0 0 0
5 10000.099 1e+20 1.0 1000.0 0 0
6 10000.099 1e+20 1.0 1000.0 0 0
7 10000.099 1e+20 1.0 1000.0 0 0
8 10000.099 1e+20 1.0 1000.0 0 0
9 10000.099 1e+20 1.0 1000.0 0 0
10 10000.099 1e+20 1.0 1000.0 0 0
11 10000.099 1e+20 1.0 1000.0 0 0
12 10000.099 1e+20 1.0 1000.0 0 0
13 10000.099 1e+20 1.0 1000.0 0 0
14 10000.099 1e+20 1.0 1000.0 0 0
15 10000.099 1e+20 1.0 1000.0 0 0
16 10000.099 1e+20 1.0 1000.0 0 0
17 10000.099 1e+20 1.0 1000.0 0 0
18 10000.099 1e+20 1.0 1000.0 0 0
19 10000.099 1e+20 1.0 1000.0 0 0
20 10000.099 1e+20 1.0 1000.0 0 0
21 10000.099 1e+20 1.0 1000.0 0 0
22 10000.099 1e+20 1.0 1000.0 0 0
23 10000.099 1e+20 1.0 1000.0 0 0
24 10000.099 1e+20 1.0 1000.0 0 0
25 10000.099 1e+20 1.0 1000.0 0 0
26 10000.099 1e+20 1.0 1000.0 0 0
27 10000.099 1e+20 1.0 1000.0 0 0
28 10000.099 1e+20 1.0 1000.0 0 0
29 10000.099 1e+20 1.0 1000.0 0 0
30 10000.099 1e+20 1.0 1000.0 0 0
31 10000.099 1e+20 1.0 1000.0 0 0
32 10000.099 1e+20 1.0 1000.0 0 0
33 10000.099 1e+20 1.0 1000.0 0 0
34 10000.099 1e+20 1.0 1000.0 0 0
35 10000.099 1e+20 1.0 1000.0 0 0
36 10000.099 1e+20 1.0 1000.0 0 0
37 10000.099 1e+20 1.0 1000.0 0 0
38 10000.099 1e+20 1.0 1000.0 0 0
39 10000.099 1e+20 1.0 1000.0 0 0
40 10000.099 1e+20 1.0 1000.0 0 0
41 10000.099 1e+20 1.0 1000.0 0 0
42 10000.099 1e+20 1.0 1000.0 0 0
43 10000.099 1e+20 1.0 1000.0 0 0
44 10000.099 1e+20 1.0 1000.0 0 0
45 10000.099 1e+20 1.0 1000.0 0 0
46 10000.099 1e+20 1.0 1000.0 0 0
47 10000.099 1e+20 1.0 1000.0 0 0
48 10000.099 1e+20 1.0 1000.0 0 0
49 10000.099 1e+20 1.0 1000.0 0 0
50 10000.099 1e+20 1.0 1000.0 0 0
51 10000.099 1e+20 1.0 1000.0 0 0
52 10000.099 1e+20 1.0 1000.0 0 0
53 10000.099 1e+20 1.0 1000.0 0 0
54 10000.099 1e+20 1.0 1000.0 0 0
55 10000.099 1e+20 1.0 1000.0 0 0
56 10000.099 1e+20 1.0 1000.0 0 0
57 10000.099 1e+20 1.0 1000.0 0 0
58 10000.099 1e+20 1.0 1000.0 0 0
59 10000.099 1e+20 1.0 1000.0 0 0
60 10000.099 1e+20 1.0 1000.0 0 0
61 10000.099 1e+20 1.0 1000.0 0 0
62 10000.099 1e+20 1.0 1000.0 0 0
63 10000.099 1e+20 1.0 1000.0 0 0
64 10000.099 1e+20 1.0 1000.0 0 0
65 10000.099 1e+20 1.0 1000.0 0 0
66 10000.099 1e+20 1.0 1000.0 0 0
67 10000.099 1e+20 1.0 1000.0 0 0
68 10000.099 1e+20 1.0 1000.0 0 0
69 10000.099 1e+20 1.0 1000.0 0 0
70 10000.099 1e+20 1.0 1000.0 0 0
71 10000.099 1e+20 1.0 1000.0 0 0
72 10000.099 1e+20 1.0 1000.0 0 0
73 10000.099 1e+20 1.0 1000.0 0 0
74 10000.099 1e+20 1.0 1000.0 0 0
75 10000.099 1e+20 1.0 1000.0 0 0
76 10000.099 1e+20 1.0 1000.0 0 0
77 10000.099 1e+20 1.0 1000.0 0 0
78 10000.099 1e+20 1.0 1000.0 0 0
79 10000.099 1e+20 1.0 1000.0 0 0
80 10000.099 1e+20 1.0 1000.0 0 0
81 10000.099 1e+20 1.0 1000.0 0 0
82 10000.099 1e+20 1.0 1000.0 0 0
83 10000.099 1e+20 1.0 1000.0 0 0
84 10000.099 1e+20 1.0 1000.0 0 0
85 10000.099 1e+20 1.0 1000.0 0 0
86 10000.099 1e+20 1.0 1000.0 0 0
87 10000.099 1e+20 1.0 1000.0 0 0
88 10000.099 1e+20 1.0 1000.0 0 0
89 10000.099 1e+20 1.0 1000.0 0 0
90 10000.099 1e+20 1.0 1000.0 0 0
91 10000.099 1e+20 1.0 1000.0 0 0
92 10000.099 1e+20 1.0 1000.0 0 0
93 10000.099 1e+20 1.0 1000.0 0 0
94 10000.099 1e+20 1.0 1000.0 0 0
95 10000.099 1e+20 1.0 1000.0 0 0
96 10000.099 1e+20 1.0 1000.0 0 0
97 10000.099 1e+20 1.0 1000.0 0 0
98 10000.099 1e+20 1.0 1000.0 0 0
99 10000.099 1e+20 1.0 1000.0 0 0
100 10000.099 1e+20 1.0 1000.0 0 0
101 10000.099 1e+20 1.0 1000.0 0 0
102 10000.099 1e+20 1.0 1000.0 0 0
103 10000.099 1e+20 1.0 1000.0 0 0
104 10000.099 1e+20 1.0 1000.0 0 0
105 10000.099 1e+20 1.0 1000.0 0 0
106 10000.099 1e+20 1.0 1000.0 0 0
107 10000.099 1e+20 1.0 1000.0 0 0
108 10000.099 1e+20 1.0 1000.0 0 0
109 10000.099 1e+20 1.0 1000.0 0 0
110 10000.099 1e+20 1.0 1000.0 0 0
111 10000.099 1e+20 1.0 1000.0 0 0
112 10000.099 1e+20 1.0 1000.0 0 0
113 10000.099 1e+20 1.0 1000.0 0 0
114 10000.099 1e+20 1.0 1000.0 0 0
115 10000.099 1e+20 1.0 1000.0 0 0
116 10000.099 1e+20 1.0 1000.0 0 0
117 10000.099 1e+20 1.0 1000.0 0 0
118 10000.099 1e+20 1.0 1000.0 0 0
119 10000.099 1e+20 1.0 1000.0 0 0
120 10000.099 1e+20 1.0 1000.0 0 0
121 10000.099 1e+20 1.0 1000.0 0 0
122 10000.099 1e+20 1.0 1000.0 0 0
123 10000.099 1e+20 1.0 1000.0 0 0
124 10000.099 1e+20 1.0 1000.0 0 0
125 10000.099 1e+20 1.0 1000.0 0 0
126 10000.099 1e+20 1.0 1000.0 0 0
127 10000.099 1e+20 1.0 1000.0 0 0
128 10000.099 1e+20 1.0 1000.0 0 0
2020.20202020202
1 10000.198 1e+20 1.0 1000.0 0 0
2 10000.198 1e+20 1.0 1000.0 0 0
3 10000.198 1e+20 1.0 1000.0 0 0
4 10000.198 1e+20 1.0 1000.0 0 0
5 10000.198 1e+20 1.0 1000.0 0 0
6 10000.198 1e+20 1.0 1000.0 0 0
7 10000.198 1e+20 1.0 1000.0 0 0
8 10000.198 1e+20 1.0 1000.0 0 0
9 10000.198 1e+20 1.0 1000.0 0 0
10 10000.198 1e+20 1.0 1000.0 0 0
11 10000.198 1e+20 1.0 1000.0 0 0
12 10000.198 1e+20 1.0 1000.0 0 0
13 10000.198 1e+20 1.0 1000.0 0 0
14 10000.198 1e+20 1.0 1000.0 0 0
15 10000.198 1e+20 1.0 1000.0 0 0
16 10000.198 1e+20 1.0 1000.0 0 0
17 10000.198 1e+20 1.0 1000.0 0 0
18 10000.198 1e+20 1.0 1000.0 0 0
19 10000.198 1e+20 1.0 1000.0 0 0
20 10000.198 1e+20 1.0 1000.0 0 0
21 10000.198 1e+20 1.0 1000.0 0 0
22 10000.198 1e+20 1.0 1000.0 0 0
23 10000.198 1e+20 1.0 1000.0 0 0
24 10000.198 1e+20 1.0 1000.0 0 0
25 10000.198 1e+20 1.0 1000.0 0 0
26 10000.198 1e+20 1.0 1000.0 0 0
27 10000.198 1e+20 1.0 1000.0 0 0
28 10000.198 1e+20 1.0 1000.0 0 0
29 10000.198 1e+20 1.0 1000.0 0 0
30 10000.198 1e+20 1.0 1000.0 0 0
31 10000.198 1e+20 1.0 1000.0 0 0
32 10000.198 1e+20 1.0 1000.0 0 0
33 10000.198 1e+20 1.0 1000.0 0 0
34 10000.198 1e+20 1.0 1000.0 0 0
35 10000.198 1e+20 1.0 1000.0 0 0
36 10000.198 1e+20 1.0 1000.0 0 0
37 10000.198 1e+20 1.0 1000.0 0 0
38 10000.198 1e+20 1.0 1000.0 0 0
39 10000.198 1e+20 1.0 1000.0 0 0
40 10000.198 1e+20 1.0 1000.0 0 0
41 10000.198 1e+20 1.0 1000.0 0 0
42 10000.198 1e+20 1.0 1000.0 0 0
43 10000.198 1e+20 1.0 1000.0 0 0
44 10000.198 1e+20 1.0 1000.0 0 0
45 10000.198 1e+20 1.0 1000.0 0 0
46 10000.198 1e+20 1.0 1000.0 0 0
47 10000.198 1e+20 1.0 1000.0 0 0
48 10000.198 1e+20 1.0 1000.0 0 0
49 10000.198 1e+20 1.0 1000.0 0 0
50 10000.198 1e+20 1.0 1000.0 0 0
51 10000.198 1e+20 1.0 1000.0 0 0
52 10000.198 1e+20 1.0 1000.0 0 0
53 10000.198 1e+20 1.0 1000.0 0 0
54 10000.198 1e+20 1.0 1000.0 0 0
55 10000.198 1e+20 1.0 1000.0 0 0
56 10000.198 1e+20 1.0 1000.0 0 0
57 10000.198 1e+20 1.0 1000.0 0 0
58 10000.198 1e+20 1.0 1000.0 0 0
59 10000.198 1e+20 1.0 1000.0 0 0
60 10000.198 1e+20 1.0 1000.0 0 0
61 10000.198 1e+20 1.0 1000.0 0 0
62 10000.198 1e+20 1.0 1000.0 0 0
63 10000.198 1e+20 1.0 1000.0 0 0
64 10000.198 1e+20 1.0 1000.0 0 0
65 10000.198 1e+20 1.0 1000.0 0 0
66 10000.198 1e+20 1.0 1000.0 0 0
67 10000.198 1e+20 1.0 1000.0 0 0
68 10000.198 1e+20 1.0 1000.0 0 0
69 10000.198 1e+20 1.0 1000.0 0 0
70 10000.198 1e+20 1.0 1000.0 0 0
71 10000.198 1e+20 1.0 1000.0 0 0
72 10000.198 1e+20 1.0 1000.0 0 0
73 10000.198 1e+20 1.0 1000.0 0 0
74 10000.198 1e+20 1.0 1000.0 0 0
75 10000.198 1e+20 1.0 1000.0 0 0
76 10000.198 1e+20 1.0 1000.0 0 0
77 10000.198 1e+20 1.0 1000.0 0 0
78 10000.198 1e+20 1.0 1000.0 0 0
79 10000.198 1e+20 1.0 1000.0 0 0
80 10000.198 1e+20 1.0 1000.0 0 0
81 10000.198 1e+20 1.0 1000.0 0 0
82 10000.198 1e+20 1.0 1000.0 0 0
83 10000.198 1e+20 1.0 1000.0 0 0
84 10000.198 1e+20 1.0 1000.0 0 0
85 10000.198 1e+20 1.0 1000.0 0 0
86 10000.198 1e+20 1.0 1000.0 0 0
87 10000.198 1e+20 1.0 1000.0 0 0
88 10000.198 1e+20 1.0 1000.0 0 0
89 10000.198 1e+20 1.0 1000.0 0 0
90 10000.198 1e+20 1.0 1000.0 0 0
91 10000.198 1e+20 1.0 1000.0 0 0
92 10000.198 1e+20 1.0 1000.0 0 0
93 10000.198 1e+20 1.0 1000.0 0 0
94 10000.198 1e+20 1.0 1000.0 0 0
95 10000.198 1e+20 1.0 1000.0 0 0
96 10000.198 1e+20 1.0 1000.0 0 0
97 10000.198 1e+20 1.0 1000.0 0 0
98 10000.198 1e+20 1.0 1000.0 0 0
99 10000.198 1e+20 1.0 1000.0 0 0
100 10000.198 1e+20 1.0 1000.0 0 0
101 10000.198 1e+20 1.0 1000.0 0 0
102 10000.198 1e+20 1.0 1000.0 0 0
103 10000.198 1e+20 1.0 1000.0 0 0
104 10000.198 1e+20 1.0 1000.0 0 0
105 10000.198 1e+20 1.0 1000.0 0 0
106 10000.198 1e+20 1.0 1000.0 0 0
107 10000.198 1e+20 1.0 1000.0 0 0
108 10000.198 1e+20 1.0 1000.0 0 0
109 10000.198 1e+20 1.0 1000.0 0 0
110 10000.198 1e+20 1.0 1000.0 0 0
111 10000.198 1e+20 1.0 1000.0 0 0
112 10000.198 1e+20 1.0 1000.0 0 0
113 10000.198 1e+20 1.0 1000.0 0 0
114 10000.198 1e+20 1.0 1000.0 0 0
115 10000.198 1e+20 1.0 1000.0 0 0
116 10000.198 1e+20 1.0 1000.0 0 0
117 10000.198 1e+20 1.0 1000.0 0 0
118 10000.198 1e+20 1.0 1000.0 0 0
119 10000.198 1e+20 1.0 1000.0 0 0
120 10000.198 1e+20 1.0 1000.0 0 0
121 10000.198 1e+20 1.0 1000.0 0 0
122 10000.198 1e+20 1.0 1000.0 0 0
123 10000.198 1e+20 1.0 1000.0 0 0
124 10000.198 1e+20 1.0 1000.0 0 0
125 10000.198 1e+20 1.0 1000.0 0 0
126 10000.198 1e+20 1.0 1000.0 0 0
127 10000.198 1e+20 1.0 1000.0 0 0
128 10000.198 1e+20 1.0 1000.0 0 0
3030.30303030303
1 10000.297 1e+20 1.0 1000.0 0 0
2 10000.297 1e+20 1.0 1000.0 0 0
3 10000.297 1e+20 1.0 1000.0 0 0
4 10000.297 1e+20 1.0 1000.0 0 0
5 10000.297 1e+20 1.0 1000.0 0 0
6 10000.297 1e+20 1.0 1000.0 0 0
7 10000.297 1e+20 1.0 1000.0 0 0
8 10000.297 1e+20 1.0 1000.0 0 0
9 10000.297 1e+20 1.0 1000.0 0 0
10 10000.297 1e+20 1.0 1000.0 0 0
11 10000.297 1e+20 1.0 1000.0 0 0
12 10000.297 1e+20 1.0 1000.0 0 0
13 10000.297 1e+20 1.0 1000.0 0 0
14 10000.297 1e+20 1.0 1000.0 0 0
15 10000.297 1e+20 1.0 1000.0 0 0
16 10000.297 1e+20 1.0 1000.0 0 0
17 10000.297 1e+20 1.0 1000.0 0 0
18 10000.297 1e+20 1.0 1000.0 0 0
19 10000.297 1e+20 1.0 1000.0 0 0
20 10000.297 1e+20 1.0 1000.0 0 0
21 10000.297 1e+20 1.0 1000.0 0 0
22 10000.297 1e+20 1.0 1000.0 0 0
23 10000.297 1e+20 1.0 1000.0 0 0
24 10000.297 1e+20 1.0 1000.0 0 0
25 10000.297 1e+20 1.0 1000.0 0 0
26 10000.297 1e+20 1.0 1000.0 0 0
27 10000.297 1e+20 1.0 1000.0 0 0
28 10000.297 1e+20 1.0 1000.0 0 0
29 10000.297 1e+20 1.0 1000.0 0 0
30 10000.297 1e+20 1.0 1000.0 0 0
31 10000.297 1e+20 1.0 1000.0 0 0
32 10000.297 1e+20 1.0 1000.0 0 0
33 10000.297 1e+20 1.0 1000.0 0 0
34 10000.297 1e+20 1.0 1000.0 0 0
35 10000.297 1e+20 1.0 1000.0 0 0
36 10000.297 1e+20 1.0 1000.0 0 0
37 10000.297 1e+20 1.0 1000.0 0 0
38 10000.297 1e+20 1.0 1000.0 0 0
39 10000.297 1e+20 1.0 1000.0 0 0
40 10000.297 1e+20 1.0 1000.0 0 0
41 10000.297 1e+20 1.0 1000.0 0 0
42 10000.297 1e+20 1.0 1000.0 0 0
43 10000.297 1e+20 1.0 1000.0 0 0
44 10000.297 1e+20 1.0 1000.0 0 0
45 10000.297 1e+20 1.0 1000.0 0 0
46 10000.297 1e+20 1.0 1000.0 0 0
47 10000.297 1e+20 1.0 1000.0 0 0
48 10000.297 1e+20 1.0 1000.0 0 0
49 10000.297 1e+20 1.0 1000.0 0 0
50 10000.297 1e+20 1.0 1000.0 0 0
51 10000.297 1e+20 1.0 1000.0 0 0
52 10000.297 1e+20 1.0 1000.0 0 0
53 10000.297 1e+20 1.0 1000.0 0 0
54 10000.297 1e+20 1.0 1000.0 0 0
55 10000.297 1e+20 1.0 1000.0 0 0
56 10000.297 1e+20 1.0 1000.0 0 0
57 10000.297 1e+20 1.0 1000.0 0 0
58 10000.297 1e+20 1.0 1000.0 0 0
59 10000.297 1e+20 1.0 1000.0 0 0
60 10000.297 1e+20 1.0 1000.0 0 0
61 10000.297 1e+20 1.0 1000.0 0 0
62 10000.297 1e+20 1.0 1000.0 0 0
63 10000.297 1e+20 1.0 1000.0 0 0
64 10000.297 1e+20 1.0 1000.0 0 0
65 10000.297 1e+20 1.0 1000.0 0 0
66 10000.297 1e+20 1.0 1000.0 0 0
67 10000.297 1e+20 1.0 1000.0 0 0
68 10000.297 1e+20 1.0 1000.0 0 0
69 10000.297 1e+20 1.0 1000.0 0 0
70 10000.297 1e+20 1.0 1000.0 0 0
71 10000.297 1e+20 1.0 1000.0 0 0
72 10000.297 1e+20 1.0 1000.0 0 0
73 10000.297 1e+20 1.0 1000.0 0 0
74 10000.297 1e+20 1.0 1000.0 0 0
75 10000.297 1e+20 1.0 1000.0 0 0
76 10000.297 1e+20 1.0 1000.0 0 0
77 10000.297 1e+20 1.0 1000.0 0 0
78 10000.297 1e+20 1.0 1000.0 0 0
79 10000.297 1e+20 1.0 1000.0 0 0
80 10000.297 1e+20 1.0 1000.0 0 0
81 10000.297 1e+20 1.0 1000.0 0 0
82 10000.297 1e+20 1.0 1000.0 0 0
83 10000.297 1e+20 1.0 1000.0 0 0
84 10000.297 1e+20 1.0 1000.0 0 0
85 10000.297 1e+20 1.0 1000.0 0 0
86 10000.297 1e+20 1.0 1000.0 0 0
87 10000.297 1e+20 1.0 1000.0 0 0
88 10000.297 1e+20 1.0 1000.0 0 0
89 10000.297 1e+20 1.0 1000.0 0 0
90 10000.297 1e+20 1.0 1000.0 0 0
91 10000.297 1e+20 1.0 1000.0 0 0
92 10000.297 1e+20 1.0 1000.0 0 0
93 10000.297 1e+20 1.0 1000.0 0 0
94 10000.297 1e+20 1.0 1000.0 0 0
95 10000.297 1e+20 1.0 1000.0 0 0
96 10000.297 1e+20 1.0 1000.0 0 0
97 10000.297 1e+20 1.0 1000.0 0 0
98 10000.297 1e+20 1.0 1000.0 0 0
99 10000.297 1e+20 1.0 1000.0 0 0
100 10000.297 1e+20 1.0 1000.0 0 0
101 10000.297 1e+20 1.0 1000.0 0 0
102 10000.297 1e+20 1.0 1000.0 0 0
103 10000.297 1e+20 1.0 1000.0 0 0
104 10000.297 1e+20 1.0 1000.0 0 0
105 10000.297 1e+20 1.0 1000.0 0 0
106 10000.297 1e+20 1.0 1000.0 0 0
107 10000.297 1e+20 1.0 1000.0 0 0
108 10000.297 1e+20 1.0 1000.0 0 0
109 10000.297 1e+20 1.0 1000.0 0 0
110 10000.297 1e+20 1.0 1000.0 0 0
111 10000.297 1e+20 1.0 1000.0 0 0
112 10000.297 1e+20 1.0 1000.0 0 0
113 10000.297 1e+20 1.0 1000.0 0 0
114 10000.297 1e+20 1.0 1000.0 0 0
115 10000.297 1e+20 1.0 1000.0 0 0
116 10000.297 1e+20 1.0 1000.0 0 0
117 10000.297 1e+20 1.0 1000.0 0 0
118 10000.297 1e+20 1.0 1000.0 0 0
119 10000.297 1e+20 1.0 1000.0 0 0
120 10000.297 1e+20 1.0 1000.0 0 0
121 10000.297 1e+20 1.0 1000.0 0 0
122 10000.297 1e+20 1.0 1000.0 0 0
123 10000.297 1e+20 1.0 1000.0 0 0
124 10000.297 1e+20 1.0 1000.0 0 0
125 10000.297 1e+20 1.0 1000.0 0 0
126 10000.297 1e+20 1.0 1000.0 0 0
127 10000.297 1e+20 1.0 1000.0 0 0
128 10000.297 1e+20 1.0 1000.0 0 0
4040.40404040404
1 10000.396 1e+20 1.0 1000.0 0 0
2 10000.396 1e+20 1.0 1000.0 0 0
3 10000.396 1e+20 1.0 1000.0 0 0
4 10000.396 1e+20 1.0 1000.0 0 0
5 10000.396 1e+20 1.0 1000.0 0 0
6 10000.396 1e+20 1.0 1000.0 0 0
7 10000.396 1e+20 1.0 1000.0 0 0
8 10000.396 1e+20 1.0 1000.0 0 0
9 10000.396 1e+20 1.0 1000.0 0 0
10 10000.396 1e+20 1.0 1000.0 0 0
11 10000.396 1e+20 1.0 1000.0 0 0
12 10000.396 1e+20 1.0 1000.0 0 0
13 10000.396 1e+20 1.0 1000.0 0 0
14 10000.396 1e+20 1.0 1000.0 0 0
15 10000.396 1e+20 1.0 1000.0 0 0
16 10000.396 1e+20 1.0 1000.0 0 0
17 10000.396 1e+20 1.0 1000.0 0 0
18 10000.396 1e+20 1.0 1000.0 0 0
19 10000.396 1e+20 1.0 1000.0 0 0
20 10000.396 1e+20 1.0 1000.0 0 0
21 10000.396 1e+20 1.0 1000.0 0 0
22 10000.396 1e+20 1.0 1000.0 0 0
23 10000.396 1e+20 1.0 1000.0 0 0
24 10000.396 1e+20 1.0 1000.0 0 0
25 10000.396 1e+20 1.0 1000.0 0 0
26 10000.396 1e+20 1.0 1000.0 0 0
27 10000.396 1e+20 1.0 1000.0 0 0
28 10000.396 1e+20 1.0 1000.0 0 0
29 10000.396 1e+20 1.0 1000.0 0 0
30 10000.396 1e+20 1.0 1000.0 0 0
31 10000.396 1e+20 1.0 1000.0 0 0
32 10000.396 1e+20 1.0 1000.0 0 0
33 10000.396 1e+20 1.0 1000.0 0 0
34 10000.396 1e+20 1.0 1000.0 0 0
35 10000.396 1e+20 1.0 1000.0 0 0
36 10000.396 1e+20 1.0 1000.0 0 0
37 10000.396 1e+20 1.0 1000.0 0 0
38 10000.396 1e+20 1.0 1000.0 0 0
39 10000.396 1e+20 1.0 1000.0 0 0
40 10000.396 1e+20 1.0 1000.0 0 0
41 10000.396 1e+20 1.0 1000.0 0 0
42 10000.396 1e+20 1.0 1000.0 0 0
43 10000.396 1e+20 1.0 1000.0 0 0
44 10000.396 1e+20 1.0 1000.0 0 0
45 10000.396 1e+20 1.0 1000.0 0 0
46 10000.396 1e+20 1.0 1000.0 0 0
47 10000.396 1e+20 1.0 1000.0 0 0
48 10000.396 1e+20 1.0 1000.0 0 0
49 10000.396 1e+20 1.0 1000.0 0 0
50 10000.396 1e+20 1.0 1000.0 0 0
51 10000.396 1e+20 1.0 1000.0 0 0
52 10000.396 1e+20 1.0 1000.0 0 0
53 10000.396 1e+20 1.0 1000.0 0 0
54 10000.396 1e+20 1.0 1000.0 0 0
55 10000.396 1e+20 1.0 1000.0 0 0
56 10000.396 1e+20 1.0 1000.0 0 0
57 10000.396 1e+20 1.0 1000.0 0 0
58 10000.396 1e+20 1.0 1000.0 0 0
59 10000.396 1e+20 1.0 1000.0 0 0
60 10000.396 1e+20 1.0 1000.0 0 0
61 10000.396 1e+20 1.0 1000.0 0 0
62 10000.396 1e+20 1.0 1000.0 0 0
63 10000.396 1e+20 1.0 1000.0 0 0
64 10000.396 1e+20 1.0 1000.0 0 0
65 10000.396 1e+20 1.0 1000.0 0 0
66 10000.396 1e+20 1.0 1000.0 0 0
67 10000.396 1e+20 1.0 1000.0 0 0
68 10000.396 1e+20 1.0 1000.0 0 0
69 10000.396 1e+20 1.0 1000.0 0 0
70 10000.396 1e+20 1.0 1000.0 0 0
71 10000.396 1e+20 1.0 1000.0 0 0
72 10000.396 1e+20 1.0 1000.0 0 0
73 10000.396 1e+20 1.0 1000.0 0 0
74 10000.396 1e+20 1.0 1000.0 0 0
75 10000.396 1e+20 1.0 1000.0 0 0
76 10000.396 1e+20 1.0 1000.0 0 0
77 10000.396 1e+20 1.0 1000.0 0 0
78 10000.396 1e+20 1.0 1000.0 0 0
79 10000.396 1e+20 1.0 1000.0 0 0
80 10000.396 1e+20 1.0 1000.0 0 0
81 10000.396 1e+20 1.0 1000.0 0 0
82 10000.396 1e+20 1.0 1000.0 0 0
83 10000.396 1e+20 1.0 1000.0 0 0
84 10000.396 1e+20 1.0 1000.0 0 0
85 10000.396 1e+20 1.0 1000.0 0 0
86 10000.396 1e+20 1.0 1000.0 0 0
87 10000.396 1e+20 1.0 1000.0 0 0
88 10000.396 1e+20 1.0 1000.0 0 0
89 10000.396 1e+20 1.0 1000.0 0 0
90 10000.396 1e+20 1.0 1000.0 0 0
91 10000.396 1e+20 1.0 1000.0 0 0
92 10000.396 1e+20 1.0 1000.0 0 0
93 10000.396 1e+20 1.0 1000.0 0 0
94 10000.396 1e+20 1.0 1000.0 0 0
95 10000.396 1e+20 1.0 1000.0 0 0
96 10000.396 1e+20 1.0 1000.0 0 0
97 10000.396 1e+20 1.0 1000.0 0 0
98 10000.396 1e+20 1.0 1000.0 0 0
99 10000.396 1e+20 1.0 1000.0 0 0
100 10000.396 1e+20 1.0 1000.0 0 0
101 10000.396 1e+20 1.0 1000.0 0 0
102 10000.396 1e+20 1.0 1000.0 0 0
103 10000.396 1e+20 1.0 1000.0 0 0
104 10000.396 1e+20 1.0 1000.0 0 0
105 10000.396 1e+20 1.0 1000.0 0 0
106 10000.396 1e+20 1.0 1000.0 0 0
107 10000.396 1e+20 1.0 1000.0 0 0
108 10000.396 1e+20 1.0 1000.0 0 0
109 10000.396 1e+20 1.0 1000.0 0 0
110 10000.396 1e+20 1.0 1000.0 0 0
111 10000.396 1e+20 1.0 1000.0 0 0
112 10000.396 1e+20 1.0 1000.0 0 0
113 10000.396 1e+20 1.0 1000.0 0 0
114 10000.396 1e+20 1.0 1000.0 0 0
115 10000.396 1e+20 1.0 1000.0 0 0
116 10000.396 1e+20 1.0 1000.0 0 0
117 10000.396 1e+20 1.0 1000.0 0 0
118 10000.396 1e+20 1.0 1000.0 0 0
119 10000.396 1e+20 1.0 1000.0 0 0
120 10000.396 1e+20 1.0 1000.0 0 0
121 10000.396 1e+20 1.0 1000.0 0 0
122 10000.396 1e+20 1.0 1000.0 0 0
123 10000.396 1e+20 1.0 1000.0 0 0
124 10000.396 1e+20 1.0 1000.0 0 0
125 10000.396 1e+20 1.0 1000.0 0 0
126 10000.396 1e+20 1.0 1000.0 0 0
127 10000.396 1e+20 1.0 1000.0 0 0
128 10000.396 1e+20 1.0 1000.0 0 0
5050.50505050505
1 10000.495 1e+20 1.0 1000.0 0 0
2 10000.495 1e+20 1.0 1000.0 0 0
3 10000.495 1e+20 1.0 1000.0 0 0
4 10000.495 1e+20 1.0 1000.0 0 0
5 10000.495 1e+20 1.0 1000.0 0 0
6 10000.495 1e+20 1.0 1000.0 0 0
7 10000.495 1e+20 1.0 1000.0 0 0
8 10000.495 1e+20 1.0 1000.0 0 0
9 10000.495 1e+20 1.0 1000.0 0 0
10 10000.495 1e+20 1.0 1000.0 0 0
11 10000.495 1e+20 1.0 1000.0 0 0
12 10000.495 1e+20 1.0 1000.0 0 0
13 10000.495 1e+20 1.0 1000.0 0 0
14 10000.495 1e+20 1.0 1000.0 0 0
15 10000.495 1e+20 1.0 1000.0 0 0
16 10000.495 1e+20 1.0 1000.0 0 0
17 10000.495 1e+20 1.0 1000.0 0 0
18 10000.495 1e+20 1.0 1000.0 0 0
19 10000.495 1e+20 1.0 1000.0 0 0
20 10000.495 1e+20 1.0 1000.0 0 0
21 10000.495 1e+20 1.0 1000.0 0 0
22 10000.495 1e+20 1.0 1000.0 0 0
23 10000.495 1e+20 1.0 1000.0 0 0
24 10000.495 1e+20 1.0 1000.0 0 0
25 10000.495 1e+20 1.0 1000.0 0 0
26 10000.495 1e+20 1.0 1000.0 0 0
27 10000.495 1e+20 1.0 1000.0 0 0
28 10000.495 1e+20 1.0 1000.0 0 0
29 10000.495 1e+20 1.0 1000.0 0 0
30 10000.495 1e+20 1.0 1000.0 0 0
31 10000.495 1e+20 1.0 1000.0 0 0
32 10000.495 1e+20 1.0 1000.0 0 0
33 10000.495 1e+20 1.0 1000.0 0 0
34 10000.495 1e+20 1.0 1000.0 0 0
35 10000.495 1e+20 1.0 1000.0 0 0
36 10000.495 1e+20 1.0 1000.0 0 0
37 10000.495 1e+20 1.0 1000.0 0 0
38 10000.495 1e+20 1.0 1000.0 0 0
39 10000.495 1e+20 1.0 1000.0 0 0
40 10000.495 1e+20 1.0 1000.0 0 0
41 10000.495 1e+20 1.0 1000.0 0 0
42 10000.495 1e+20 1.0 1000.0 0 0
43 10000.495 1e+20 1.0 1000.0 0 0
44 10000.495 1e+20 1.0 1000.0 0 0
45 10000.495 1e+20 1.0 1000.0 0 0
46 10000.495 1e+20 1.0 1000.0 0 0
47 10000.495 1e+20 1.0 1000.0 0 0
48 10000.495 1e+20 1.0 1000.0 0 0
49 10000.495 1e+20 1.0 1000.0 0 0
50 10000.495 1e+20 1.0 1000.0 0 0
51 10000.495 1e+20 1.0 1000.0 0 0
52 10000.495 1e+20 1.0 1000.0 0 0
53 10000.495 1e+20 1.0 1000.0 0 0
54 10000.495 1e+20 1.0 1000.0 0 0
55 10000.495 1e+20 1.0 1000.0 0 0
56 10000.495 1e+20 1.0 1000.0 0 0
57 10000.495 1e+20 1.0 1000.0 0 0
58 10000.495 1e+20 1.0 1000.0 0 0
59 10000.495 1e+20 1.0 1000.0 0 0
60 10000.495 1e+20 1.0 1000.0 0 0
61 10000.495 1e+20 1.0 1000.0 0 0
62 10000.495 1e+20 1.0 1000.0 0 0
63 10000.495 1e+20 1.0 1000.0 0 0
64 10000.495 1e+20 1.0 1000.0 0 0
65 10000.495 1e+20 1.0 1000.0 0 0
66 10000.495 1e+20 1.0 1000.0 0 0
67 10000.495 1e+20 1.0 1000.0 0 0
68 10000.495 1e+20 1.0 1000.0 0 0
69 10000.495 1e+20 1.0 1000.0 0 0
70 10000.495 1e+20 1.0 1000.0 0 0
71 10000.495 1e+20 1.0 1000.0 0 0
72 10000.495 1e+20 1.0 1000.0 0 0
73 10000.495 1e+20 1.0 1000.0 0 0
74 10000.495 1e+20 1.0 1000.0 0 0
75 10000.495 1e+20 1.0 1000.0 0 0
76 10000.495 1e+20 1.0 1000.0 0 0
77 10000.495 1e+20 1.0 1000.0 0 0
78 10000.495 1e+20 1.0 1000.0 0 0
79 10000.495 1e+20 1.0 1000.0 0 0
80 10000.495 1e+20 1.0 1000.0 0 0
81 10000.495 1e+20 1.0 1000.0 0 0
82 10000.495 1e+20 1.0 1000.0 0 0
83 10000.495 1e+20 1.0 1000.0 0 0
84 10000.495 1e+20 1.0 1000.0 0 0
85 10000.495 1e+20 1.0 1000.0 0 0
86 10000.495 1e+20 1.0 1000.0 0 0
87 10000.495 1e+20 1.0 1000.0 0 0
88 10000.495 1e+20 1.0 1000.0 0 0
89 10000.495 1e+20 1.0 1000.0 0 0
90 10000.495 1e+20 1.0 1000.0 0 0
91 10000.495 1e+20 1.0 1000.0 0 0
92 10000.495 1e+20 1.0 1000.0 0 0
93 10000.495 1e+20 1.0 1000.0 0 0
94 10000.495 1e+20 1.0 1000.0 0 0
95 10000.495 1e+20 1.0 1000.0 0 0
96 10000.495 1e+20 1.0 1000.0 0 0
97 10000.495 1e+20 1.0 1000.0 0 0
98 10000.495 1e+20 1.0 1000.0 0 0
99 10000.495 1e+20 1.0 1000.0 0 0
100 10000.495 1e+20 1.0 1000.0 0 0
101 10000.495 1e+20 1.0 1000.0 0 0
102 10000.495 1e+20 1.0 1000.0 0 0
103 10000.495 1e+20 1.0 1000.0 0 0
104 10000.495 1e+20 1.0 1000.0 0 0
105 10000.495 1e+20 1.0 1000.0 0 0
106 10000.495 1e+20 1.0 1000.0 0 0
107 10000.495 1e+20 1.0 1000.0 0 0
108 10000.495 1e+20 1.0 1000.0 0 0
109 10000.495 1e+20 1.0 1000.0 0 0
110 10000.495 1e+20 1.0 1000.0 0 0
111 10000.495 1e+20 1.0 1000.0 0 0
112 10000.495 1e+20 1.0 1000.0 0 0
113 10000.495 1e+20 1.0 1000.0 0 0
114 10000.495 1e+20 1.0 1000.0 0 0
115 10000.495 1e+20 1.0 1000.0 0 0
116 10000.495 1e+20 1.0 1000.0 0 0
117 10000.495 1e+20 1.0 1000.0 0 0
118 10000.495 1e+20 1.0 1000.0 0 0
119 10000.495 1e+20 1.0 1000.0 0 0
120 10000.495 1e+20 1.0 1000.0 0 0
121 10000.495 1e+20 1.0 1000.0 0 0
122 10000.495 1e+20 1.0 1000.0 0 0
123 10000.495 1e+20 1.0 1000.0 0 0
124 10000.495 1e+20 1.0 1000.0 0 0
125 10000.495 1e+20 1.0 1000.0 0 0
126 10000.495 1e+20 1.0 1000.0 0 0
127 10000.495 1e+20 1.0 1000.0 0 0
128 10000.495 1e+20 1.0 1000.0 0 0
6060.60606060606
1 10000.594 1e+20 1.0 1000.0 0 0
2 10000.594 1e+20 1.0 1000.0 0 0
3 10000.594 1e+20 1.0 1000.0 0 0
4 10000.594 1e+20 1.0 1000.0 0 0
5 10000.594 1e+20 1.0 1000.0 0 0
6 10000.594 1e+20 1.0 1000.0 0 0
7 10000.594 1e+20 1.0 1000.0 0 0
8 10000.594 1e+20 1.0 1000.0 0 0
9 10000.594 1e+20 1.0 1000.0 0 0
10 10000.594 1e+20 1.0 1000.0 0 0
11 10000.594 1e+20 1.0 1000.0 0 0
12 10000.594 1e+20 1.0 1000.0 0 0
13 10000.594 1e+20 1.0 1000.0 0 0
14 10000.594 1e+20 1.0 1000.0 0 0
15 10000.594 1e+20 1.0 1000.0 0 0
16 10000.594 1e+20 1.0 1000.0 0 0
17 10000.594 1e+20 1.0 1000.0 0 0
18 10000.594 1e+20 1.0 1000.0 0 0
19 10000.594 1e+20 1.0 1000.0 0 0
20 10000.594 1e+20 1.0 1000.0 0 0
21 10000.594 1e+20 1.0 1000.0 0 0
22 10000.594 1e+20 1.0 1000.0 0 0
23 10000.594 1e+20 1.0 1000.0 0 0
24 10000.594 1e+20 1.0 1000.0 0 0
25 10000.594 1e+20 1.0 1000.0 0 0
26 10000.594 1e+20 1.0 1000.0 0 0
27 10000.594 1e+20 1.0 1000.0 0 0
28 10000.594 1e+20 1.0 1000.0 0 0
29 10000.594 1e+20 1.0 1000.0 0 0
30 10000.594 1e+20 1.0 1000.0 0 0
31 10000.594 1e+20 1.0 1000.0 0 0
32 10000.594 1e+20 1.0 1000.0 0 0
33 10000.594 1e+20 1.0 1000.0 0 0
34 10000.594 1e+20 1.0 1000.0 0 0
35 10000.594 1e+20 1.0 1000.0 0 0
36 10000.594 1e+20 1.0 1000.0 0 0
37 10000.594 1e+20 1.0 1000.0 0 0
38 10000.594 1e+20 1.0 1000.0 0 0
39 10000.594 1e+20 1.0 1000.0 0 0
40 10000.594 1e+20 1.0 1000.0 0 0
41 10000.594 1e+20 1.0 1000.0 0 0
42 10000.594 1e+20 1.0 1000.0 0 0
43 10000.594 1e+20 1.0 1000.0 0 0
44 10000.594 1e+20 1.0 1000.0 0 0
45 10000.594 1e+20 1.0 1000.0 0 0
46 10000.594 1e+20 1.0 1000.0 0 0
47 10000.594 1e+20 1.0 1000.0 0 0
48 10000.594 1e+20 1.0 1000.0 0 0
49 10000.594 1e+20 1.0 1000.0 0 0
50 10000.594 1e+20 1.0 1000.0 0 0
51 10000.594 1e+20 1.0 1000.0 0 0
52 10000.594 1e+20 1.0 1000.0 0 0
53 10000.594 1e+20 1.0 1000.0 0 0
54 10000.594 1e+20 1.0 1000.0 0 0
55 10000.594 1e+20 1.0 1000.0 0 0
56 10000.594 1e+20 1.0 1000.0 0 0
57 10000.594 1e+20 1.0 1000.0 0 0
58 10000.594 1e+20 1.0 1000.0 0 0
59 10000.594 1e+20 1.0 1000.0 0 0
60 10000.594 1e+20 1.0 1000.0 0 0
61 10000.594 1e+20 1.0 1000.0 0 0
62 10000.594 1e+20 1.0 1000.0 0 0
63 10000.594 1e+20 1.0 1000.0 0 0
64 10000.594 1e+20 1.0 1000.0 0 0
65 10000.594 1e+20 1.0 1000.0 0 0
66 10000.594 1e+20 1.0 1000.0 0 0
67 10000.594 1e+20 1.0 1000.0 0 0
68 10000.594 1e+20 1.0 1000.0 0 0
69 10000.594 1e+20 1.0 1000.0 0 0
70 10000.594 1e+20 1.0 1000.0 0 0
71 10000.594 1e+20 1.0 1000.0 0 0
72 10000.594 1e+20 1.0 1000.0 0 0
73 10000.594 1e+20 1.0 1000.0 0 0
74 10000.594 1e+20 1.0 1000.0 0 0
75 10000.594 1e+20 1.0 1000.0 0 0
76 10000.594 1e+20 1.0 1000.0 0 0
77 10000.594 1e+20 1.0 1000.0 0 0
78 10000.594 1e+20 1.0 1000.0 0 0
79 10000.594 1e+20 1.0 1000.0 0 0
80 10000.594 1e+20 1.0 1000.0 0 0
81 10000.594 1e+20 1.0 1000.0 0 0
82 10000.594 1e+20 1.0 1000.0 0 0
83 10000.594 1e+20 1.0 1000.0 0 0
84 10000.594 1e+20 1.0 1000.0 0 0
85 10000.594 1e+20 1.0 1000.0 0 0
86 10000.594 1e+20 1.0 1000.0 0 0
87 10000.594 1e+20 1.0 1000.0 0 0
88 10000.594 1e+20 1.0 1000.0 0 0
89 10000.594 1e+20 1.0 1000.0 0 0
90 10000.594 1e+20 1.0 1000.0 0 0
91 10000.594 1e+20 1.0 1000.0 0 0
92 10000.594 1e+20 1.0 1000.0 0 0
93 10000.594 1e+20 1.0 1000.0 0 0
94 10000.594 1e+20 1.0 1000.0 0 0
95 10000.594 1e+20 1.0 1000.0 0 0
96 10000.594 1e+20 1.0 1000.0 0 0
97 10000.594 1e+20 1.0 1000.0 0 0
98 10000.594 1e+20 1.0 1000.0 0 0
99 10000.594 1e+20 1.0 1000.0 0 0
100 10000.594 1e+20 1.0 1000.0 0 0
101 10000.594 1e+20 1.0 1000.0 0 0
102 10000.594 1e+20 1.0 1000.0 0 0
103 10000.594 1e+20 1.0 1000.0 0 0
104 10000.594 1e+20 1.0 1000.0 0 0
105 10000.594 1e+20 1.0 1000.0 0 0
106 10000.594 1e+20 1.0 1000.0 0 0
107 10000.594 1e+20 1.0 1000.0 0 0
108 10000.594 1e+20 1.0 1000.0 0 0
109 10000.594 1e+20 1.0 1000.0 0 0
110 10000.594 1e+20 1.0 1000.0 0 0
111 10000.594 1e+20 1.0 1000.0 0 0
112 10000.594 1e+20 1.0 1000.0 0 0
113 10000.594 1e+20 1.0 1000.0 0 0
114 10000.594 1e+20 1.0 1000.0 0 0
115 10000.594 1e+20 1.0 1000.0 0 0
116 10000.594 1e+20 1.0 1000.0 0 0
117 10000.594 1e+20 1.0 1000.0 0 0
118 10000.594 1e+20 1.0 1000.0 0 0
119 10000.594 1e+20 1.0 1000.0 0 0
120 10000.594 1e+20 1.0 1000.0 0 0
121 10000.594 1e+20 1.0 1000.0 0 0
122 10000.594 1e+20 1.0 1000.0 0 0
123 10000.594 1e+20 1.0 1000.0 0 0
124 10000.594 1e+20 1.0 1000.0 0 0
125 10000.594 1e+20 1.0 1000.0 0 0
126 10000.594 1e+20 1.0 1000.0 0 0
127 10000.594 1e+20 1.0 1000.0 0 0
128 10000.594 1e+20 1.0 1000.0 0 0
7070.707070707071
1 10000.693 1e+20 1.0 1000.0 0 0
2 10000.693 1e+20 1.0 1000.0 0 0
3 10000.693 1e+20 1.0 1000.0 0 0
4 10000.693 1e+20 1.0 1000.0 0 0
5 10000.693 1e+20 1.0 1000.0 0 0
6 10000.693 1e+20 1.0 1000.0 0 0
7 10000.693 1e+20 1.0 1000.0 0 0
8 10000.693 1e+20 1.0 1000.0 0 0
9 10000.693 1e+20 1.0 1000.0 0 0
10 10000.693 1e+20 1.0 1000.0 0 0
11 10000.693 1e+20 1.0 1000.0 0 0
12 10000.693 1e+20 1.0 1000.0 0 0
13 10000.693 1e+20 1.0 1000.0 0 0
14 10000.693 1e+20 1.0 1000.0 0 0
15 10000.693 1e+20 1.0 1000.0 0 0
16 10000.693 1e+20 1.0 1000.0 0 0
17 10000.693 1e+20 1.0 1000.0 0 0
18 10000.693 1e+20 1.0 1000.0 0 0
19 10000.693 1e+20 1.0 1000.0 0 0
20 10000.693 1e+20 1.0 1000.0 0 0
21 10000.693 1e+20 1.0 1000.0 0 0
22 10000.693 1e+20 1.0 1000.0 0 0
23 10000.693 1e+20 1.0 1000.0 0 0
24 10000.693 1e+20 1.0 1000.0 0 0
25 10000.693 1e+20 1.0 1000.0 0 0
26 10000.693 1e+20 1.0 1000.0 0 0
27 10000.693 1e+20 1.0 1000.0 0 0
28 10000.693 1e+20 1.0 1000.0 0 0
29 10000.693 1e+20 1.0 1000.0 0 0
30 10000.693 1e+20 1.0 1000.0 0 0
31 10000.693 1e+20 1.0 1000.0 0 0
32 10000.693 1e+20 1.0 1000.0 0 0
33 10000.693 1e+20 1.0 1000.0 0 0
34 10000.693 1e+20 1.0 1000.0 0 0
35 10000.693 1e+20 1.0 1000.0 0 0
36 10000.693 1e+20 1.0 1000.0 0 0
37 10000.693 1e+20 1.0 1000.0 0 0
38 10000.693 1e+20 1.0 1000.0 0 0
39 10000.693 1e+20 1.0 1000.0 0 0
40 10000.693 1e+20 1.0 1000.0 0 0
41 10000.693 1e+20 1.0 1000.0 0 0
42 10000.693 1e+20 1.0 1000.0 0 0
43 10000.693 1e+20 1.0 1000.0 0 0
44 10000.693 1e+20 1.0 1000.0 0 0
45 10000.693 1e+20 1.0 1000.0 0 0
46 10000.693 1e+20 1.0 1000.0 0 0
47 10000.693 1e+20 1.0 1000.0 0 0
48 10000.693 1e+20 1.0 1000.0 0 0
49 10000.693 1e+20 1.0 1000.0 0 0
50 10000.693 1e+20 1.0 1000.0 0 0
51 10000.693 1e+20 1.0 1000.0 0 0
52 10000.693 1e+20 1.0 1000.0 0 0
53 10000.693 1e+20 1.0 1000.0 0 0
54 10000.693 1e+20 1.0 1000.0 0 0
55 10000.693 1e+20 1.0 1000.0 0 0
56 10000.693 1e+20 1.0 1000.0 0 0
57 10000.693 1e+20 1.0 1000.0 0 0
58 10000.693 1e+20 1.0 1000.0 0 0
59 10000.693 1e+20 1.0 1000.0 0 0
60 10000.693 1e+20 1.0 1000.0 0 0
61 10000.693 1e+20 1.0 1000.0 0 0
62 10000.693 1e+20 1.0 1000.0 0 0
63 10000.693 1e+20 1.0 1000.0 0 0
64 10000.693 1e+20 1.0 1000.0 0 0
65 10000.693 1e+20 1.0 1000.0 0 0
66 10000.693 1e+20 1.0 1000.0 0 0
67 10000.693 1e+20 1.0 1000.0 0 0
68 10000.693 1e+20 1.0 1000.0 0 0
69 10000.693 1e+20 1.0 1000.0 0 0
70 10000.693 1e+20 1.0 1000.0 0 0
71 10000.693 1e+20 1.0 1000.0 0 0
72 10000.693 1e+20 1.0 1000.0 0 0
73 10000.693 1e+20 1.0 1000.0 0 0
74 10000.693 1e+20 1.0 1000.0 0 0
75 10000.693 1e+20 1.0 1000.0 0 0
76 10000.693 1e+20 1.0 1000.0 0 0
77 10000.693 1e+20 1.0 1000.0 0 0
78 10000.693 1e+20 1.0 1000.0 0 0
79 10000.693 1e+20 1.0 1000.0 0 0
80 10000.693 1e+20 1.0 1000.0 0 0
81 10000.693 1e+20 1.0 1000.0 0 0
82 10000.693 1e+20 1.0 1000.0 0 0
83 10000.693 1e+20 1.0 1000.0 0 0
84 10000.693 1e+20 1.0 1000.0 0 0
85 10000.693 1e+20 1.0 1000.0 0 0
86 10000.693 1e+20 1.0 1000.0 0 0
87 10000.693 1e+20 1.0 1000.0 0 0
88 10000.693 1e+20 1.0 1000.0 0 0
89 10000.693 1e+20 1.0 1000.0 0 0
90 10000.693 1e+20 1.0 1000.0 0 0
91 10000.693 1e+20 1.0 1000.0 0 0
92 10000.693 1e+20 1.0 1000.0 0 0
93 10000.693 1e+20 1.0 1000.0 0 0
94 10000.693 1e+20 1.0 1000.0 0 0
95 10000.693 1e+20 1.0 1000.0 0 0
96 10000.693 1e+20 1.0 1000.0 0 0
97 10000.693 1e+20 1.0 1000.0 0 0
98 10000.693 1e+20 1.0 1000.0 0 0
99 10000.693 1e+20 1.0 1000.0 0 0
100 10000.693 1e+20 1.0 1000.0 0 0
101 10000.693 1e+20 1.0 1000.0 0 0
102 10000.693 1e+20 1.0 1000.0 0 0
103 10000.693 1e+20 1.0 1000.0 0 0
104 10000.693 1e+20 1.0 1000.0 0 0
105 10000.693 1e+20 1.0 1000.0 0 0
106 10000.693 1e+20 1.0 1000.0 0 0
107 10000.693 1e+20 1.0 1000.0 0 0
108 10000.693 1e+20 1.0 1000.0 0 0
109 10000.693 1e+20 1.0 1000.0 0 0
110 10000.693 1e+20 1.0 1000.0 0 0
111 10000.693 1e+20 1.0 1000.0 0 0
112 10000.693 1e+20 1.0 1000.0 0 0
113 10000.693 1e+20 1.0 1000.0 0 0
114 10000.693 1e+20 1.0 1000.0 0 0
115 10000.693 1e+20 1.0 1000.0 0 0
116 10000.693 1e+20 1.0 1000.0 0 0
117 10000.693 1e+20 1.0 1000.0 0 0
118 10000.693 1e+20 1.0 1000.0 0 0
119 10000.693 1e+20 1.0 1000.0 0 0
120 10000.693 1e+20 1.0 1000.0 0 0
121 10000.693 1e+20 1.0 1000.0 0 0
122 10000.693 1e+20 1.0 1000.0 0 0
123 10000.693 1e+20 1.0 1000.0 0 0
124 10000.693 1e+20 1.0 1000.0 0 0
125 10000.693 1e+20 1.0 1000.0 0 0
126 10000.693 1e+20 1.0 1000.0 0 0
127 10000.693 1e+20 1.0 1000.0 0 0
128 10000.693 1e+20 1.0 1000.0 0 0
8080.80808080808
1 10000.792 1e+20 1.0 1000.0 0 0
2 10000.792 1e+20 1.0 1000.0 0 0
3 10000.792 1e+20 1.0 1000.0 0 0
4 10000.792 1e+20 1.0 1000.0 0 0
5 10000.792 1e+20 1.0 1000.0 0 0
6 10000.792 1e+20 1.0 1000.0 0 0
7 10000.792 1e+20 1.0 1000.0 0 0
8 10000.792 1e+20 1.0 1000.0 0 0
9 10000.792 1e+20 1.0 1000.0 0 0
10 10000.792 1e+20 1.0 1000.0 0 0
11 10000.792 1e+20 1.0 1000.0 0 0
12 10000.792 1e+20 1.0 1000.0 0 0
13 10000.792 1e+20 1.0 1000.0 0 0
14 10000.792 1e+20 1.0 1000.0 0 0
15 10000.792 1e+20 1.0 1000.0 0 0
16 10000.792 1e+20 1.0 1000.0 0 0
17 10000.792 1e+20 1.0 1000.0 0 0
18 10000.792 1e+20 1.0 1000.0 0 0
19 10000.792 1e+20 1.0 1000.0 0 0
20 10000.792 1e+20 1.0 1000.0 0 0
21 10000.792 1e+20 1.0 1000.0 0 0
22 10000.792 1e+20 1.0 1000.0 0 0
23 10000.792 1e+20 1.0 1000.0 0 0
24 10000.792 1e+20 1.0 1000.0 0 0
25 10000.792 1e+20 1.0 1000.0 0 0
26 10000.792 1e+20 1.0 1000.0 0 0
27 10000.792 1e+20 1.0 1000.0 0 0
28 10000.792 1e+20 1.0 1000.0 0 0
29 10000.792 1e+20 1.0 1000.0 0 0
30 10000.792 1e+20 1.0 1000.0 0 0
31 10000.792 1e+20 1.0 1000.0 0 0
32 10000.792 1e+20 1.0 1000.0 0 0
33 10000.792 1e+20 1.0 1000.0 0 0
34 10000.792 1e+20 1.0 1000.0 0 0
35 10000.792 1e+20 1.0 1000.0 0 0
36 10000.792 1e+20 1.0 1000.0 0 0
37 10000.792 1e+20 1.0 1000.0 0 0
38 10000.792 1e+20 1.0 1000.0 0 0
39 10000.792 1e+20 1.0 1000.0 0 0
40 10000.792 1e+20 1.0 1000.0 0 0
41 10000.792 1e+20 1.0 1000.0 0 0
42 10000.792 1e+20 1.0 1000.0 0 0
43 10000.792 1e+20 1.0 1000.0 0 0
44 10000.792 1e+20 1.0 1000.0 0 0
45 10000.792 1e+20 1.0 1000.0 0 0
46 10000.792 1e+20 1.0 1000.0 0 0
47 10000.792 1e+20 1.0 1000.0 0 0
48 10000.792 1e+20 1.0 1000.0 0 0
49 10000.792 1e+20 1.0 1000.0 0 0
50 10000.792 1e+20 1.0 1000.0 0 0
51 10000.792 1e+20 1.0 1000.0 0 0
52 10000.792 1e+20 1.0 1000.0 0 0
53 10000.792 1e+20 1.0 1000.0 0 0
54 10000.792 1e+20 1.0 1000.0 0 0
55 10000.792 1e+20 1.0 1000.0 0 0
56 10000.792 1e+20 1.0 1000.0 0 0
57 10000.792 1e+20 1.0 1000.0 0 0
58 10000.792 1e+20 1.0 1000.0 0 0
59 10000.792 1e+20 1.0 1000.0 0 0
60 10000.792 1e+20 1.0 1000.0 0 0
61 10000.792 1e+20 1.0 1000.0 0 0
62 10000.792 1e+20 1.0 1000.0 0 0
63 10000.792 1e+20 1.0 1000.0 0 0
64 10000.792 1e+20 1.0 1000.0 0 0
65 10000.792 1e+20 1.0 1000.0 0 0
66 10000.792 1e+20 1.0 1000.0 0 0
67 10000.792 1e+20 1.0 1000.0 0 0
68 10000.792 1e+20 1.0 1000.0 0 0
69 10000.792 1e+20 1.0 1000.0 0 0
70 10000.792 1e+20 1.0 1000.0 0 0
71 10000.792 1e+20 1.0 1000.0 0 0
72 10000.792 1e+20 1.0 1000.0 0 0
73 10000.792 1e+20 1.0 1000.0 0 0
74 10000.792 1e+20 1.0 1000.0 0 0
75 10000.792 1e+20 1.0 1000.0 0 0
76 10000.792 1e+20 1.0 1000.0 0 0
77 10000.792 1e+20 1.0 1000.0 0 0
78 10000.792 1e+20 1.0 1000.0 0 0
79 10000.792 1e+20 1.0 1000.0 0 0
80 10000.792 1e+20 1.0 1000.0 0 0
81 10000.792 1e+20 1.0 1000.0 0 0
82 10000.792 1e+20 1.0 1000.0 0 0
83 10000.792 1e+20 1.0 1000.0 0 0
84 10000.792 1e+20 1.0 1000.0 0 0
85 10000.792 1e+20 1.0 1000.0 0 0
86 10000.792 1e+20 1.0 1000.0 0 0
87 10000.792 1e+20 1.0 1000.0 0 0
88 10000.792 1e+20 1.0 1000.0 0 0
89 10000.792 1e+20 1.0 1000.0 0 0
90 10000.792 1e+20 1.0 1000.0 0 0
91 10000.792 1e+20 1.0 1000.0 0 0
92 10000.792 1e+20 1.0 1000.0 0 0
93 10000.792 1e+20 1.0 1000.0 0 0
94 10000.792 1e+20 1.0 1000.0 0 0
95 10000.792 1e+20 1.0 1000.0 0 0
96 10000.792 1e+20 1.0 1000.0 0 0
97 10000.792 1e+20 1.0 1000.0 0 0
98 10000.792 1e+20 1.0 1000.0 0 0
99 10000.792 1e+20 1.0 1000.0 0 0
100 10000.792 1e+20 1.0 1000.0 0 0
101 10000.792 1e+20 1.0 1000.0 0 0
102 10000.792 1e+20 1.0 1000.0 0 0
103 10000.792 1e+20 1.0 1000.0 0 0
104 10000.792 1e+20 1.0 1000.0 0 0
105 10000.792 1e+20 1.0 1000.0 0 0
106 10000.792 1e+20 1.0 1000.0 0 0
107 10000.792 1e+20 1.0 1000.0 0 0
108 10000.792 1e+20 1.0 1000.0 0 0
109 10000.792 1e+20 1.0 1000.0 0 0
110 10000.792 1e+20 1.0 1000.0 0 0
111 10000.792 1e+20 1.0 1000.0 0 0
112 10000.792 1e+20 1.0 1000.0 0 0
113 10000.792 1e+20 1.0 1000.0 0 0
114 10000.792 1e+20 1.0 1000.0 0 0
115 10000.792 1e+20 1.0 1000.0 0 0
116 10000.792 1e+20 1.0 1000.0 0 0
117 10000.792 1e+20 1.0 1000.0 0 0
118 10000.792 1e+20 1.0 1000.0 0 0
119 10000.792 1e+20 1.0 1000.0 0 0
120 10000.792 1e+20 1.0 1000.0 0 0
121 10000.792 1e+20 1.0 1000.0 0 0
122 10000.792 1e+20 1.0 1000.0 0 0
123 10000.792 1e+20 1.0 1000.0 0 0
124 10000.792 1e+20 1.0 1000.0 0 0
125 10000.792 1e+20 1.0 1000.0 0 0
126 10000.792 1e+20 1.0 1000.0 0 0
127 10000.792 1e+20 1.0 1000.0 0 0
128 10000.792 1e+20 1.0 1000.0 0 0
9090.90909090909
1 10000.891 1e+20 1.0 1000.0 0 0
2 10000.891 1e+20 1.0 1000.0 0 0
3 10000.891 1e+20 1.0 1000.0 0 0
4 10000.891 1e+20 1.0 1000.0 0 0
5 10000.891 1e+20 1.0 1000.0 0 0
6 10000.891 1e+20 1.0 1000.0 0 0
7 10000.891 1e+20 1.0 1000.0 0 0
8 10000.891 1e+20 1.0 1000.0 0 0
9 10000.891 1e+20 1.0 1000.0 0 0
10 10000.891 1e+20 1.0 1000.0 0 0
11 10000.891 1e+20 1.0 1000.0 0 0
12 10000.891 1e+20 1.0 1000.0 0 0
13 10000.891 1e+20 1.0 1000.0 0 0
14 10000.891 1e+20 1.0 1000.0 0 0
15 10000.891 1e+20 1.0 1000.0 0 0
16 10000.891 1e+20 1.0 1000.0 0 0
17 10000.891 1e+20 1.0 1000.0 0 0
18 10000.891 1e+20 1.0 1000.0 0 0
19 10000.891 1e+20 1.0 1000.0 0 0
20 10000.891 1e+20 1.0 1000.0 0 0
21 10000.891 1e+20 1.0 1000.0 0 0
22 10000.891 1e+20 1.0 1000.0 0 0
23 10000.891 1e+20 1.0 1000.0 0 0
24 10000.891 1e+20 1.0 1000.0 0 0
25 10000.891 1e+20 1.0 1000.0 0 0
26 10000.891 1e+20 1.0 1000.0 0 0
27 10000.891 1e+20 1.0 1000.0 0 0
28 10000.891 1e+20 1.0 1000.0 0 0
29 10000.891 1e+20 1.0 1000.0 0 0
30 10000.891 1e+20 1.0 1000.0 0 0
31 10000.891 1e+20 1.0 1000.0 0 0
32 10000.891 1e+20 1.0 1000.0 0 0
33 10000.891 1e+20 1.0 1000.0 0 0
34 10000.891 1e+20 1.0 1000.0 0 0
35 10000.891 1e+20 1.0 1000.0 0 0
36 10000.891 1e+20 1.0 1000.0 0 0
37 10000.891 1e+20 1.0 1000.0 0 0
38 10000.891 1e+20 1.0 1000.0 0 0
39 10000.891 1e+20 1.0 1000.0 0 0
40 10000.891 1e+20 1.0 1000.0 0 0
41 10000.891 1e+20 1.0 1000.0 0 0
42 10000.891 1e+20 1.0 1000.0 0 0
43 10000.891 1e+20 1.0 1000.0 0 0
44 10000.891 1e+20 1.0 1000.0 0 0
45 10000.891 1e+20 1.0 1000.0 0 0
46 10000.891 1e+20 1.0 1000.0 0 0
47 10000.891 1e+20 1.0 1000.0 0 0
48 10000.891 1e+20 1.0 1000.0 0 0
49 10000.891 1e+20 1.0 1000.0 0 0
50 10000.891 1e+20 1.0 1000.0 0 0
51 10000.891 1e+20 1.0 1000.0 0 0
52 10000.891 1e+20 1.0 1000.0 0 0
53 10000.891 1e+20 1.0 1000.0 0 0
54 10000.891 1e+20 1.0 1000.0 0 0
55 10000.891 1e+20 1.0 1000.0 0 0
56 10000.891 1e+20 1.0 1000.0 0 0
57 10000.891 1e+20 1.0 1000.0 0 0
58 10000.891 1e+20 1.0 1000.0 0 0
59 10000.891 1e+20 1.0 1000.0 0 0
60 10000.891 1e+20 1.0 1000.0 0 0
61 10000.891 1e+20 1.0 1000.0 0 0
62 10000.891 1e+20 1.0 1000.0 0 0
63 10000.891 1e+20 1.0 1000.0 0 0
64 10000.891 1e+20 1.0 1000.0 0 0
65 10000.891 1e+20 1.0 1000.0 0 0
66 10000.891 1e+20 1.0 1000.0 0 0
67 10000.891 1e+20 1.0 1000.0 0 0
68 10000.891 1e+20 1.0 1000.0 0 0
69 10000.891 1e+20 1.0 1000.0 0 0
70 10000.891 1e+20 1.0 1000.0 0 0
71 10000.891 1e+20 1.0 1000.0 0 0
72 10000.891 1e+20 1.0 1000.0 0 0
73 10000.891 1e+20 1.0 1000.0 0 0
74 10000.891 1e+20 1.0 1000.0 0 0
75 10000.891 1e+20 1.0 1000.0 0 0
76 10000.891 1e+20 1.0 1000.0 0 0
77 10000.891 1e+20 1.0 1000.0 0 0
78 10000.891 1e+20 1.0 1000.0 0 0
79 10000.891 1e+20 1.0 1000.0 0 0
80 10000.891 1e+20 1.0 1000.0 0 0
81 10000.891 1e+20 1.0 1000.0 0 0
82 10000.891 1e+20 1.0 1000.0 0 0
83 10000.891 1e+20 1.0 1000.0 0 0
84 10000.891 1e+20 1.0 1000.0 0 0
85 10000.891 1e+20 1.0 1000.0 0 0
86 10000.891 1e+20 1.0 1000.0 0 0
87 10000.891 1e+20 1.0 1000.0 0 0
88 10000.891 1e+20 1.0 1000.0 0 0
89 10000.891 1e+20 1.0 1000.0 0 0
90 10000.891 1e+20 1.0 1000.0 0 0
91 10000.891 1e+20 1.0 1000.0 0 0
92 10000.891 1e+20 1.0 1000.0 0 0
93 10000.891 1e+20 1.0 1000.0 0 0
94 10000.891 1e+20 1.0 1000.0 0 0
95 10000.891 1e+20 1.0 1000.0 0 0
96 10000.891 1e+20 1.0 1000.0 0 0
97 10000.891 1e+20 1.0 1000.0 0 0
98 10000.891 1e+20 1.0 1000.0 0 0
99 10000.891 1e+20 1.0 1000.0 0 0
100 10000.891 1e+20 1.0 1000.0 0 0
101 10000.891 1e+20 1.0 1000.0 0 0
102 10000.891 1e+20 1.0 1000.0 0 0
103 10000.891 1e+20 1.0 1000.0 0 0
104 10000.891 1e+20 1.0 1000.0 0 0
105 10000.891 1e+20 1.0 1000.0 0 0
106 10000.891 1e+20 1.0 1000.0 0 0
107 10000.891 1e+20 1.0 1000.0 0 0
108 10000.891 1e+20 1.0 1000.0 0 0
109 10000.891 1e+20 1.0 1000.0 0 0
110 10000.891 1e+20 1.0 1000.0 0 0
111 10000.891 1e+20 1.0 1000.0 0 0
112 10000.891 1e+20 1.0 1000.0 0 0
113 10000.891 1e+20 1.0 1000.0 0 0
114 10000.891 1e+20 1.0 1000.0 0 0
115 10000.891 1e+20 1.0 1000.0 0 0
116 10000.891 1e+20 1.0 1000.0 0 0
117 10000.891 1e+20 1.0 1000.0 0 0
118 10000.891 1e+20 1.0 1000.0 0 0
119 10000.891 1e+20 1.0 1000.0 0 0
120 10000.891 1e+20 1.0 1000.0 0 0
121 10000.891 1e+20 1.0 1000.0 0 0
122 10000.891 1e+20 1.0 1000.0 0 0
123 10000.891 1e+20 1.0 1000.0 0 0
124 10000.891 1e+20 1.0 1000.0 0 0
125 10000.891 1e+20 1.0 1000.0 0 0
126 10000.891 1e+20 1.0 1000.0 0 0
127 10000.891 1e+20 1.0 1000.0 0 0
128 10000.891 1e+20 1.0 1000.0 0 0
10101.0101010101
1 10000.99 1e+20 1.0 1000.0 0 0
2 10000.99 1e+20 1.0 1000.0 0 0
3 10000.99 1e+20 1.0 1000.0 0 0
4 10000.99 1e+20 1.0 1000.0 0 0
5 10000.99 1e+20 1.0 1000.0 0 0
6 10000.99 1e+20 1.0 1000.0 0 0
7 10000.99 1e+20 1.0 1000.0 0 0
8 10000.99 1e+20 1.0 1000.0 0 0
9 10000.99 1e+20 1.0 1000.0 0 0
10 10000.99 1e+20 1.0 1000.0 0 0
11 10000.99 1e+20 1.0 1000.0 0 0
12 10000.99 1e+20 1.0 1000.0 0 0
13 10000.99 1e+20 1.0 1000.0 0 0
14 10000.99 1e+20 1.0 1000.0 0 0
15 10000.99 1e+20 1.0 1000.0 0 0
16 10000.99 1e+20 1.0 1000.0 0 0
17 10000.99 1e+20 1.0 1000.0 0 0
18 10000.99 1e+20 1.0 1000.0 0 0
19 10000.99 1e+20 1.0 1000.0 0 0
20 10000.99 1e+20 1.0 1000.0 0 0
21 10000.99 1e+20 1.0 1000.0 0 0
22 10000.99 1e+20 1.0 1000.0 0 0
23 10000.99 1e+20 1.0 1000.0 0 0
24 10000.99 1e+20 1.0 1000.0 0 0
25 10000.99 1e+20 1.0 1000.0 0 0
26 10000.99 1e+20 1.0 1000.0 0 0
27 10000.99 1e+20 1.0 1000.0 0 0
28 10000.99 1e+20 1.0 1000.0 0 0
29 10000.99 1e+20 1.0 1000.0 0 0
30 10000.99 1e+20 1.0 1000.0 0 0
31 10000.99 1e+20 1.0 1000.0 0 0
32 10000.99 1e+20 1.0 1000.0 0 0
33 10000.99 1e+20 1.0 1000.0 0 0
34 10000.99 1e+20 1.0 1000.0 0 0
35 10000.99 1e+20 1.0 1000.0 0 0
36 10000.99 1e+20 1.0 1000.0 0 0
37 10000.99 1e+20 1.0 1000.0 0 0
38 10000.99 1e+20 1.0 1000.0 0 0
39 10000.99 1e+20 1.0 1000.0 0 0
40 10000.99 1e+20 1.0 1000.0 0 0
41 10000.99 1e+20 1.0 1000.0 0 0
42 10000.99 1e+20 1.0 1000.0 0 0
43 10000.99 1e+20 1.0 1000.0 0 0
44 10000.99 1e+20 1.0 1000.0 0 0
45 10000.99 1e+20 1.0 1000.0 0 0
46 10000.99 1e+20 1.0 1000.0 0 0
47 10000.99 1e+20 1.0 1000.0 0 0
48 10000.99 1e+20 1.0 1000.0 0 0
49 10000.99 1e+20 1.0 1000.0 0 0
50 10000.99 1e+20 1.0 1000.0 0 0
51 10000.99 1e+20 1.0 1000.0 0 0
52 10000.99 1e+20 1.0 1000.0 0 0
53 10000.99 1e+20 1.0 1000.0 0 0
54 10000.99 1e+20 1.0 1000.0 0 0
55 10000.99 1e+20 1.0 1000.0 0 0
56 10000.99 1e+20 1.0 1000.0 0 0
57 10000.99 1e+20 1.0 1000.0 0 0
58 10000.99 1e+20 1.0 1000.0 0 0
59 10000.99 1e+20 1.0 1000.0 0 0
60 10000.99 1e+20 1.0 1000.0 0 0
61 10000.99 1e+20 1.0 1000.0 0 0
62 10000.99 1e+20 1.0 1000.0 0 0
63 10000.99 1e+20 1.0 1000.0 0 0
64 10000.99 1e+20 1.0 1000.0 0 0
65 10000.99 1e+20 1.0 1000.0 0 0
66 10000.99 1e+20 1.0 1000.0 0 0
67 10000.99 1e+20 1.0 1000.0 0 0
68 10000.99 1e+20 1.0 1000.0 0 0
69 10000.99 1e+20 1.0 1000.0 0 0
70 10000.99 1e+20 1.0 1000.0 0 0
71 10000.99 1e+20 1.0 1000.0 0 0
72 10000.99 1e+20 1.0 1000.0 0 0
73 10000.99 1e+20 1.0 1000.0 0 0
74 10000.99 1e+20 1.0 1000.0 0 0
75 10000.99 1e+20 1.0 1000.0 0 0
76 10000.99 1e+20 1.0 1000.0 0 0
77 10000.99 1e+20 1.0 1000.0 0 0
78 10000.99 1e+20 1.0 1000.0 0 0
79 10000.99 1e+20 1.0 1000.0 0 0
80 10000.99 1e+20 1.0 1000.0 0 0
81 10000.99 1e+20 1.0 1000.0 0 0
82 10000.99 1e+20 1.0 1000.0 0 0
83 10000.99 1e+20 1.0 1000.0 0 0
84 10000.99 1e+20 1.0 1000.0 0 0
85 10000.99 1e+20 1.0 1000.0 0 0
86 10000.99 1e+20 1.0 1000.0 0 0
87 10000.99 1e+20 1.0 1000.0 0 0
88 10000.99 1e+20 1.0 1000.0 0 0
89 10000.99 1e+20 1.0 1000.0 0 0
90 10000.99 1e+20 1.0 1000.0 0 0
91 10000.99 1e+20 1.0 1000.0 0 0
92 10000.99 1e+20 1.0 1000.0 0 0
93 10000.99 1e+20 1.0 1000.0 0 0
94 10000.99 1e+20 1.0 1000.0 0 0
95 10000.99 1e+20 1.0 1000.0 0 0
96 10000.99 1e+20 1.0 1000.0 0 0
97 10000.99 1e+20 1.0 1000.0 0 0
98 10000.99 1e+20 1.0 1000.0 0 0
99 10000.99 1e+20 1.0 1000.0 0 0
100 10000.99 1e+20 1.0 1000.0 0 0
101 10000.99 1e+20 1.0 1000.0 0 0
102 10000.99 1e+20 1.0 1000.0 0 0
103 10000.99 1e+20 1.0 1000.0 0 0
104 10000.99 1e+20 1.0 1000.0 0 0
105 10000.99 1e+20 1.0 1000.0 0 0
106 10000.99 1e+20 1.0 1000.0 0 0
107 10000.99 1e+20 1.0 1000.0 0 0
108 10000.99 1e+20 1.0 1000.0 0 0
109 10000.99 1e+20 1.0 1000.0 0 0
110 10000.99 1e+20 1.0 1000.0 0 0
111 10000.99 1e+20 1.0 1000.0 0 0
112 10000.99 1e+20 1.0 1000.0 0 0
113 10000.99 1e+20 1.0 1000.0 0 0
114 10000.99 1e+20 1.0 1000.0 0 0
115 10000.99 1e+20 1.0 1000.0 0 0
116 10000.99 1e+20 1.0 1000.0 0 0
117 10000.99 1e+20 1.0 1000.0 0 0
118 10000.99 1e+20 1.0 1000.0 0 0
119 10000.99 1e+20 1.0 1000.0 0 0
120 10000.99 1e+20 1.0 1000.0 0 0
121 10000.99 1e+20 1.0 1000.0 0 0
122 10000.99 1e+20 1.0 1000.0 0 0
123 10000.99 1e+20 1.0 1000.0 0 0
124 10000.99 1e+20 1.0 1000.0 0 0
125 10000.99 1e+20 1.0 1000.0 0 0
126 10000.99 1e+20 1.0 1000.0 0 0
127 10000.99 1e+20 1.0 1000.0 0 0
128 10000.99 1e+20 1.0 1000.0 0 0
11111.111111111111
1 10001.089 1e+20 1.0 1000.0 0 0
2 10001.089 1e+20 1.0 1000.0 0 0
3 10001.089 1e+20 1.0 1000.0 0 0
4 10001.089 1e+20 1.0 1000.0 0 0
5 10001.089 1e+20 1.0 1000.0 0 0
6 10001.089 1e+20 1.0 1000.0 0 0
7 10001.089 1e+20 1.0 1000.0 0 0
8 10001.089 1e+20 1.0 1000.0 0 0
9 10001.089 1e+20 1.0 1000.0 0 0
10 10001.089 1e+20 1.0 1000.0 0 0
11 10001.089 1e+20 1.0 1000.0 0 0
12 10001.089 1e+20 1.0 1000.0 0 0
13 10001.089 1e+20 1.0 1000.0 0 0
14 10001.089 1e+20 1.0 1000.0 0 0
15 10001.089 1e+20 1.0 1000.0 0 0
16 10001.089 1e+20 1.0 1000.0 0 0
17 10001.089 1e+20 1.0 1000.0 0 0
18 10001.089 1e+20 1.0 1000.0 0 0
19 10001.089 1e+20 1.0 1000.0 0 0
20 10001.089 1e+20 1.0 1000.0 0 0
21 10001.089 1e+20 1.0 1000.0 0 0
22 10001.089 1e+20 1.0 1000.0 0 0
23 10001.089 1e+20 1.0 1000.0 0 0
24 10001.089 1e+20 1.0 1000.0 0 0
25 10001.089 1e+20 1.0 1000.0 0 0
26 10001.089 1e+20 1.0 1000.0 0 0
27 10001.089 1e+20 1.0 1000.0 0 0
28 10001.089 1e+20 1.0 1000.0 0 0
29 10001.089 1e+20 1.0 1000.0 0 0
30 10001.089 1e+20 1.0 1000.0 0 0
31 10001.089 1e+20 1.0 1000.0 0 0
32 10001.089 1e+20 1.0 1000.0 0 0
33 10001.089 1e+20 1.0 1000.0 0 0
34 10001.089 1e+20 1.0 1000.0 0 0
35 10001.089 1e+20 1.0 1000.0 0 0
36 10001.089 1e+20 1.0 1000.0 0 0
37 10001.089 1e+20 1.0 1000.0 0 0
38 10001.089 1e+20 1.0 1000.0 0 0
39 10001.089 1e+20 1.0 1000.0 0 0
40 10001.089 1e+20 1.0 1000.0 0 0
41 10001.089 1e+20 1.0 1000.0 0 0
42 10001.089 1e+20 1.0 1000.0 0 0
43 10001.089 1e+20 1.0 1000.0 0 0
44 10001.089 1e+20 1.0 1000.0 0 0
45 10001.089 1e+20 1.0 1000.0 0 0
46 10001.089 1e+20 1.0 1000.0 0 0
47 10001.089 1e+20 1.0 1000.0 0 0
48 10001.089 1e+20 1.0 1000.0 0 0
49 10001.089 1e+20 1.0 1000.0 0 0
50 10001.089 1e+20 1.0 1000.0 0 0
51 10001.089 1e+20 1.0 1000.0 0 0
52 10001.089 1e+20 1.0 1000.0 0 0
53 10001.089 1e+20 1.0 1000.0 0 0
54 10001.089 1e+20 1.0 1000.0 0 0
55 10001.089 1e+20 1.0 1000.0 0 0
56 10001.089 1e+20 1.0 1000.0 0 0
57 10001.089 1e+20 1.0 1000.0 0 0
58 10001.089 1e+20 1.0 1000.0 0 0
59 10001.089 1e+20 1.0 1000.0 0 0
60 10001.089 1e+20 1.0 1000.0 0 0
61 10001.089 1e+20 1.0 1000.0 0 0
62 10001.089 1e+20 1.0 1000.0 0 0
63 10001.089 1e+20 1.0 1000.0 0 0
64 10001.089 1e+20 1.0 1000.0 0 0
65 10001.089 1e+20 1.0 1000.0 0 0
66 10001.089 1e+20 1.0 1000.0 0 0
67 10001.089 1e+20 1.0 1000.0 0 0
68 10001.089 1e+20 1.0 1000.0 0 0
69 10001.089 1e+20 1.0 1000.0 0 0
70 10001.089 1e+20 1.0 1000.0 0 0
71 10001.089 1e+20 1.0 1000.0 0 0
72 10001.089 1e+20 1.0 1000.0 0 0
73 10001.089 1e+20 1.0 1000.0 0 0
74 10001.089 1e+20 1.0 1000.0 0 0
75 10001.089 1e+20 1.0 1000.0 0 0
76 10001.089 1e+20 1.0 1000.0 0 0
77 10001.089 1e+20 1.0 1000.0 0 0
78 10001.089 1e+20 1.0 1000.0 0 0
79 10001.089 1e+20 1.0 1000.0 0 0
80 10001.089 1e+20 1.0 1000.0 0 0
81 10001.089 1e+20 1.0 1000.0 0 0
82 10001.089 1e+20 1.0 1000.0 0 0
83 10001.089 1e+20 1.0 1000.0 0 0
84 10001.089 1e+20 1.0 1000.0 0 0
85 10001.089 1e+20 1.0 1000.0 0 0
86 10001.089 1e+20 1.0 1000.0 0 0
87 10001.089 1e+20 1.0 1000.0 0 0
88 10001.089 1e+20 1.0 1000.0 0 0
89 10001.089 1e+20 1.0 1000.0 0 0
90 10001.089 1e+20 1.0 1000.0 0 0
91 10001.089 1e+20 1.0 1000.0 0 0
92 10001.089 1e+20 1.0 1000.0 0 0
93 10001.089 1e+20 1.0 1000.0 0 0
94 10001.089 1e+20 1.0 1000.0 0 0
95 10001.089 1e+20 1.0 1000.0 0 0
96 10001.089 1e+20 1.0 1000.0 0 0
97 10001.089 1e+20 1.0 1000.0 0 0
98 10001.089 1e+20 1.0 1000.0 0 0
99 10001.089 1e+20 1.0 1000.0 0 0
100 10001.089 1e+20 1.0 1000.0 0 0
101 10001.089 1e+20 1.0 1000.0 0 0
102 10001.089 1e+20 1.0 1000.0 0 0
103 10001.089 1e+20 1.0 1000.0 0 0
104 10001.089 1e+20 1.0 1000.0 0 0
105 10001.089 1e+20 1.0 1000.0 0 0
106 10001.089 1e+20 1.0 1000.0 0 0
107 10001.089 1e+20 1.0 1000.0 0 0
108 10001.089 1e+20 1.0 1000.0 0 0
109 10001.089 1e+20 1.0 1000.0 0 0
110 10001.089 1e+20 1.0 1000.0 0 0
111 10001.089 1e+20 1.0 1000.0 0 0
112 10001.089 1e+20 1.0 1000.0 0 0
113 10001.089 1e+20 1.0 1000.0 0 0
114 10001.089 1e+20 1.0 1000.0 0 0
115 10001.089 1e+20 1.0 1000.0 0 0
116 10001.089 1e+20 1.0 1000.0 0 0
117 10001.089 1e+20 1.0 1000.0 0 0
118 10001.089 1e+20 1.0 1000.0 0 0
119 10001.089 1e+20 1.0 1000.0 0 0
120 10001.089 1e+20 1.0 1000.0 0 0
121 10001.089 1e+20 1.0 1000.0 0 0
122 10001.089 1e+20 1.0 1000.0 0 0
123 10001.089 1e+20 1.0 1000.0 0 0
124 10001.089 1e+20 1.0 1000.0 0 0
125 10001.089 1e+20 1.0 1000.0 0 0
126 10001.089 1e+20 1.0 1000.0 0 0
127 10001.089 1e+20 1.0 1000.0 0 0
128 10001.089 1e+20 1.0 1000.0 0 0
12121.21212121212
1 10001.188 1e+20 1.0 1000.0 0 0
2 10001.188 1e+20 1.0 1000.0 0 0
3 10001.188 1e+20 1.0 1000.0 0 0
4 10001.188 1e+20 1.0 1000.0 0 0
5 10001.188 1e+20 1.0 1000.0 0 0
6 10001.188 1e+20 1.0 1000.0 0 0
7 10001.188 1e+20 1.0 1000.0 0 0
8 10001.188 1e+20 1.0 1000.0 0 0
9 10001.188 1e+20 1.0 1000.0 0 0
10 10001.188 1e+20 1.0 1000.0 0 0
11 10001.188 1e+20 1.0 1000.0 0 0
12 10001.188 1e+20 1.0 1000.0 0 0
13 10001.188 1e+20 1.0 1000.0 0 0
14 10001.188 1e+20 1.0 1000.0 0 0
15 10001.188 1e+20 1.0 1000.0 0 0
16 10001.188 1e+20 1.0 1000.0 0 0
17 10001.188 1e+20 1.0 1000.0 0 0
18 10001.188 1e+20 1.0 1000.0 0 0
19 10001.188 1e+20 1.0 1000.0 0 0
20 10001.188 1e+20 1.0 1000.0 0 0
21 10001.188 1e+20 1.0 1000.0 0 0
22 10001.188 1e+20 1.0 1000.0 0 0
23 10001.188 1e+20 1.0 1000.0 0 0
24 10001.188 1e+20 1.0 1000.0 0 0
25 10001.188 1e+20 1.0 1000.0 0 0
26 10001.188 1e+20 1.0 1000.0 0 0
27 10001.188 1e+20 1.0 1000.0 0 0
28 10001.188 1e+20 1.0 1000.0 0 0
29 10001.188 1e+20 1.0 1000.0 0 0
30 10001.188 1e+20 1.0 1000.0 0 0
31 10001.188 1e+20 1.0 1000.0 0 0
32 10001.188 1e+20 1.0 1000.0 0 0
33 10001.188 1e+20 1.0 1000.0 0 0
34 10001.188 1e+20 1.0 1000.0 0 0
35 10001.188 1e+20 1.0 1000.0 0 0
36 10001.188 1e+20 1.0 1000.0 0 0
37 10001.188 1e+20 1.0 1000.0 0 0
38 10001.188 1e+20 1.0 1000.0 0 0
39 10001.188 1e+20 1.0 1000.0 0 0
40 10001.188 1e+20 1.0 1000.0 0 0
41 10001.188 1e+20 1.0 1000.0 0 0
42 10001.188 1e+20 1.0 1000.0 0 0
43 10001.188 1e+20 1.0 1000.0 0 0
44 10001.188 1e+20 1.0 1000.0 0 0
45 10001.188 1e+20 1.0 1000.0 0 0
46 10001.188 1e+20 1.0 1000.0 0 0
47 10001.188 1e+20 1.0 1000.0 0 0
48 10001.188 1e+20 1.0 1000.0 0 0
49 10001.188 1e+20 1.0 1000.0 0 0
50 10001.188 1e+20 1.0 1000.0 0 0
51 10001.188 1e+20 1.0 1000.0 0 0
52 10001.188 1e+20 1.0 1000.0 0 0
53 10001.188 1e+20 1.0 1000.0 0 0
54 10001.188 1e+20 1.0 1000.0 0 0
55 10001.188 1e+20 1.0 1000.0 0 0
56 10001.188 1e+20 1.0 1000.0 0 0
57 10001.188 1e+20 1.0 1000.0 0 0
58 10001.188 1e+20 1.0 1000.0 0 0
59 10001.188 1e+20 1.0 1000.0 0 0
60 10001.188 1e+20 1.0 1000.0 0 0
61 10001.188 1e+20 1.0 1000.0 0 0
62 10001.188 1e+20 1.0 1000.0 0 0
63 10001.188 1e+20 1.0 1000.0 0 0
64 10001.188 1e+20 1.0 1000.0 0 0
65 10001.188 1e+20 1.0 1000.0 0 0
66 10001.188 1e+20 1.0 1000.0 0 0
67 10001.188 1e+20 1.0 1000.0 0 0
68 10001.188 1e+20 1.0 1000.0 0 0
69 10001.188 1e+20 1.0 1000.0 0 0
70 10001.188 1e+20 1.0 1000.0 0 0
71 10001.188 1e+20 1.0 1000.0 0 0
72 10001.188 1e+20 1.0 1000.0 0 0
73 10001.188 1e+20 1.0 1000.0 0 0
74 10001.188 1e+20 1.0 1000.0 0 0
75 10001.188 1e+20 1.0 1000.0 0 0
76 10001.188 1e+20 1.0 1000.0 0 0
77 10001.188 1e+20 1.0 1000.0 0 0
78 10001.188 1e+20 1.0 1000.0 0 0
79 10001.188 1e+20 1.0 1000.0 0 0
80 10001.188 1e+20 1.0 1000.0 0 0
81 10001.188 1e+20 1.0 1000.0 0 0
82 10001.188 1e+20 1.0 1000.0 0 0
83 10001.188 1e+20 1.0 1000.0 0 0
84 10001.188 1e+20 1.0 1000.0 0 0
85 10001.188 1e+20 1.0 1000.0 0 0
86 10001.188 1e+20 1.0 1000.0 0 0
87 10001.188 1e+20 1.0 1000.0 0 0
88 10001.188 1e+20 1.0 1000.0 0 0
89 10001.188 1e+20 1.0 1000.0 0 0
90 10001.188 1e+20 1.0 1000.0 0 0
91 10001.188 1e+20 1.0 1000.0 0 0
92 10001.188 1e+20 1.0 1000.0 0 0
93 10001.188 1e+20 1.0 1000.0 0 0
94 10001.188 1e+20 1.0 1000.0 0 0
95 10001.188 1e+20 1.0 1000.0 0 0
96 10001.188 1e+20 1.0 1000.0 0 0
97 10001.188 1e+20 1.0 1000.0 0 0
98 10001.188 1e+20 1.0 1000.0 0 0
99 10001.188 1e+20 1.0 1000.0 0 0
100 10001.188 1e+20 1.0 1000.0 0 0
101 10001.188 1e+20 1.0 1000.0 0 0
102 10001.188 1e+20 1.0 1000.0 0 0
103 10001.188 1e+20 1.0 1000.0 0 0
104 10001.188 1e+20 1.0 1000.0 0 0
105 10001.188 1e+20 1.0 1000.0 0 0
106 10001.188 1e+20 1.0 1000.0 0 0
107 10001.188 1e+20 1.0 1000.0 0 0
108 10001.188 1e+20 1.0 1000.0 0 0
109 10001.188 1e+20 1.0 1000.0 0 0
110 10001.188 1e+20 1.0 1000.0 0 0
111 10001.188 1e+20 1.0 1000.0 0 0
112 10001.188 1e+20 1.0 1000.0 0 0
113 10001.188 1e+20 1.0 1000.0 0 0
114 10001.188 1e+20 1.0 1000.0 0 0
115 10001.188 1e+20 1.0 1000.0 0 0
116 10001.188 1e+20 1.0 1000.0 0 0
117 10001.188 1e+20 1.0 1000.0 0 0
118 10001.188 1e+20 1.0 1000.0 0 0
119 10001.188 1e+20 1.0 1000.0 0 0
120 10001.188 1e+20 1.0 1000.0 0 0
121 10001.188 1e+20 1.0 1000.0 0 0
122 10001.188 1e+20 1.0 1000.0 0 0
123 10001.188 1e+20 1.0 1000.0 0 0
124 10001.188 1e+20 1.0 1000.0 0 0
125 10001.188 1e+20 1.0 1000.0 0 0
126 10001.188 1e+20 1.0 1000.0 0 0
127 10001.188 1e+20 1.0 1000.0 0 0
128 10001.188 1e+20 1.0 1000.0 0 0
13131.31313131313
1 10001.287 1e+20 1.0 1000.0 0 0
2 10001.287 1e+20 1.0 1000.0 0 0
3 10001.287 1e+20 1.0 1000.0 0 0
4 10001.287 1e+20 1.0 1000.0 0 0
5 10001.287 1e+20 1.0 1000.0 0 0
6 10001.287 1e+20 1.0 1000.0 0 0
7 10001.287 1e+20 1.0 1000.0 0 0
8 10001.287 1e+20 1.0 1000.0 0 0
9 10001.287 1e+20 1.0 1000.0 0 0
10 10001.287 1e+20 1.0 1000.0 0 0
11 10001.287 1e+20 1.0 1000.0 0 0
12 10001.287 1e+20 1.0 1000.0 0 0
13 10001.287 1e+20 1.0 1000.0 0 0
14 10001.287 1e+20 1.0 1000.0 0 0
15 10001.287 1e+20 1.0 1000.0 0 0
16 10001.287 1e+20 1.0 1000.0 0 0
17 10001.287 1e+20 1.0 1000.0 0 0
18 10001.287 1e+20 1.0 1000.0 0 0
19 10001.287 1e+20 1.0 1000.0 0 0
20 10001.287 1e+20 1.0 1000.0 0 0
21 10001.287 1e+20 1.0 1000.0 0 0
22 10001.287 1e+20 1.0 1000.0 0 0
23 10001.287 1e+20 1.0 1000.0 0 0
24 10001.287 1e+20 1.0 1000.0 0 0
25 10001.287 1e+20 1.0 1000.0 0 0
26 10001.287 1e+20 1.0 1000.0 0 0
27 10001.287 1e+20 1.0 1000.0 0 0
28 10001.287 1e+20 1.0 1000.0 0 0
29 10001.287 1e+20 1.0 1000.0 0 0
30 10001.287 1e+20 1.0 1000.0 0 0
31 10001.287 1e+20 1.0 1000.0 0 0
32 10001.287 1e+20 1.0 1000.0 0 0
33 10001.287 1e+20 1.0 1000.0 0 0
34 10001.287 1e+20 1.0 1000.0 0 0
35 10001.287 1e+20 1.0 1000.0 0 0
36 10001.287 1e+20 1.0 1000.0 0 0
37 10001.287 1e+20 1.0 1000.0 0 0
38 10001.287 1e+20 1.0 1000.0 0 0
39 10001.287 1e+20 1.0 1000.0 0 0
40 10001.287 1e+20 1.0 1000.0 0 0
41 10001.287 1e+20 1.0 1000.0 0 0
42 10001.287 1e+20 1.0 1000.0 0 0
43 10001.287 1e+20 1.0 1000.0 0 0
44 10001.287 1e+20 1.0 1000.0 0 0
45 10001.287 1e+20 1.0 1000.0 0 0
46 10001.287 1e+20 1.0 1000.0 0 0
47 10001.287 1e+20 1.0 1000.0 0 0
48 10001.287 1e+20 1.0 1000.0 0 0
49 10001.287 1e+20 1.0 1000.0 0 0
50 10001.287 1e+20 1.0 1000.0 0 0
51 10001.287 1e+20 1.0 1000.0 0 0
52 10001.287 1e+20 1.0 1000.0 0 0
53 10001.287 1e+20 1.0 1000.0 0 0
54 10001.287 1e+20 1.0 1000.0 0 0
55 10001.287 1e+20 1.0 1000.0 0 0
56 10001.287 1e+20 1.0 1000.0 0 0
57 10001.287 1e+20 1.0 1000.0 0 0
58 10001.287 1e+20 1.0 1000.0 0 0
59 10001.287 1e+20 1.0 1000.0 0 0
60 10001.287 1e+20 1.0 1000.0 0 0
61 10001.287 1e+20 1.0 1000.0 0 0
62 10001.287 1e+20 1.0 1000.0 0 0
63 10001.287 1e+20 1.0 1000.0 0 0
64 10001.287 1e+20 1.0 1000.0 0 0
65 10001.287 1e+20 1.0 1000.0 0 0
66 10001.287 1e+20 1.0 1000.0 0 0
67 10001.287 1e+20 1.0 1000.0 0 0
68 10001.287 1e+20 1.0 1000.0 0 0
69 10001.287 1e+20 1.0 1000.0 0 0
70 10001.287 1e+20 1.0 1000.0 0 0
71 10001.287 1e+20 1.0 1000.0 0 0
72 10001.287 1e+20 1.0 1000.0 0 0
73 10001.287 1e+20 1.0 1000.0 0 0
74 10001.287 1e+20 1.0 1000.0 0 0
75 10001.287 1e+20 1.0 1000.0 0 0
76 10001.287 1e+20 1.0 1000.0 0 0
77 10001.287 1e+20 1.0 1000.0 0 0
78 10001.287 1e+20 1.0 1000.0 0 0
79 10001.287 1e+20 1.0 1000.0 0 0
80 10001.287 1e+20 1.0 1000.0 0 0
81 10001.287 1e+20 1.0 1000.0 0 0
82 10001.287 1e+20 1.0 1000.0 0 0
83 10001.287 1e+20 1.0 1000.0 0 0
84 10001.287 1e+20 1.0 1000.0 0 0
85 10001.287 1e+20 1.0 1000.0 0 0
86 10001.287 1e+20 1.0 1000.0 0 0
87 10001.287 1e+20 1.0 1000.0 0 0
88 10001.287 1e+20 1.0 1000.0 0 0
89 10001.287 1e+20 1.0 1000.0 0 0
90 10001.287 1e+20 1.0 1000.0 0 0
91 10001.287 1e+20 1.0 1000.0 0 0
92 10001.287 1e+20 1.0 1000.0 0 0
93 10001.287 1e+20 1.0 1000.0 0 0
94 10001.287 1e+20 1.0 1000.0 0 0
95 10001.287 1e+20 1.0 1000.0 0 0
96 10001.287 1e+20 1.0 1000.0 0 0
97 10001.287 1e+20 1.0 1000.0 0 0
98 10001.287 1e+20 1.0 1000.0 0 0
99 10001.287 1e+20 1.0 1000.0 0 0
100 10001.287 1e+20 1.0 1000.0 0 0
101 10001.287 1e+20 1.0 1000.0 0 0
102 10001.287 1e+20 1.0 1000.0 0 0
103 10001.287 1e+20 1.0 1000.0 0 0
104 10001.287 1e+20 1.0 1000.0 0 0
105 10001.287 1e+20 1.0 1000.0 0 0
106 10001.287 1e+20 1.0 1000.0 0 0
107 10001.287 1e+20 1.0 1000.0 0 0
108 10001.287 1e+20 1.0 1000.0 0 0
109 10001.287 1e+20 1.0 1000.0 0 0
110 10001.287 1e+20 1.0 1000.0 0 0
111 10001.287 1e+20 1.0 1000.0 0 0
112 10001.287 1e+20 1.0 1000.0 0 0
113 10001.287 1e+20 1.0 1000.0 0 0
114 10001.287 1e+20 1.0 1000.0 0 0
115 10001.287 1e+20 1.0 1000.0 0 0
116 10001.287 1e+20 1.0 1000.0 0 0
117 10001.287 1e+20 1.0 1000.0 0 0
118 10001.287 1e+20 1.0 1000.0 0 0
119 10001.287 1e+20 1.0 1000.0 0 0
120 10001.287 1e+20 1.0 1000.0 0 0
121 10001.287 1e+20 1.0 1000.0 0 0
122 10001.287 1e+20 1.0 1000.0 0 0
123 10001.287 1e+20 1.0 1000.0 0 0
124 10001.287 1e+20 1.0 1000.0 0 0
125 10001.287 1e+20 1.0 1000.0 0 0
126 10001.287 1e+20 1.0 1000.0 0 0
127 10001.287 1e+20 1.0 1000.0 0 0
128 10001.287 1e+20 1.0 1000.0 0 0
14141.414141414141
1 10001.386 1e+20 1.0 1000.0 0 0
2 10001.386 1e+20 1.0 1000.0 0 0
3 10001.386 1e+20 1.0 1000.0 0 0
4 10001.386 1e+20 1.0 1000.0 0 0
5 10001.386 1e+20 1.0 1000.0 0 0
6 10001.386 1e+20 1.0 1000.0 0 0
7 10001.386 1e+20 1.0 1000.0 0 0
8 10001.386 1e+20 1.0 1000.0 0 0
9 10001.386 1e+20 1.0 1000.0 0 0
10 10001.386 1e+20 1.0 1000.0 0 0
11 10001.386 1e+20 1.0 1000.0 0 0
12 10001.386 1e+20 1.0 1000.0 0 0
13 10001.386 1e+20 1.0 1000.0 0 0
14 10001.386 1e+20 1.0 1000.0 0 0
15 10001.386 1e+20 1.0 1000.0 0 0
16 10001.386 1e+20 1.0 1000.0 0 0
17 10001.386 1e+20 1.0 1000.0 0 0
18 10001.386 1e+20 1.0 1000.0 0 0
19 10001.386 1e+20 1.0 1000.0 0 0
20 10001.386 1e+20 1.0 1000.0 0 0
21 10001.386 1e+20 1.0 1000.0 0 0
22 10001.386 1e+20 1.0 1000.0 0 0
23 10001.386 1e+20 1.0 1000.0 0 0
24 10001.386 1e+20 1.0 1000.0 0 0
25 10001.386 1e+20 1.0 1000.0 0 0
26 10001.386 1e+20 1.0 1000.0 0 0
27 10001.386 1e+20 1.0 1000.0 0 0
28 10001.386 1e+20 1.0 1000.0 0 0
29 10001.386 1e+20 1.0 1000.0 0 0
30 10001.386 1e+20 1.0 1000.0 0 0
31 10001.386 1e+20 1.0 1000.0 0 0
32 10001.386 1e+20 1.0 1000.0 0 0
33 10001.386 1e+20 1.0 1000.0 0 0
34 10001.386 1e+20 1.0 1000.0 0 0
35 10001.386 1e+20 1.0 1000.0 0 0
36 10001.386 1e+20 1.0 1000.0 0 0
37 10001.386 1e+20 1.0 1000.0 0 0
38 10001.386 1e+20 1.0 1000.0 0 0
39 10001.386 1e+20 1.0 1000.0 0 0
40 10001.386 1e+20 1.0 1000.0 0 0
41 10001.386 1e+20 1.0 1000.0 0 0
42 10001.386 1e+20 1.0 1000.0 0 0
43 10001.386 1e+20 1.0 1000.0 0 0
44 10001.386 1e+20 1.0 1000.0 0 0
45 10001.386 1e+20 1.0 1000.0 0 0
46 10001.386 1e+20 1.0 1000.0 0 0
47 10001.386 1e+20 1.0 1000.0 0 0
48 10001.386 1e+20 1.0 1000.0 0 0
49 10001.386 1e+20 1.0 1000.0 0 0
50 10001.386 1e+20 1.0 1000.0 0 0
51 10001.386 1e+20 1.0 1000.0 0 0
52 10001.386 1e+20 1.0 1000.0 0 0
53 10001.386 1e+20 1.0 1000.0 0 0
54 10001.386 1e+20 1.0 1000.0 0 0
55 10001.386 1e+20 1.0 1000.0 0 0
56 10001.386 1e+20 1.0 1000.0 0 0
57 10001.386 1e+20 1.0 1000.0 0 0
58 10001.386 1e+20 1.0 1000.0 0 0
59 10001.386 1e+20 1.0 1000.0 0 0
60 10001.386 1e+20 1.0 1000.0 0 0
61 10001.386 1e+20 1.0 1000.0 0 0
62 10001.386 1e+20 1.0 1000.0 0 0
63 10001.386 1e+20 1.0 1000.0 0 0
64 10001.386 1e+20 1.0 1000.0 0 0
65 10001.386 1e+20 1.0 1000.0 0 0
66 10001.386 1e+20 1.0 1000.0 0 0
67 10001.386 1e+20 1.0 1000.0 0 0
68 10001.386 1e+20 1.0 1000.0 0 0
69 10001.386 1e+20 1.0 1000.0 0 0
70 10001.386 1e+20 1.0 1000.0 0 0
71 10001.386 1e+20 1.0 1000.0 0 0
72 10001.386 1e+20 1.0 1000.0 0 0
73 10001.386 1e+20 1.0 1000.0 0 0
74 10001.386 1e+20 1.0 1000.0 0 0
75 10001.386 1e+20 1.0 1000.0 0 0
76 10001.386 1e+20 1.0 1000.0 0 0
77 10001.386 1e+20 1.0 1000.0 0 0
78 10001.386 1e+20 1.0 1000.0 0 0
79 10001.386 1e+20 1.0 1000.0 0 0
80 10001.386 1e+20 1.0 1000.0 0 0
81 10001.386 1e+20 1.0 1000.0 0 0
82 10001.386 1e+20 1.0 1000.0 0 0
83 10001.386 1e+20 1.0 1000.0 0 0
84 10001.386 1e+20 1.0 1000.0 0 0
85 10001.386 1e+20 1.0 1000.0 0 0
86 10001.386 1e+20 1.0 1000.0 0 0
87 10001.386 1e+20 1.0 1000.0 0 0
88 10001.386 1e+20 1.0 1000.0 0 0
89 10001.386 1e+20 1.0 1000.0 0 0
90 10001.386 1e+20 1.0 1000.0 0 0
91 10001.386 1e+20 1.0 1000.0 0 0
92 10001.386 1e+20 1.0 1000.0 0 0
93 10001.386 1e+20 1.0 1000.0 0 0
94 10001.386 1e+20 1.0 1000.0 0 0
95 10001.386 1e+20 1.0 1000.0 0 0
96 10001.386 1e+20 1.0 1000.0 0 0
97 10001.386 1e+20 1.0 1000.0 0 0
98 10001.386 1e+20 1.0 1000.0 0 0
99 10001.386 1e+20 1.0 1000.0 0 0
100 10001.386 1e+20 1.0 1000.0 0 0
101 10001.386 1e+20 1.0 1000.0 0 0
102 10001.386 1e+20 1.0 1000.0 0 0
103 10001.386 1e+20 1.0 1000.0 0 0
104 10001.386 1e+20 1.0 1000.0 0 0
105 10001.386 1e+20 1.0 1000.0 0 0
106 10001.386 1e+20 1.0 1000.0 0 0
107 10001.386 1e+20 1.0 1000.0 0 0
108 10001.386 1e+20 1.0 1000.0 0 0
109 10001.386 1e+20 1.0 1000.0 0 0
110 10001.386 1e+20 1.0 1000.0 0 0
111 10001.386 1e+20 1.0 1000.0 0 0
112 10001.386 1e+20 1.0 1000.0 0 0
113 10001.386 1e+20 1.0 1000.0 0 0
114 10001.386 1e+20 1.0 1000.0 0 0
115 10001.386 1e+20 1.0 1000.0 0 0
116 10001.386 1e+20 1.0 1000.0 0 0
117 10001.386 1e+20 1.0 1000.0 0 0
118 10001.386 1e+20 1.0 1000.0 0 0
119 10001.386 1e+20 1.0 1000.0 0 0
120 10001.386 1e+20 1.0 1000.0 0 0
121 10001.386 1e+20 1.0 1000.0 0 0
122 10001.386 1e+20 1.0 1000.0 0 0
123 10001.386 1e+20 1.0 1000.0 0 0
124 10001.386 1e+20 1.0 1000.0 0 0
125 10001.386 1e+20 1.0 1000.0 0 0
126 10001.386 1e+20 1.0 1000.0 0 0
127 10001.386 1e+20 1.0 1000.0 0 0
128 10001.386 1e+20 1.0 1000.0 0 0
15151.51515151515
1 10001.485 1e+20 1.0 1000.0 0 0
2 10001.485 1e+20 1.0 1000.0 0 0
3 10001.485 1e+20 1.0 1000.0 0 0
4 10001.485 1e+20 1.0 1000.0 0 0
5 10001.485 1e+20 1.0 1000.0 0 0
6 10001.485 1e+20 1.0 1000.0 0 0
7 10001.485 1e+20 1.0 1000.0 0 0
8 10001.485 1e+20 1.0 1000.0 0 0
9 10001.485 1e+20 1.0 1000.0 0 0
10 10001.485 1e+20 1.0 1000.0 0 0
11 10001.485 1e+20 1.0 1000.0 0 0
12 10001.485 1e+20 1.0 1000.0 0 0
13 10001.485 1e+20 1.0 1000.0 0 0
14 10001.485 1e+20 1.0 1000.0 0 0
15 10001.485 1e+20 1.0 1000.0 0 0
16 10001.485 1e+20 1.0 1000.0 0 0
17 10001.485 1e+20 1.0 1000.0 0 0
18 10001.485 1e+20 1.0 1000.0 0 0
19 10001.485 1e+20 1.0 1000.0 0 0
20 10001.485 1e+20 1.0 1000.0 0 0
21 10001.485 1e+20 1.0 1000.0 0 0
22 10001.485 1e+20 1.0 1000.0 0 0
23 10001.485 1e+20 1.0 1000.0 0 0
24 10001.485 1e+20 1.0 1000.0 0 0
25 10001.485 1e+20 1.0 1000.0 0 0
26 10001.485 1e+20 1.0 1000.0 0 0
27 10001.485 1e+20 1.0 1000.0 0 0
28 10001.485 1e+20 1.0 1000.0 0 0
29 10001.485 1e+20 1.0 1000.0 0 0
30 10001.485 1e+20 1.0 1000.0 0 0
31 10001.485 1e+20 1.0 1000.0 0 0
32 10001.485 1e+20 1.0 1000.0 0 0
33 10001.485 1e+20 1.0 1000.0 0 0
34 10001.485 1e+20 1.0 1000.0 0 0
35 10001.485 1e+20 1.0 1000.0 0 0
36 10001.485 1e+20 1.0 1000.0 0 0
37 10001.485 1e+20 1.0 1000.0 0 0
38 10001.485 1e+20 1.0 1000.0 0 0
39 10001.485 1e+20 1.0 1000.0 0 0
40 10001.485 1e+20 1.0 1000.0 0 0
41 10001.485 1e+20 1.0 1000.0 0 0
42 10001.485 1e+20 1.0 1000.0 0 0
43 10001.485 1e+20 1.0 1000.0 0 0
44 10001.485 1e+20 1.0 1000.0 0 0
45 10001.485 1e+20 1.0 1000.0 0 0
46 10001.485 1e+20 1.0 1000.0 0 0
47 10001.485 1e+20 1.0 1000.0 0 0
48 10001.485 1e+20 1.0 1000.0 0 0
49 10001.485 1e+20 1.0 1000.0 0 0
50 10001.485 1e+20 1.0 1000.0 0 0
51 10001.485 1e+20 1.0 1000.0 0 0
52 10001.485 1e+20 1.0 1000.0 0 0
53 10001.485 1e+20 1.0 1000.0 0 0
54 10001.485 1e+20 1.0 1000.0 0 0
55 10001.485 1e+20 1.0 1000.0 0 0
56 10001.485 1e+20 1.0 1000.0 0 0
57 10001.485 1e+20 1.0 1000.0 0 0
58 10001.485 1e+20 1.0 1000.0 0 0
59 10001.485 1e+20 1.0 1000.0 0 0
60 10001.485 1e+20 1.0 1000.0 0 0
61 10001.485 1e+20 1.0 1000.0 0 0
62 10001.485 1e+20 1.0 1000.0 0 0
63 10001.485 1e+20 1.0 1000.0 0 0
64 10001.485 1e+20 1.0 1000.0 0 0
65 10001.485 1e+20 1.0 1000.0 0 0
66 10001.485 1e+20 1.0 1000.0 0 0
67 10001.485 1e+20 1.0 1000.0 0 0
68 10001.485 1e+20 1.0 1000.0 0 0
69 10001.485 1e+20 1.0 1000.0 0 0
70 10001.485 1e+20 1.0 1000.0 0 0
71 10001.485 1e+20 1.0 1000.0 0 0
72 10001.485 1e+20 1.0 1000.0 0 0
73 10001.485 1e+20 1.0 1000.0 0 0
74 10001.485 1e+20 1.0 1000.0 0 0
75 10001.485 1e+20 1.0 1000.0 0 0
76 10001.485 1e+20 1.0 1000.0 0 0
77 10001.485 1e+20 1.0 1000.0 0 0
78 10001.485 1e+20 1.0 1000.0 0 0
79 10001.485 1e+20 1.0 1000.0 0 0
80 10001.485 1e+20 1.0 1000.0 0 0
81 10001.485 1e+20 1.0 1000.0 0 0
82 10001.485 1e+20 1.0 1000.0 0 0
83 10001.485 1e+20 1.0 1000.0 0 0
84 10001.485 1e+20 1.0 1000.0 0 0
85 10001.485 1e+20 1.0 1000.0 0 0
86 10001.485 1e+20 1.0 1000.0 0 0
87 10001.485 1e+20 1.0 1000.0 0 0
88 10001.485 1e+20 1.0 1000.0 0 0
89 10001.485 1e+20 1.0 1000.0 0 0
90 10001.485 1e+20 1.0 1000.0 0 0
91 10001.485 1e+20 1.0 1000.0 0 0
92 10001.485 1e+20 1.0 1000.0 0 0
93 10001.485 1e+20 1.0 1000.0 0 0
94 10001.485 1e+20 1.0 1000.0 0 0
95 10001.485 1e+20 1.0 1000.0 0 0
96 10001.485 1e+20 1.0 1000.0 0 0
97 10001.485 1e+20 1.0 1000.0 0 0
98 10001.485 1e+20 1.0 1000.0 0 0
99 10001.485 1e+20 1.0 1000.0 0 0
100 10001.485 1e+20 1.0 1000.0 0 0
101 10001.485 1e+20 1.0 1000.0 0 0
102 10001.485 1e+20 1.0 1000.0 0 0
103 10001.485 1e+20 1.0 1000.0 0 0
104 10001.485 1e+20 1.0 1000.0 0 0
105 10001.485 1e+20 1.0 1000.0 0 0
106 10001.485 1e+20 1.0 1000.0 0 0
107 10001.485 1e+20 1.0 1000.0 0 0
108 10001.485 1e+20 1.0 1000.0 0 0
109 10001.485 1e+20 1.0 1000.0 0 0
110 10001.485 1e+20 1.0 1000.0 0 0
111 10001.485 1e+20 1.0 1000.0 0 0
112 10001.485 1e+20 1.0 1000.0 0 0
113 10001.485 1e+20 1.0 1000.0 0 0
114 10001.485 1e+20 1.0 1000.0 0 0
115 10001.485 1e+20 1.0 1000.0 0 0
116 10001.485 1e+20 1.0 1000.0 0 0
117 10001.485 1e+20 1.0 1000.0 0 0
118 10001.485 1e+20 1.0 1000.0 0 0
119 10001.485 1e+20 1.0 1000.0 0 0
120 10001.485 1e+20 1.0 1000.0 0 0
121 10001.485 1e+20 1.0 1000.0 0 0
122 10001.485 1e+20 1.0 1000.0 0 0
123 10001.485 1e+20 1.0 1000.0 0 0
124 10001.485 1e+20 1.0 1000.0 0 0
125 10001.485 1e+20 1.0 1000.0 0 0
126 10001.485 1e+20 1.0 1000.0 0 0
127 10001.485 1e+20 1.0 1000.0 0 0
128 10001.485 1e+20 1.0 1000.0 0 0
16161.61616161616
1 10001.584 1e+20 1.0 1000.0 0 0
2 10001.584 1e+20 1.0 1000.0 0 0
3 10001.584 1e+20 1.0 1000.0 0 0
4 10001.584 1e+20 1.0 1000.0 0 0
5 10001.584 1e+20 1.0 1000.0 0 0
6 10001.584 1e+20 1.0 1000.0 0 0
7 10001.584 1e+20 1.0 1000.0 0 0
8 10001.584 1e+20 1.0 1000.0 0 0
9 10001.584 1e+20 1.0 1000.0 0 0
10 10001.584 1e+20 1.0 1000.0 0 0
11 10001.584 1e+20 1.0 1000.0 0 0
12 10001.584 1e+20 1.0 1000.0 0 0
13 10001.584 1e+20 1.0 1000.0 0 0
14 10001.584 1e+20 1.0 1000.0 0 0
15 10001.584 1e+20 1.0 1000.0 0 0
16 10001.584 1e+20 1.0 1000.0 0 0
17 10001.584 1e+20 1.0 1000.0 0 0
18 10001.584 1e+20 1.0 1000.0 0 0
19 10001.584 1e+20 1.0 1000.0 0 0
20 10001.584 1e+20 1.0 1000.0 0 0
21 10001.584 1e+20 1.0 1000.0 0 0
22 10001.584 1e+20 1.0 1000.0 0 0
23 10001.584 1e+20 1.0 1000.0 0 0
24 10001.584 1e+20 1.0 1000.0 0 0
25 10001.584 1e+20 1.0 1000.0 0 0
26 10001.584 1e+20 1.0 1000.0 0 0
27 10001.584 1e+20 1.0 1000.0 0 0
28 10001.584 1e+20 1.0 1000.0 0 0
29 10001.584 1e+20 1.0 1000.0 0 0
30 10001.584 1e+20 1.0 1000.0 0 0
31 10001.584 1e+20 1.0 1000.0 0 0
32 10001.584 1e+20 1.0 1000.0 0 0
33 10001.584 1e+20 1.0 1000.0 0 0
34 10001.584 1e+20 1.0 1000.0 0 0
35 10001.584 1e+20 1.0 1000.0 0 0
36 10001.584 1e+20 1.0 1000.0 0 0
37 10001.584 1e+20 1.0 1000.0 0 0
38 10001.584 1e+20 1.0 1000.0 0 0
39 10001.584 1e+20 1.0 1000.0 0 0
40 10001.584 1e+20 1.0 1000.0 0 0
41 10001.584 1e+20 1.0 1000.0 0 0
42 10001.584 1e+20 1.0 1000.0 0 0
43 10001.584 1e+20 1.0 1000.0 0 0
44 10001.584 1e+20 1.0 1000.0 0 0
45 10001.584 1e+20 1.0 1000.0 0 0
46 10001.584 1e+20 1.0 1000.0 0 0
47 10001.584 1e+20 1.0 1000.0 0 0
48 10001.584 1e+20 1.0 1000.0 0 0
49 10001.584 1e+20 1.0 1000.0 0 0
50 10001.584 1e+20 1.0 1000.0 0 0
51 10001.584 1e+20 1.0 1000.0 0 0
52 10001.584 1e+20 1.0 1000.0 0 0
53 10001.584 1e+20 1.0 1000.0 0 0
54 10001.584 1e+20 1.0 1000.0 0 0
55 10001.584 1e+20 1.0 1000.0 0 0
56 10001.584 1e+20 1.0 1000.0 0 0
57 10001.584 1e+20 1.0 1000.0 0 0
58 10001.584 1e+20 1.0 1000.0 0 0
59 10001.584 1e+20 1.0 1000.0 0 0
60 10001.584 1e+20 1.0 1000.0 0 0
61 10001.584 1e+20 1.0 1000.0 0 0
62 10001.584 1e+20 1.0 1000.0 0 0
63 10001.584 1e+20 1.0 1000.0 0 0
64 10001.584 1e+20 1.0 1000.0 0 0
65 10001.584 1e+20 1.0 1000.0 0 0
66 10001.584 1e+20 1.0 1000.0 0 0
67 10001.584 1e+20 1.0 1000.0 0 0
68 10001.584 1e+20 1.0 1000.0 0 0
69 10001.584 1e+20 1.0 1000.0 0 0
70 10001.584 1e+20 1.0 1000.0 0 0
71 10001.584 1e+20 1.0 1000.0 0 0
72 10001.584 1e+20 1.0 1000.0 0 0
73 10001.584 1e+20 1.0 1000.0 0 0
74 10001.584 1e+20 1.0 1000.0 0 0
75 10001.584 1e+20 1.0 1000.0 0 0
76 10001.584 1e+20 1.0 1000.0 0 0
77 10001.584 1e+20 1.0 1000.0 0 0
78 10001.584 1e+20 1.0 1000.0 0 0
79 10001.584 1e+20 1.0 1000.0 0 0
80 10001.584 1e+20 1.0 1000.0 0 0
81 10001.584 1e+20 1.0 1000.0 0 0
82 10001.584 1e+20 1.0 1000.0 0 0
83 10001.584 1e+20 1.0 1000.0 0 0
84 10001.584 1e+20 1.0 1000.0 0 0
85 10001.584 1e+20 1.0 1000.0 0 0
86 10001.584 1e+20 1.0 1000.0 0 0
87 10001.584 1e+20 1.0 1000.0 0 0
88 10001.584 1e+20 1.0 1000.0 0 0
89 10001.584 1e+20 1.0 1000.0 0 0
90 10001.584 1e+20 1.0 1000.0 0 0
91 10001.584 1e+20 1.0 1000.0 0 0
92 10001.584 1e+20 1.0 1000.0 0 0
93 10001.584 1e+20 1.0 1000.0 0 0
94 10001.584 1e+20 1.0 1000.0 0 0
95 10001.584 1e+20 1.0 1000.0 0 0
96 10001.584 1e+20 1.0 1000.0 0 0
97 10001.584 1e+20 1.0 1000.0 0 0
98 10001.584 1e+20 1.0 1000.0 0 0
99 10001.584 1e+20 1.0 1000.0 0 0
100 10001.584 1e+20 1.0 1000.0 0 0
101 10001.584 1e+20 1.0 1000.0 0 0
102 10001.584 1e+20 1.0 1000.0 0 0
103 10001.584 1e+20 1.0 1000.0 0 0
104 10001.584 1e+20 1.0 1000.0 0 0
105 10001.584 1e+20 1.0 1000.0 0 0
106 10001.584 1e+20 1.0 1000.0 0 0
107 10001.584 1e+20 1.0 1000.0 0 0
108 10001.584 1e+20 1.0 1000.0 0 0
109 10001.584 1e+20 1.0 1000.0 0 0
110 10001.584 1e+20 1.0 1000.0 0 0
111 10001.584 1e+20 1.0 1000.0 0 0
112 10001.584 1e+20 1.0 1000.0 0 0
113 10001.584 1e+20 1.0 1000.0 0 0
114 10001.584 1e+20 1.0 1000.0 0 0
115 10001.584 1e+20 1.0 1000.0 0 0
116 10001.584 1e+20 1.0 1000.0 0 0
117 10001.584 1e+20 1.0 1000.0 0 0
118 10001.584 1e+20 1.0 1000.0 0 0
119 10001.584 1e+20 1.0 1000.0 0 0
120 10001.584 1e+20 1.0 1000.0 0 0
121 10001.584 1e+20 1.0 1000.0 0 0
122 10001.584 1e+20 1.0 1000.0 0 0
123 10001.584 1e+20 1.0 1000.0 0 0
124 10001.584 1e+20 1.0 1000.0 0 0
125 10001.584 1e+20 1.0 1000.0 0 0
126 10001.584 1e+20 1.0 1000.0 0 0
127 10001.584 1e+20 1.0 1000.0 0 0
128 10001.584 1e+20 1.0 1000.0 0 0
17171.71717171717
1 10001.683 1e+20 1.0 1000.0 0 0
2 10001.683 1e+20 1.0 1000.0 0 0
3 10001.683 1e+20 1.0 1000.0 0 0
4 10001.683 1e+20 1.0 1000.0 0 0
5 10001.683 1e+20 1.0 1000.0 0 0
6 10001.683 1e+20 1.0 1000.0 0 0
7 10001.683 1e+20 1.0 1000.0 0 0
8 10001.683 1e+20 1.0 1000.0 0 0
9 10001.683 1e+20 1.0 1000.0 0 0
10 10001.683 1e+20 1.0 1000.0 0 0
11 10001.683 1e+20 1.0 1000.0 0 0
12 10001.683 1e+20 1.0 1000.0 0 0
13 10001.683 1e+20 1.0 1000.0 0 0
14 10001.683 1e+20 1.0 1000.0 0 0
15 10001.683 1e+20 1.0 1000.0 0 0
16 10001.683 1e+20 1.0 1000.0 0 0
17 10001.683 1e+20 1.0 1000.0 0 0
18 10001.683 1e+20 1.0 1000.0 0 0
19 10001.683 1e+20 1.0 1000.0 0 0
20 10001.683 1e+20 1.0 1000.0 0 0
21 10001.683 1e+20 1.0 1000.0 0 0
22 10001.683 1e+20 1.0 1000.0 0 0
23 10001.683 1e+20 1.0 1000.0 0 0
24 10001.683 1e+20 1.0 1000.0 0 0
25 10001.683 1e+20 1.0 1000.0 0 0
26 10001.683 1e+20 1.0 1000.0 0 0
27 10001.683 1e+20 1.0 1000.0 0 0
28 10001.683 1e+20 1.0 1000.0 0 0
29 10001.683 1e+20 1.0 1000.0 0 0
30 10001.683 1e+20 1.0 1000.0 0 0
31 10001.683 1e+20 1.0 1000.0 0 0
32 10001.683 1e+20 1.0 1000.0 0 0
33 10001.683 1e+20 1.0 1000.0 0 0
34 10001.683 1e+20 1.0 1000.0 0 0
35 10001.683 1e+20 1.0 1000.0 0 0
36 10001.683 1e+20 1.0 1000.0 0 0
37 10001.683 1e+20 1.0 1000.0 0 0
38 10001.683 1e+20 1.0 1000.0 0 0
39 10001.683 1e+20 1.0 1000.0 0 0
40 10001.683 1e+20 1.0 1000.0 0 0
41 10001.683 1e+20 1.0 1000.0 0 0
42 10001.683 1e+20 1.0 1000.0 0 0
43 10001.683 1e+20 1.0 1000.0 0 0
44 10001.683 1e+20 1.0 1000.0 0 0
45 10001.683 1e+20 1.0 1000.0 0 0
46 10001.683 1e+20 1.0 1000.0 0 0
47 10001.683 1e+20 1.0 1000.0 0 0
48 10001.683 1e+20 1.0 1000.0 0 0
49 10001.683 1e+20 1.0 1000.0 0 0
50 10001.683 1e+20 1.0 1000.0 0 0
51 10001.683 1e+20 1.0 1000.0 0 0
52 10001.683 1e+20 1.0 1000.0 0 0
53 10001.683 1e+20 1.0 1000.0 0 0
54 10001.683 1e+20 1.0 1000.0 0 0
55 10001.683 1e+20 1.0 1000.0 0 0
56 10001.683 1e+20 1.0 1000.0 0 0
57 10001.683 1e+20 1.0 1000.0 0 0
58 10001.683 1e+20 1.0 1000.0 0 0
59 10001.683 1e+20 1.0 1000.0 0 0
60 10001.683 1e+20 1.0 1000.0 0 0
61 10001.683 1e+20 1.0 1000.0 0 0
62 10001.683 1e+20 1.0 1000.0 0 0
63 10001.683 1e+20 1.0 1000.0 0 0
64 10001.683 1e+20 1.0 1000.0 0 0
65 10001.683 1e+20 1.0 1000.0 0 0
66 10001.683 1e+20 1.0 1000.0 0 0
67 10001.683 1e+20 1.0 1000.0 0 0
68 10001.683 1e+20 1.0 1000.0 0 0
69 10001.683 1e+20 1.0 1000.0 0 0
70 10001.683 1e+20 1.0 1000.0 0 0
71 10001.683 1e+20 1.0 1000.0 0 0
72 10001.683 1e+20 1.0 1000.0 0 0
73 10001.683 1e+20 1.0 1000.0 0 0
74 10001.683 1e+20 1.0 1000.0 0 0
75 10001.683 1e+20 1.0 1000.0 0 0
76 10001.683 1e+20 1.0 1000.0 0 0
77 10001.683 1e+20 1.0 1000.0 0 0
78 10001.683 1e+20 1.0 1000.0 0 0
79 10001.683 1e+20 1.0 1000.0 0 0
80 10001.683 1e+20 1.0 1000.0 0 0
81 10001.683 1e+20 1.0 1000.0 0 0
82 10001.683 1e+20 1.0 1000.0 0 0
83 10001.683 1e+20 1.0 1000.0 0 0
84 10001.683 1e+20 1.0 1000.0 0 0
85 10001.683 1e+20 1.0 1000.0 0 0
86 10001.683 1e+20 1.0 1000.0 0 0
87 10001.683 1e+20 1.0 1000.0 0 0
88 10001.683 1e+20 1.0 1000.0 0 0
89 10001.683 1e+20 1.0 1000.0 0 0
90 10001.683 1e+20 1.0 1000.0 0 0
91 10001.683 1e+20 1.0 1000.0 0 0
92 10001.683 1e+20 1.0 1000.0 0 0
93 10001.683 1e+20 1.0 1000.0 0 0
94 10001.683 1e+20 1.0 1000.0 0 0
95 10001.683 1e+20 1.0 1000.0 0 0
96 10001.683 1e+20 1.0 1000.0 0 0
97 10001.683 1e+20 1.0 1000.0 0 0
98 10001.683 1e+20 1.0 1000.0 0 0
99 10001.683 1e+20 1.0 1000.0 0 0
100 10001.683 1e+20 1.0 1000.0 0 0
101 10001.683 1e+20 1.0 1000.0 0 0
102 10001.683 1e+20 1.0 1000.0 0 0
103 10001.683 1e+20 1.0 1000.0 0 0
104 10001.683 1e+20 1.0 1000.0 0 0
105 10001.683 1e+20 1.0 1000.0 0 0
106 10001.683 1e+20 1.0 1000.0 0 0
107 10001.683 1e+20 1.0 1000.0 0 0
108 10001.683 1e+20 1.0 1000.0 0 0
109 10001.683 1e+20 1.0 1000.0 0 0
110 10001.683 1e+20 1.0 1000.0 0 0
111 10001.683 1e+20 1.0 1000.0 0 0
112 10001.683 1e+20 1.0 1000.0 0 0
113 10001.683 1e+20 1.0 1000.0 0 0
114 10001.683 1e+20 1.0 1000.0 0 0
115 10001.683 1e+20 1.0 1000.0 0 0
116 10001.683 1e+20 1.0 1000.0 0 0
117 10001.683 1e+20 1.0 1000.0 0 0
118 10001.683 1e+20 1.0 1000.0 0 0
119 10001.683 1e+20 1.0 1000.0 0 0
120 10001.683 1e+20 1.0 1000.0 0 0
121 10001.683 1e+20 1.0 1000.0 0 0
122 10001.683 1e+20 1.0 1000.0 0 0
123 10001.683 1e+20 1.0 1000.0 0 0
124 10001.683 1e+20 1.0 1000.0 0 0
125 10001.683 1e+20 1.0 1000.0 0 0
126 10001.683 1e+20 1.0 1000.0 0 0
127 10001.683 1e+20 1.0 1000.0 0 0
128 10001.683 1e+20 1.0 1000.0 0 0
18181.81818181818
1 10001.782 1e+20 1.0 1000.0 0 0
2 10001.782 1e+20 1.0 1000.0 0 0
3 10001.782 1e+20 1.0 1000.0 0 0
4 10001.782 1e+20 1.0 1000.0 0 0
5 10001.782 1e+20 1.0 1000.0 0 0
6 10001.782 1e+20 1.0 1000.0 0 0
7 10001.782 1e+20 1.0 1000.0 0 0
8 10001.782 1e+20 1.0 1000.0 0 0
9 10001.782 1e+20 1.0 1000.0 0 0
10 10001.782 1e+20 1.0 1000.0 0 0
11 10001.782 1e+20 1.0 1000.0 0 0
12 10001.782 1e+20 1.0 1000.0 0 0
13 10001.782 1e+20 1.0 1000.0 0 0
14 10001.782 1e+20 1.0 1000.0 0 0
15 10001.782 1e+20 1.0 1000.0 0 0
16 10001.782 1e+20 1.0 1000.0 0 0
17 10001.782 1e+20 1.0 1000.0 0 0
18 10001.782 1e+20 1.0 1000.0 0 0
19 10001.782 1e+20 1.0 1000.0 0 0
20 10001.782 1e+20 1.0 1000.0 0 0
21 10001.782 1e+20 1.0 1000.0 0 0
22 10001.782 1e+20 1.0 1000.0 0 0
23 10001.782 1e+20 1.0 1000.0 0 0
24 10001.782 1e+20 1.0 1000.0 0 0
25 10001.782 1e+20 1.0 1000.0 0 0
26 10001.782 1e+20 1.0 1000.0 0 0
27 10001.782 1e+20 1.0 1000.0 0 0
28 10001.782 1e+20 1.0 1000.0 0 0
29 10001.782 1e+20 1.0 1000.0 0 0
30 10001.782 1e+20 1.0 1000.0 0 0
31 10001.782 1e+20 1.0 1000.0 0 0
32 10001.782 1e+20 1.0 1000.0 0 0
33 10001.782 1e+20 1.0 1000.0 0 0
34 10001.782 1e+20 1.0 1000.0 0 0
35 10001.782 1e+20 1.0 1000.0 0 0
36 10001.782 1e+20 1.0 1000.0 0 0
37 10001.782 1e+20 1.0 1000.0 0 0
38 10001.782 1e+20 1.0 1000.0 0 0
39 10001.782 1e+20 1.0 1000.0 0 0
40 10001.782 1e+20 1.0 1000.0 0 0
41 10001.782 1e+20 1.0 1000.0 0 0
42 10001.782 1e+20 1.0 1000.0 0 0
43 10001.782 1e+20 1.0 1000.0 0 0
44 10001.782 1e+20 1.0 1000.0 0 0
45 10001.782 1e+20 1.0 1000.0 0 0
46 10001.782 1e+20 1.0 1000.0 0 0
47 10001.782 1e+20 1.0 1000.0 0 0
48 10001.782 1e+20 1.0 1000.0 0 0
49 10001.782 1e+20 1.0 1000.0 0 0
50 10001.782 1e+20 1.0 1000.0 0 0
51 10001.782 1e+20 1.0 1000.0 0 0
52 10001.782 1e+20 1.0 1000.0 0 0
53 10001.782 1e+20 1.0 1000.0 0 0
54 10001.782 1e+20 1.0 1000.0 0 0
55 10001.782 1e+20 1.0 1000.0 0 0
56 10001.782 1e+20 1.0 1000.0 0 0
57 10001.782 1e+20 1.0 1000.0 0 0
58 10001.782 1e+20 1.0 1000.0 0 0
59 10001.782 1e+20 1.0 1000.0 0 0
60 10001.782 1e+20 1.0 1000.0 0 0
61 10001.782 1e+20 1.0 1000.0 0 0
62 10001.782 1e+20 1.0 1000.0 0 0
63 10001.782 1e+20 1.0 1000.0 0 0
64 10001.782 1e+20 1.0 1000.0 0 0
65 10001.782 1e+20 1.0 1000.0 0 0
66 10001.782 1e+20 1.0 1000.0 0 0
67 10001.782 1e+20 1.0 1000.0 0 0
68 10001.782 1e+20 1.0 1000.0 0 0
69 10001.782 1e+20 1.0 1000.0 0 0
70 10001.782 1e+20 1.0 1000.0 0 0
71 10001.782 1e+20 1.0 1000.0 0 0
72 10001.782 1e+20 1.0 1000.0 0 0
73 10001.782 1e+20 1.0 1000.0 0 0
74 10001.782 1e+20 1.0 1000.0 0 0
75 10001.782 1e+20 1.0 1000.0 0 0
76 10001.782 1e+20 1.0 1000.0 0 0
77 10001.782 1e+20 1.0 1000.0 0 0
78 10001.782 1e+20 1.0 1000.0 0 0
79 10001.782 1e+20 1.0 1000.0 0 0
80 10001.782 1e+20 1.0 1000.0 0 0
81 10001.782 1e+20 1.0 1000.0 0 0
82 10001.782 1e+20 1.0 1000.0 0 0
83 10001.782 1e+20 1.0 1000.0 0 0
84 10001.782 1e+20 1.0 1000.0 0 0
85 10001.782 1e+20 1.0 1000.0 0 0
86 10001.782 1e+20 1.0 1000.0 0 0
87 10001.782 1e+20 1.0 1000.0 0 0
88 10001.782 1e+20 1.0 1000.0 0 0
89 10001.782 1e+20 1.0 1000.0 0 0
90 10001.782 1e+20 1.0 1000.0 0 0
91 10001.782 1e+20 1.0 1000.0 0 0
92 10001.782 1e+20 1.0 1000.0 0 0
93 10001.782 1e+20 1.0 1000.0 0 0
94 10001.782 1e+20 1.0 1000.0 0 0
95 10001.782 1e+20 1.0 1000.0 0 0
96 10001.782 1e+20 1.0 1000.0 0 0
97 10001.782 1e+20 1.0 1000.0 0 0
98 10001.782 1e+20 1.0 1000.0 0 0
99 10001.782 1e+20 1.0 1000.0 0 0
100 10001.782 1e+20 1.0 1000.0 0 0
101 10001.782 1e+20 1.0 1000.0 0 0
102 10001.782 1e+20 1.0 1000.0 0 0
103 10001.782 1e+20 1.0 1000.0 0 0
104 10001.782 1e+20 1.0 1000.0 0 0
105 10001.782 1e+20 1.0 1000.0 0 0
106 10001.782 1e+20 1.0 1000.0 0 0
107 10001.782 1e+20 1.0 1000.0 0 0
108 10001.782 1e+20 1.0 1000.0 0 0
109 10001.782 1e+20 1.0 1000.0 0 0
110 10001.782 1e+20 1.0 1000.0 0 0
111 10001.782 1e+20 1.0 1000.0 0 0
112 10001.782 1e+20 1.0 1000.0 0 0
113 10001.782 1e+20 1.0 1000.0 0 0
114 10001.782 1e+20 1.0 1000.0 0 0
115 10001.782 1e+20 1.0 1000.0 0 0
116 10001.782 1e+20 1.0 1000.0 0 0
117 10001.782 1e+20 1.0 1000.0 0 0
118 10001.782 1e+20 1.0 1000.0 0 0
119 10001.782 1e+20 1.0 1000.0 0 0
120 10001.782 1e+20 1.0 1000.0 0 0
121 10001.782 1e+20 1.0 1000.0 0 0
122 10001.782 1e+20 1.0 1000.0 0 0
123 10001.782 1e+20 1.0 1000.0 0 0
124 10001.782 1e+20 1.0 1000.0 0 0
125 10001.782 1e+20 1.0 1000.0 0 0
126 10001.782 1e+20 1.0 1000.0 0 0
127 10001.782 1e+20 1.0 1000.0 0 0
128 10001.782 1e+20 1.0 1000.0 0 0
19191.91919191919
1 10001.881 1e+20 1.0 1000.0 0 0
2 10001.881 1e+20 1.0 1000.0 0 0
3 10001.881 1e+20 1.0 1000.0 0 0
4 10001.881 1e+20 1.0 1000.0 0 0
5 10001.881 1e+20 1.0 1000.0 0 0
6 10001.881 1e+20 1.0 1000.0 0 0
7 10001.881 1e+20 1.0 1000.0 0 0
8 10001.881 1e+20 1.0 1000.0 0 0
9 10001.881 1e+20 1.0 1000.0 0 0
10 10001.881 1e+20 1.0 1000.0 0 0
11 10001.881 1e+20 1.0 1000.0 0 0
12 10001.881 1e+20 1.0 1000.0 0 0
13 10001.881 1e+20 1.0 1000.0 0 0
14 10001.881 1e+20 1.0 1000.0 0 0
15 10001.881 1e+20 1.0 1000.0 0 0
16 10001.881 1e+20 1.0 1000.0 0 0
17 10001.881 1e+20 1.0 1000.0 0 0
18 10001.881 1e+20 1.0 1000.0 0 0
19 10001.881 1e+20 1.0 1000.0 0 0
20 10001.881 1e+20 1.0 1000.0 0 0
21 10001.881 1e+20 1.0 1000.0 0 0
22 10001.881 1e+20 1.0 1000.0 0 0
23 10001.881 1e+20 1.0 1000.0 0 0
24 10001.881 1e+20 1.0 1000.0 0 0
25 10001.881 1e+20 1.0 1000.0 0 0
26 10001.881 1e+20 1.0 1000.0 0 0
27 10001.881 1e+20 1.0 1000.0 0 0
28 10001.881 1e+20 1.0 1000.0 0 0
29 10001.881 1e+20 1.0 1000.0 0 0
30 10001.881 1e+20 1.0 1000.0 0 0
31 10001.881 1e+20 1.0 1000.0 0 0
32 10001.881 1e+20 1.0 1000.0 0 0
33 10001.881 1e+20 1.0 1000.0 0 0
34 10001.881 1e+20 1.0 1000.0 0 0
35 10001.881 1e+20 1.0 1000.0 0 0
36 10001.881 1e+20 1.0 1000.0 0 0
37 10001.881 1e+20 1.0 1000.0 0 0
38 10001.881 1e+20 1.0 1000.0 0 0
39 10001.881 1e+20 1.0 1000.0 0 0
40 10001.881 1e+20 1.0 1000.0 0 0
41 10001.881 1e+20 1.0 1000.0 0 0
42 10001.881 1e+20 1.0 1000.0 0 0
43 10001.881 1e+20 1.0 1000.0 0 0
44 10001.881 1e+20 1.0 1000.0 0 0
45 10001.881 1e+20 1.0 1000.0 0 0
46 10001.881 1e+20 1.0 1000.0 0 0
47 10001.881 1e+20 1.0 1000.0 0 0
48 10001.881 1e+20 1.0 1000.0 0 0
49 10001.881 1e+20 1.0 1000.0 0 0
50 10001.881 1e+20 1.0 1000.0 0 0
51 10001.881 1e+20 1.0 1000.0 0 0
52 10001.881 1e+20 1.0 1000.0 0 0
53 10001.881 1e+20 1.0 1000.0 0 0
54 10001.881 1e+20 1.0 1000.0 0 0
55 10001.881 1e+20 1.0 1000.0 0 0
56 10001.881 1e+20 1.0 1000.0 0 0
57 10001.881 1e+20 1.0 1000.0 0 0
58 10001.881 1e+20 1.0 1000.0 0 0
59 10001.881 1e+20 1.0 1000.0 0 0
60 10001.881 1e+20 1.0 1000.0 0 0
61 10001.881 1e+20 1.0 1000.0 0 0
62 10001.881 1e+20 1.0 1000.0 0 0
63 10001.881 1e+20 1.0 1000.0 0 0
64 10001.881 1e+20 1.0 1000.0 0 0
65 10001.881 1e+20 1.0 1000.0 0 0
66 10001.881 1e+20 1.0 1000.0 0 0
67 10001.881 1e+20 1.0 1000.0 0 0
68 10001.881 1e+20 1.0 1000.0 0 0
69 10001.881 1e+20 1.0 1000.0 0 0
70 10001.881 1e+20 1.0 1000.0 0 0
71 10001.881 1e+20 1.0 1000.0 0 0
72 10001.881 1e+20 1.0 1000.0 0 0
73 10001.881 1e+20 1.0 1000.0 0 0
74 10001.881 1e+20 1.0 1000.0 0 0
75 10001.881 1e+20 1.0 1000.0 0 0
76 10001.881 1e+20 1.0 1000.0 0 0
77 10001.881 1e+20 1.0 1000.0 0 0
78 10001.881 1e+20 1.0 1000.0 0 0
79 10001.881 1e+20 1.0 1000.0 0 0
80 10001.881 1e+20 1.0 1000.0 0 0
81 10001.881 1e+20 1.0 1000.0 0 0
82 10001.881 1e+20 1.0 1000.0 0 0
83 10001.881 1e+20 1.0 1000.0 0 0
84 10001.881 1e+20 1.0 1000.0 0 0
85 10001.881 1e+20 1.0 1000.0 0 0
86 10001.881 1e+20 1.0 1000.0 0 0
87 10001.881 1e+20 1.0 1000.0 0 0
88 10001.881 1e+20 1.0 1000.0 0 0
89 10001.881 1e+20 1.0 1000.0 0 0
90 10001.881 1e+20 1.0 1000.0 0 0
91 10001.881 1e+20 1.0 1000.0 0 0
92 10001.881 1e+20 1.0 1000.0 0 0
93 10001.881 1e+20 1.0 1000.0 0 0
94 10001.881 1e+20 1.0 1000.0 0 0
95 10001.881 1e+20 1.0 1000.0 0 0
96 10001.881 1e+20 1.0 1000.0 0 0
97 10001.881 1e+20 1.0 1000.0 0 0
98 10001.881 1e+20 1.0 1000.0 0 0
99 10001.881 1e+20 1.0 1000.0 0 0
100 10001.881 1e+20 1.0 1000.0 0 0
101 10001.881 1e+20 1.0 1000.0 0 0
102 10001.881 1e+20 1.0 1000.0 0 0
103 10001.881 1e+20 1.0 1000.0 0 0
104 10001.881 1e+20 1.0 1000.0 0 0
105 10001.881 1e+20 1.0 1000.0 0 0
106 10001.881 1e+20 1.0 1000.0 0 0
107 10001.881 1e+20 1.0 1000.0 0 0
108 10001.881 1e+20 1.0 1000.0 0 0
109 10001.881 1e+20 1.0 1000.0 0 0
110 10001.881 1e+20 1.0 1000.0 0 0
111 10001.881 1e+20 1.0 1000.0 0 0
112 10001.881 1e+20 1.0 1000.0 0 0
113 10001.881 1e+20 1.0 1000.0 0 0
114 10001.881 1e+20 1.0 1000.0 0 0
115 10001.881 1e+20 1.0 1000.0 0 0
116 10001.881 1e+20 1.0 1000.0 0 0
117 10001.881 1e+20 1.0 1000.0 0 0
118 10001.881 1e+20 1.0 1000.0 0 0
119 10001.881 1e+20 1.0 1000.0 0 0
120 10001.881 1e+20 1.0 1000.0 0 0
121 10001.881 1e+20 1.0 1000.0 0 0
122 10001.881 1e+20 1.0 1000.0 0 0
123 10001.881 1e+20 1.0 1000.0 0 0
124 10001.881 1e+20 1.0 1000.0 0 0
125 10001.881 1e+20 1.0 1000.0 0 0
126 10001.881 1e+20 1.0 1000.0 0 0
127 10001.881 1e+20 1.0 1000.0 0 0
128 10001.881 1e+20 1.0 1000.0 0 0
20202.0202020202
1 10001.98 1e+20 1.0 1000.0 0 0
2 10001.98 1e+20 1.0 1000.0 0 0
3 10001.98 1e+20 1.0 1000.0 0 0
4 10001.98 1e+20 1.0 1000.0 0 0
5 10001.98 1e+20 1.0 1000.0 0 0
6 10001.98 1e+20 1.0 1000.0 0 0
7 10001.98 1e+20 1.0 1000.0 0 0
8 10001.98 1e+20 1.0 1000.0 0 0
9 10001.98 1e+20 1.0 1000.0 0 0
10 10001.98 1e+20 1.0 1000.0 0 0
11 10001.98 1e+20 1.0 1000.0 0 0
12 10001.98 1e+20 1.0 1000.0 0 0
13 10001.98 1e+20 1.0 1000.0 0 0
14 10001.98 1e+20 1.0 1000.0 0 0
15 10001.98 1e+20 1.0 1000.0 0 0
16 10001.98 1e+20 1.0 1000.0 0 0
17 10001.98 1e+20 1.0 1000.0 0 0
18 10001.98 1e+20 1.0 1000.0 0 0
19 10001.98 1e+20 1.0 1000.0 0 0
20 10001.98 1e+20 1.0 1000.0 0 0
21 10001.98 1e+20 1.0 1000.0 0 0
22 10001.98 1e+20 1.0 1000.0 0 0
23 10001.98 1e+20 1.0 1000.0 0 0
24 10001.98 1e+20 1.0 1000.0 0 0
25 10001.98 1e+20 1.0 1000.0 0 0
26 10001.98 1e+20 1.0 1000.0 0 0
27 10001.98 1e+20 1.0 1000.0 0 0
28 10001.98 1e+20 1.0 1000.0 0 0
29 10001.98 1e+20 1.0 1000.0 0 0
30 10001.98 1e+20 1.0 1000.0 0 0
31 10001.98 1e+20 1.0 1000.0 0 0
32 10001.98 1e+20 1.0 1000.0 0 0
33 10001.98 1e+20 1.0 1000.0 0 0
34 10001.98 1e+20 1.0 1000.0 0 0
35 10001.98 1e+20 1.0 1000.0 0 0
36 10001.98 1e+20 1.0 1000.0 0 0
37 10001.98 1e+20 1.0 1000.0 0 0
38 10001.98 1e+20 1.0 1000.0 0 0
39 10001.98 1e+20 1.0 1000.0 0 0
40 10001.98 1e+20 1.0 1000.0 0 0
41 10001.98 1e+20 1.0 1000.0 0 0
42 10001.98 1e+20 1.0 1000.0 0 0
43 10001.98 1e+20 1.0 1000.0 0 0
44 10001.98 1e+20 1.0 1000.0 0 0
45 10001.98 1e+20 1.0 1000.0 0 0
46 10001.98 1e+20 1.0 1000.0 0 0
47 10001.98 1e+20 1.0 1000.0 0 0
48 10001.98 1e+20 1.0 1000.0 0 0
49 10001.98 1e+20 1.0 1000.0 0 0
50 10001.98 1e+20 1.0 1000.0 0 0
51 10001.98 1e+20 1.0 1000.0 0 0
52 10001.98 1e+20 1.0 1000.0 0 0
53 10001.98 1e+20 1.0 1000.0 0 0
54 10001.98 1e+20 1.0 1000.0 0 0
55 10001.98 1e+20 1.0 1000.0 0 0
56 10001.98 1e+20 1.0 1000.0 0 0
57 10001.98 1e+20 1.0 1000.0 0 0
58 10001.98 1e+20 1.0 1000.0 0 0
59 10001.98 1e+20 1.0 1000.0 0 0
60 10001.98 1e+20 1.0 1000.0 0 0
61 10001.98 1e+20 1.0 1000.0 0 0
62 10001.98 1e+20 1.0 1000.0 0 0
63 10001.98 1e+20 1.0 1000.0 0 0
64 10001.98 1e+20 1.0 1000.0 0 0
65 10001.98 1e+20 1.0 1000.0 0 0
66 10001.98 1e+20 1.0 1000.0 0 0
67 10001.98 1e+20 1.0 1000.0 0 0
68 10001.98 1e+20 1.0 1000.0 0 0
69 10001.98 1e+20 1.0 1000.0 0 0
70 10001.98 1e+20 1.0 1000.0 0 0
71 10001.98 1e+20 1.0 1000.0 0 0
72 10001.98 1e+20 1.0 1000.0 0 0
73 10001.98 1e+20 1.0 1000.0 0 0
74 10001.98 1e+20 1.0 1000.0 0 0
75 10001.98 1e+20 1.0 1000.0 0 0
76 10001.98 1e+20 1.0 1000.0 0 0
77 10001.98 1e+20 1.0 1000.0 0 0
78 10001.98 1e+20 1.0 1000.0 0 0
79 10001.98 1e+20 1.0 1000.0 0 0
80 10001.98 1e+20 1.0 1000.0 0 0
81 10001.98 1e+20 1.0 1000.0 0 0
82 10001.98 1e+20 1.0 1000.0 0 0
83 10001.98 1e+20 1.0 1000.0 0 0
84 10001.98 1e+20 1.0 1000.0 0 0
85 10001.98 1e+20 1.0 1000.0 0 0
86 10001.98 1e+20 1.0 1000.0 0 0
87 10001.98 1e+20 1.0 1000.0 0 0
88 10001.98 1e+20 1.0 1000.0 0 0
89 10001.98 1e+20 1.0 1000.0 0 0
90 10001.98 1e+20 1.0 1000.0 0 0
91 10001.98 1e+20 1.0 1000.0 0 0
92 10001.98 1e+20 1.0 1000.0 0 0
93 10001.98 1e+20 1.0 1000.0 0 0
94 10001.98 1e+20 1.0 1000.0 0 0
95 10001.98 1e+20 1.0 1000.0 0 0
96 10001.98 1e+20 1.0 1000.0 0 0
97 10001.98 1e+20 1.0 1000.0 0 0
98 10001.98 1e+20 1.0 1000.0 0 0
99 10001.98 1e+20 1.0 1000.0 0 0
100 10001.98 1e+20 1.0 1000.0 0 0
101 10001.98 1e+20 1.0 1000.0 0 0
102 10001.98 1e+20 1.0 1000.0 0 0
103 10001.98 1e+20 1.0 1000.0 0 0
104 10001.98 1e+20 1.0 1000.0 0 0
105 10001.98 1e+20 1.0 1000.0 0 0
106 10001.98 1e+20 1.0 1000.0 0 0
107 10001.98 1e+20 1.0 1000.0 0 0
108 10001.98 1e+20 1.0 1000.0 0 0
109 10001.98 1e+20 1.0 1000.0 0 0
110 10001.98 1e+20 1.0 1000.0 0 0
111 10001.98 1e+20 1.0 1000.0 0 0
112 10001.98 1e+20 1.0 1000.0 0 0
113 10001.98 1e+20 1.0 1000.0 0 0
114 10001.98 1e+20 1.0 1000.0 0 0
115 10001.98 1e+20 1.0 1000.0 0 0
116 10001.98 1e+20 1.0 1000.0 0 0
117 10001.98 1e+20 1.0 1000.0 0 0
118 10001.98 1e+20 1.0 1000.0 0 0
119 10001.98 1e+20 1.0 1000.0 0 0
120 10001.98 1e+20 1.0 1000.0 0 0
121 10001.98 1e+20 1.0 1000.0 0 0
122 10001.98 1e+20 1.0 1000.0 0 0
123 10001.98 1e+20 1.0 1000.0 0 0
124 10001.98 1e+20 1.0 1000.0 0 0
125 10001.98 1e+20 1.0 1000.0 0 0
126 10001.98 1e+20 1.0 1000.0 0 0
127 10001.98 1e+20 1.0 1000.0 0 0
128 10001.98 1e+20 1.0 1000.0 0 0
21212.121212121212
1 10002.079 1e+20 1.0 1000.0 0 0
2 10002.079 1e+20 1.0 1000.0 0 0
3 10002.079 1e+20 1.0 1000.0 0 0
4 10002.079 1e+20 1.0 1000.0 0 0
5 10002.079 1e+20 1.0 1000.0 0 0
6 10002.079 1e+20 1.0 1000.0 0 0
7 10002.079 1e+20 1.0 1000.0 0 0
8 10002.079 1e+20 1.0 1000.0 0 0
9 10002.079 1e+20 1.0 1000.0 0 0
10 10002.079 1e+20 1.0 1000.0 0 0
11 10002.079 1e+20 1.0 1000.0 0 0
12 10002.079 1e+20 1.0 1000.0 0 0
13 10002.079 1e+20 1.0 1000.0 0 0
14 10002.079 1e+20 1.0 1000.0 0 0
15 10002.079 1e+20 1.0 1000.0 0 0
16 10002.079 1e+20 1.0 1000.0 0 0
17 10002.079 1e+20 1.0 1000.0 0 0
18 10002.079 1e+20 1.0 1000.0 0 0
19 10002.079 1e+20 1.0 1000.0 0 0
20 10002.079 1e+20 1.0 1000.0 0 0
21 10002.079 1e+20 1.0 1000.0 0 0
22 10002.079 1e+20 1.0 1000.0 0 0
23 10002.079 1e+20 1.0 1000.0 0 0
24 10002.079 1e+20 1.0 1000.0 0 0
25 10002.079 1e+20 1.0 1000.0 0 0
26 10002.079 1e+20 1.0 1000.0 0 0
27 10002.079 1e+20 1.0 1000.0 0 0
28 10002.079 1e+20 1.0 1000.0 0 0
29 10002.079 1e+20 1.0 1000.0 0 0
30 10002.079 1e+20 1.0 1000.0 0 0
31 10002.079 1e+20 1.0 1000.0 0 0
32 10002.079 1e+20 1.0 1000.0 0 0
33 10002.079 1e+20 1.0 1000.0 0 0
34 10002.079 1e+20 1.0 1000.0 0 0
35 10002.079 1e+20 1.0 1000.0 0 0
36 10002.079 1e+20 1.0 1000.0 0 0
37 10002.079 1e+20 1.0 1000.0 0 0
38 10002.079 1e+20 1.0 1000.0 0 0
39 10002.079 1e+20 1.0 1000.0 0 0
40 10002.079 1e+20 1.0 1000.0 0 0
41 10002.079 1e+20 1.0 1000.0 0 0
42 10002.079 1e+20 1.0 1000.0 0 0
43 10002.079 1e+20 1.0 1000.0 0 0
44 10002.079 1e+20 1.0 1000.0 0 0
45 10002.079 1e+20 1.0 1000.0 0 0
46 10002.079 1e+20 1.0 1000.0 0 0
47 10002.079 1e+20 1.0 1000.0 0 0
48 10002.079 1e+20 1.0 1000.0 0 0
49 10002.079 1e+20 1.0 1000.0 0 0
50 10002.079 1e+20 1.0 1000.0 0 0
51 10002.079 1e+20 1.0 1000.0 0 0
52 10002.079 1e+20 1.0 1000.0 0 0
53 10002.079 1e+20 1.0 1000.0 0 0
54 10002.079 1e+20 1.0 1000.0 0 0
55 10002.079 1e+20 1.0 1000.0 0 0
56 10002.079 1e+20 1.0 1000.0 0 0
57 10002.079 1e+20 1.0 1000.0 0 0
58 10002.079 1e+20 1.0 1000.0 0 0
59 10002.079 1e+20 1.0 1000.0 0 0
60 10002.079 1e+20 1.0 1000.0 0 0
61 10002.079 1e+20 1.0 1000.0 0 0
62 10002.079 1e+20 1.0 1000.0 0 0
63 10002.079 1e+20 1.0 1000.0 0 0
64 10002.079 1e+20 1.0 1000.0 0 0
65 10002.079 1e+20 1.0 1000.0 0 0
66 10002.079 1e+20 1.0 1000.0 0 0
67 10002.079 1e+20 1.0 1000.0 0 0
68 10002.079 1e+20 1.0 1000.0 0 0
69 10002.079 1e+20 1.0 1000.0 0 0
70 10002.079 1e+20 1.0 1000.0 0 0
71 10002.079 1e+20 1.0 1000.0 0 0
72 10002.079 1e+20 1.0 1000.0 0 0
73 10002.079 1e+20 1.0 1000.0 0 0
74 10002.079 1e+20 1.0 1000.0 0 0
75 10002.079 1e+20 1.0 1000.0 0 0
76 10002.079 1e+20 1.0 1000.0 0 0
77 10002.079 1e+20 1.0 1000.0 0 0
78 10002.079 1e+20 1.0 1000.0 0 0
79 10002.079 1e+20 1.0 1000.0 0 0
80 10002.079 1e+20 1.0 1000.0 0 0
81 10002.079 1e+20 1.0 1000.0 0 0
82 10002.079 1e+20 1.0 1000.0 0 0
83 10002.079 1e+20 1.0 1000.0 0 0
84 10002.079 1e+20 1.0 1000.0 0 0
85 10002.079 1e+20 1.0 1000.0 0 0
86 10002.079 1e+20 1.0 1000.0 0 0
87 10002.079 1e+20 1.0 1000.0 0 0
88 10002.079 1e+20 1.0 1000.0 0 0
89 10002.079 1e+20 1.0 1000.0 0 0
90 10002.079 1e+20 1.0 1000.0 0 0
91 10002.079 1e+20 1.0 1000.0 0 0
92 10002.079 1e+20 1.0 1000.0 0 0
93 10002.079 1e+20 1.0 1000.0 0 0
94 10002.079 1e+20 1.0 1000.0 0 0
95 10002.079 1e+20 1.0 1000.0 0 0
96 10002.079 1e+20 1.0 1000.0 0 0
97 10002.079 1e+20 1.0 1000.0 0 0
98 10002.079 1e+20 1.0 1000.0 0 0
99 10002.079 1e+20 1.0 1000.0 0 0
100 10002.079 1e+20 1.0 1000.0 0 0
101 10002.079 1e+20 1.0 1000.0 0 0
102 10002.079 1e+20 1.0 1000.0 0 0
103 10002.079 1e+20 1.0 1000.0 0 0
104 10002.079 1e+20 1.0 1000.0 0 0
105 10002.079 1e+20 1.0 1000.0 0 0
106 10002.079 1e+20 1.0 1000.0 0 0
107 10002.079 1e+20 1.0 1000.0 0 0
108 10002.079 1e+20 1.0 1000.0 0 0
109 10002.079 1e+20 1.0 1000.0 0 0
110 10002.079 1e+20 1.0 1000.0 0 0
111 10002.079 1e+20 1.0 1000.0 0 0
112 10002.079 1e+20 1.0 1000.0 0 0
113 10002.079 1e+20 1.0 1000.0 0 0
114 10002.079 1e+20 1.0 1000.0 0 0
115 10002.079 1e+20 1.0 1000.0 0 0
116 10002.079 1e+20 1.0 1000.0 0 0
117 10002.079 1e+20 1.0 1000.0 0 0
118 10002.079 1e+20 1.0 1000.0 0 0
119 10002.079 1e+20 1.0 1000.0 0 0
120 10002.079 1e+20 1.0 1000.0 0 0
121 10002.079 1e+20 1.0 1000.0 0 0
122 10002.079 1e+20 1.0 1000.0 0 0
123 10002.079 1e+20 1.0 1000.0 0 0
124 10002.079 1e+20 1.0 1000.0 0 0
125 10002.079 1e+20 1.0 1000.0 0 0
126 10002.079 1e+20 1.0 1000.0 0 0
127 10002.079 1e+20 1.0 1000.0 0 0
128 10002.079 1e+20 1.0 1000.0 0 0
22222.222222222223
1 10002.178 1e+20 1.0 1000.0 0 0
2 10002.178 1e+20 1.0 1000.0 0 0
3 10002.178 1e+20 1.0 1000.0 0 0
4 10002.178 1e+20 1.0 1000.0 0 0
5 10002.178 1e+20 1.0 1000.0 0 0
6 10002.178 1e+20 1.0 1000.0 0 0
7 10002.178 1e+20 1.0 1000.0 0 0
8 10002.178 1e+20 1.0 1000.0 0 0
9 10002.178 1e+20 1.0 1000.0 0 0
10 10002.178 1e+20 1.0 1000.0 0 0
11 10002.178 1e+20 1.0 1000.0 0 0
12 10002.178 1e+20 1.0 1000.0 0 0
13 10002.178 1e+20 1.0 1000.0 0 0
14 10002.178 1e+20 1.0 1000.0 0 0
15 10002.178 1e+20 1.0 1000.0 0 0
16 10002.178 1e+20 1.0 1000.0 0 0
17 10002.178 1e+20 1.0 1000.0 0 0
18 10002.178 1e+20 1.0 1000.0 0 0
19 10002.178 1e+20 1.0 1000.0 0 0
20 10002.178 1e+20 1.0 1000.0 0 0
21 10002.178 1e+20 1.0 1000.0 0 0
22 10002.178 1e+20 1.0 1000.0 0 0
23 10002.178 1e+20 1.0 1000.0 0 0
24 10002.178 1e+20 1.0 1000.0 0 0
25 10002.178 1e+20 1.0 1000.0 0 0
26 10002.178 1e+20 1.0 1000.0 0 0
27 10002.178 1e+20 1.0 1000.0 0 0
28 10002.178 1e+20 1.0 1000.0 0 0
29 10002.178 1e+20 1.0 1000.0 0 0
30 10002.178 1e+20 1.0 1000.0 0 0
31 10002.178 1e+20 1.0 1000.0 0 0
32 10002.178 1e+20 1.0 1000.0 0 0
33 10002.178 1e+20 1.0 1000.0 0 0
34 10002.178 1e+20 1.0 1000.0 0 0
35 10002.178 1e+20 1.0 1000.0 0 0
36 10002.178 1e+20 1.0 1000.0 0 0
37 10002.178 1e+20 1.0 1000.0 0 0
38 10002.178 1e+20 1.0 1000.0 0 0
39 10002.178 1e+20 1.0 1000.0 0 0
40 10002.178 1e+20 1.0 1000.0 0 0
41 10002.178 1e+20 1.0 1000.0 0 0
42 10002.178 1e+20 1.0 1000.0 0 0
43 10002.178 1e+20 1.0 1000.0 0 0
44 10002.178 1e+20 1.0 1000.0 0 0
45 10002.178 1e+20 1.0 1000.0 0 0
46 10002.178 1e+20 1.0 1000.0 0 0
47 10002.178 1e+20 1.0 1000.0 0 0
48 10002.178 1e+20 1.0 1000.0 0 0
49 10002.178 1e+20 1.0 1000.0 0 0
50 10002.178 1e+20 1.0 1000.0 0 0
51 10002.178 1e+20 1.0 1000.0 0 0
52 10002.178 1e+20 1.0 1000.0 0 0
53 10002.178 1e+20 1.0 1000.0 0 0
54 10002.178 1e+20 1.0 1000.0 0 0
55 10002.178 1e+20 1.0 1000.0 0 0
56 10002.178 1e+20 1.0 1000.0 0 0
57 10002.178 1e+20 1.0 1000.0 0 0
58 10002.178 1e+20 1.0 1000.0 0 0
59 10002.178 1e+20 1.0 1000.0 0 0
60 10002.178 1e+20 1.0 1000.0 0 0
61 10002.178 1e+20 1.0 1000.0 0 0
62 10002.178 1e+20 1.0 1000.0 0 0
63 10002.178 1e+20 1.0 1000.0 0 0
64 10002.178 1e+20 1.0 1000.0 0 0
65 10002.178 1e+20 1.0 1000.0 0 0
66 10002.178 1e+20 1.0 1000.0 0 0
67 10002.178 1e+20 1.0 1000.0 0 0
68 10002.178 1e+20 1.0 1000.0 0 0
69 10002.178 1e+20 1.0 1000.0 0 0
70 10002.178 1e+20 1.0 1000.0 0 0
71 10002.178 1e+20 1.0 1000.0 0 0
72 10002.178 1e+20 1.0 1000.0 0 0
73 10002.178 1e+20 1.0 1000.0 0 0
74 10002.178 1e+20 1.0 1000.0 0 0
75 10002.178 1e+20 1.0 1000.0 0 0
76 10002.178 1e+20 1.0 1000.0 0 0
77 10002.178 1e+20 1.0 1000.0 0 0
78 10002.178 1e+20 1.0 1000.0 0 0
79 10002.178 1e+20 1.0 1000.0 0 0
80 10002.178 1e+20 1.0 1000.0 0 0
81 10002.178 1e+20 1.0 1000.0 0 0
82 10002.178 1e+20 1.0 1000.0 0 0
83 10002.178 1e+20 1.0 1000.0 0 0
84 10002.178 1e+20 1.0 1000.0 0 0
85 10002.178 1e+20 1.0 1000.0 0 0
86 10002.178 1e+20 1.0 1000.0 0 0
87 10002.178 1e+20 1.0 1000.0 0 0
88 10002.178 1e+20 1.0 1000.0 0 0
89 10002.178 1e+20 1.0 1000.0 0 0
90 10002.178 1e+20 1.0 1000.0 0 0
91 10002.178 1e+20 1.0 1000.0 0 0
92 10002.178 1e+20 1.0 1000.0 0 0
93 10002.178 1e+20 1.0 1000.0 0 0
94 10002.178 1e+20 1.0 1000.0 0 0
95 10002.178 1e+20 1.0 1000.0 0 0
96 10002.178 1e+20 1.0 1000.0 0 0
97 10002.178 1e+20 1.0 1000.0 0 0
98 10002.178 1e+20 1.0 1000.0 0 0
99 10002.178 1e+20 1.0 1000.0 0 0
100 10002.178 1e+20 1.0 1000.0 0 0
101 10002.178 1e+20 1.0 1000.0 0 0
102 10002.178 1e+20 1.0 1000.0 0 0
103 10002.178 1e+20 1.0 1000.0 0 0
104 10002.178 1e+20 1.0 1000.0 0 0
105 10002.178 1e+20 1.0 1000.0 0 0
106 10002.178 1e+20 1.0 1000.0 0 0
107 10002.178 1e+20 1.0 1000.0 0 0
108 10002.178 1e+20 1.0 1000.0 0 0
109 10002.178 1e+20 1.0 1000.0 0 0
110 10002.178 1e+20 1.0 1000.0 0 0
111 10002.178 1e+20 1.0 1000.0 0 0
112 10002.178 1e+20 1.0 1000.0 0 0
113 10002.178 1e+20 1.0 1000.0 0 0
114 10002.178 1e+20 1.0 1000.0 0 0
115 10002.178 1e+20 1.0 1000.0 0 0
116 10002.178 1e+20 1.0 1000.0 0 0
117 10002.178 1e+20 1.0 1000.0 0 0
118 10002.178 1e+20 1.0 1000.0 0 0
119 10002.178 1e+20 1.0 1000.0 0 0
120 10002.178 1e+20 1.0 1000.0 0 0
121 10002.178 1e+20 1.0 1000.0 0 0
122 10002.178 1e+20 1.0 1000.0 0 0
123 10002.178 1e+20 1.0 1000.0 0 0
124 10002.178 1e+20 1.0 1000.0 0 0
125 10002.178 1e+20 1.0 1000.0 0 0
126 10002.178 1e+20 1.0 1000.0 0 0
127 10002.178 1e+20 1.0 1000.0 0 0
128 10002.178 1e+20 1.0 1000.0 0 0
23232.32323232323
1 10002.277 1e+20 1.0 1000.0 0 0
2 10002.277 1e+20 1.0 1000.0 0 0
3 10002.277 1e+20 1.0 1000.0 0 0
4 10002.277 1e+20 1.0 1000.0 0 0
5 10002.277 1e+20 1.0 1000.0 0 0
6 10002.277 1e+20 1.0 1000.0 0 0
7 10002.277 1e+20 1.0 1000.0 0 0
8 10002.277 1e+20 1.0 1000.0 0 0
9 10002.277 1e+20 1.0 1000.0 0 0
10 10002.277 1e+20 1.0 1000.0 0 0
11 10002.277 1e+20 1.0 1000.0 0 0
12 10002.277 1e+20 1.0 1000.0 0 0
13 10002.277 1e+20 1.0 1000.0 0 0
14 10002.277 1e+20 1.0 1000.0 0 0
15 10002.277 1e+20 1.0 1000.0 0 0
16 10002.277 1e+20 1.0 1000.0 0 0
17 10002.277 1e+20 1.0 1000.0 0 0
18 10002.277 1e+20 1.0 1000.0 0 0
19 10002.277 1e+20 1.0 1000.0 0 0
20 10002.277 1e+20 1.0 1000.0 0 0
21 10002.277 1e+20 1.0 1000.0 0 0
22 10002.277 1e+20 1.0 1000.0 0 0
23 10002.277 1e+20 1.0 1000.0 0 0
24 10002.277 1e+20 1.0 1000.0 0 0
25 10002.277 1e+20 1.0 1000.0 0 0
26 10002.277 1e+20 1.0 1000.0 0 0
27 10002.277 1e+20 1.0 1000.0 0 0
28 10002.277 1e+20 1.0 1000.0 0 0
29 10002.277 1e+20 1.0 1000.0 0 0
30 10002.277 1e+20 1.0 1000.0 0 0
31 10002.277 1e+20 1.0 1000.0 0 0
32 10002.277 1e+20 1.0 1000.0 0 0
33 10002.277 1e+20 1.0 1000.0 0 0
34 10002.277 1e+20 1.0 1000.0 0 0
35 10002.277 1e+20 1.0 1000.0 0 0
36 10002.277 1e+20 1.0 1000.0 0 0
37 10002.277 1e+20 1.0 1000.0 0 0
38 10002.277 1e+20 1.0 1000.0 0 0
39 10002.277 1e+20 1.0 1000.0 0 0
40 10002.277 1e+20 1.0 1000.0 0 0
41 10002.277 1e+20 1.0 1000.0 0 0
42 10002.277 1e+20 1.0 1000.0 0 0
43 10002.277 1e+20 1.0 1000.0 0 0
44 10002.277 1e+20 1.0 1000.0 0 0
45 10002.277 1e+20 1.0 1000.0 0 0
46 10002.277 1e+20 1.0 1000.0 0 0
47 10002.277 1e+20 1.0 1000.0 0 0
48 10002.277 1e+20 1.0 1000.0 0 0
49 10002.277 1e+20 1.0 1000.0 0 0
50 10002.277 1e+20 1.0 1000.0 0 0
51 10002.277 1e+20 1.0 1000.0 0 0
52 10002.277 1e+20 1.0 1000.0 0 0
53 10002.277 1e+20 1.0 1000.0 0 0
54 10002.277 1e+20 1.0 1000.0 0 0
55 10002.277 1e+20 1.0 1000.0 0 0
56 10002.277 1e+20 1.0 1000.0 0 0
57 10002.277 1e+20 1.0 1000.0 0 0
58 10002.277 1e+20 1.0 1000.0 0 0
59 10002.277 1e+20 1.0 1000.0 0 0
60 10002.277 1e+20 1.0 1000.0 0 0
61 10002.277 1e+20 1.0 1000.0 0 0
62 10002.277 1e+20 1.0 1000.0 0 0
63 10002.277 1e+20 1.0 1000.0 0 0
64 10002.277 1e+20 1.0 1000.0 0 0
65 10002.277 1e+20 1.0 1000.0 0 0
66 10002.277 1e+20 1.0 1000.0 0 0
67 10002.277 1e+20 1.0 1000.0 0 0
68 10002.277 1e+20 1.0 1000.0 0 0
69 10002.277 1e+20 1.0 1000.0 0 0
70 10002.277 1e+20 1.0 1000.0 0 0
71 10002.277 1e+20 1.0 1000.0 0 0
72 10002.277 1e+20 1.0 1000.0 0 0
73 10002.277 1e+20 1.0 1000.0 0 0
74 10002.277 1e+20 1.0 1000.0 0 0
75 10002.277 1e+20 1.0 1000.0 0 0
76 10002.277 1e+20 1.0 1000.0 0 0
77 10002.277 1e+20 1.0 1000.0 0 0
78 10002.277 1e+20 1.0 1000.0 0 0
79 10002.277 1e+20 1.0 1000.0 0 0
80 10002.277 1e+20 1.0 1000.0 0 0
81 10002.277 1e+20 1.0 1000.0 0 0
82 10002.277 1e+20 1.0 1000.0 0 0
83 10002.277 1e+20 1.0 1000.0 0 0
84 10002.277 1e+20 1.0 1000.0 0 0
85 10002.277 1e+20 1.0 1000.0 0 0
86 10002.277 1e+20 1.0 1000.0 0 0
87 10002.277 1e+20 1.0 1000.0 0 0
88 10002.277 1e+20 1.0 1000.0 0 0
89 10002.277 1e+20 1.0 1000.0 0 0
90 10002.277 1e+20 1.0 1000.0 0 0
91 10002.277 1e+20 1.0 1000.0 0 0
92 10002.277 1e+20 1.0 1000.0 0 0
93 10002.277 1e+20 1.0 1000.0 0 0
94 10002.277 1e+20 1.0 1000.0 0 0
95 10002.277 1e+20 1.0 1000.0 0 0
96 10002.277 1e+20 1.0 1000.0 0 0
97 10002.277 1e+20 1.0 1000.0 0 0
98 10002.277 1e+20 1.0 1000.0 0 0
99 10002.277 1e+20 1.0 1000.0 0 0
100 10002.277 1e+20 1.0 1000.0 0 0
101 10002.277 1e+20 1.0 1000.0 0 0
102 10002.277 1e+20 1.0 1000.0 0 0
103 10002.277 1e+20 1.0 1000.0 0 0
104 10002.277 1e+20 1.0 1000.0 0 0
105 10002.277 1e+20 1.0 1000.0 0 0
106 10002.277 1e+20 1.0 1000.0 0 0
107 10002.277 1e+20 1.0 1000.0 0 0
108 10002.277 1e+20 1.0 1000.0 0 0
109 10002.277 1e+20 1.0 1000.0 0 0
110 10002.277 1e+20 1.0 1000.0 0 0
111 10002.277 1e+20 1.0 1000.0 0 0
112 10002.277 1e+20 1.0 1000.0 0 0
113 10002.277 1e+20 1.0 1000.0 0 0
114 10002.277 1e+20 1.0 1000.0 0 0
115 10002.277 1e+20 1.0 1000.0 0 0
116 10002.277 1e+20 1.0 1000.0 0 0
117 10002.277 1e+20 1.0 1000.0 0 0
118 10002.277 1e+20 1.0 1000.0 0 0
119 10002.277 1e+20 1.0 1000.0 0 0
120 10002.277 1e+20 1.0 1000.0 0 0
121 10002.277 1e+20 1.0 1000.0 0 0
122 10002.277 1e+20 1.0 1000.0 0 0
123 10002.277 1e+20 1.0 1000.0 0 0
124 10002.277 1e+20 1.0 1000.0 0 0
125 10002.277 1e+20 1.0 1000.0 0 0
126 10002.277 1e+20 1.0 1000.0 0 0
127 10002.277 1e+20 1.0 1000.0 0 0
128 10002.277 1e+20 1.0 1000.0 0 0
24242.42424242424
1 10002.376 1e+20 1.0 1000.0 0 0
2 10002.376 1e+20 1.0 1000.0 0 0
3 10002.376 1e+20 1.0 1000.0 0 0
4 10002.376 1e+20 1.0 1000.0 0 0
5 10002.376 1e+20 1.0 1000.0 0 0
6 10002.376 1e+20 1.0 1000.0 0 0
7 10002.376 1e+20 1.0 1000.0 0 0
8 10002.376 1e+20 1.0 1000.0 0 0
9 10002.376 1e+20 1.0 1000.0 0 0
10 10002.376 1e+20 1.0 1000.0 0 0
11 10002.376 1e+20 1.0 1000.0 0 0
12 10002.376 1e+20 1.0 1000.0 0 0
13 10002.376 1e+20 1.0 1000.0 0 0
14 10002.376 1e+20 1.0 1000.0 0 0
15 10002.376 1e+20 1.0 1000.0 0 0
16 10002.376 1e+20 1.0 1000.0 0 0
17 10002.376 1e+20 1.0 1000.0 0 0
18 10002.376 1e+20 1.0 1000.0 0 0
19 10002.376 1e+20 1.0 1000.0 0 0
20 10002.376 1e+20 1.0 1000.0 0 0
21 10002.376 1e+20 1.0 1000.0 0 0
22 10002.376 1e+20 1.0 1000.0 0 0
23 10002.376 1e+20 1.0 1000.0 0 0
24 10002.376 1e+20 1.0 1000.0 0 0
25 10002.376 1e+20 1.0 1000.0 0 0
26 10002.376 1e+20 1.0 1000.0 0 0
27 10002.376 1e+20 1.0 1000.0 0 0
28 10002.376 1e+20 1.0 1000.0 0 0
29 10002.376 1e+20 1.0 1000.0 0 0
30 10002.376 1e+20 1.0 1000.0 0 0
31 10002.376 1e+20 1.0 1000.0 0 0
32 10002.376 1e+20 1.0 1000.0 0 0
33 10002.376 1e+20 1.0 1000.0 0 0
34 10002.376 1e+20 1.0 1000.0 0 0
35 10002.376 1e+20 1.0 1000.0 0 0
36 10002.376 1e+20 1.0 1000.0 0 0
37 10002.376 1e+20 1.0 1000.0 0 0
38 10002.376 1e+20 1.0 1000.0 0 0
39 10002.376 1e+20 1.0 1000.0 0 0
40 10002.376 1e+20 1.0 1000.0 0 0
41 10002.376 1e+20 1.0 1000.0 0 0
42 10002.376 1e+20 1.0 1000.0 0 0
43 10002.376 1e+20 1.0 1000.0 0 0
44 10002.376 1e+20 1.0 1000.0 0 0
45 10002.376 1e+20 1.0 1000.0 0 0
46 10002.376 1e+20 1.0 1000.0 0 0
47 10002.376 1e+20 1.0 1000.0 0 0
48 10002.376 1e+20 1.0 1000.0 0 0
49 10002.376 1e+20 1.0 1000.0 0 0
50 10002.376 1e+20 1.0 1000.0 0 0
51 10002.376 1e+20 1.0 1000.0 0 0
52 10002.376 1e+20 1.0 1000.0 0 0
53 10002.376 1e+20 1.0 1000.0 0 0
54 10002.376 1e+20 1.0 1000.0 0 0
55 10002.376 1e+20 1.0 1000.0 0 0
56 10002.376 1e+20 1.0 1000.0 0 0
57 10002.376 1e+20 1.0 1000.0 0 0
58 10002.376 1e+20 1.0 1000.0 0 0
59 10002.376 1e+20 1.0 1000.0 0 0
60 10002.376 1e+20 1.0 1000.0 0 0
61 10002.376 1e+20 1.0 1000.0 0 0
62 10002.376 1e+20 1.0 1000.0 0 0
63 10002.376 1e+20 1.0 1000.0 0 0
64 10002.376 1e+20 1.0 1000.0 0 0
65 10002.376 1e+20 1.0 1000.0 0 0
66 10002.376 1e+20 1.0 1000.0 0 0
67 10002.376 1e+20 1.0 1000.0 0 0
68 10002.376 1e+20 1.0 1000.0 0 0
69 10002.376 1e+20 1.0 1000.0 0 0
70 10002.376 1e+20 1.0 1000.0 0 0
71 10002.376 1e+20 1.0 1000.0 0 0
72 10002.376 1e+20 1.0 1000.0 0 0
73 10002.376 1e+20 1.0 1000.0 0 0
74 10002.376 1e+20 1.0 1000.0 0 0
75 10002.376 1e+20 1.0 1000.0 0 0
76 10002.376 1e+20 1.0 1000.0 0 0
77 10002.376 1e+20 1.0 1000.0 0 0
78 10002.376 1e+20 1.0 1000.0 0 0
79 10002.376 1e+20 1.0 1000.0 0 0
80 10002.376 1e+20 1.0 1000.0 0 0
81 10002.376 1e+20 1.0 1000.0 0 0
82 10002.376 1e+20 1.0 1000.0 0 0
83 10002.376 1e+20 1.0 1000.0 0 0
84 10002.376 1e+20 1.0 1000.0 0 0
85 10002.376 1e+20 1.0 1000.0 0 0
86 10002.376 1e+20 1.0 1000.0 0 0
87 10002.376 1e+20 1.0 1000.0 0 0
88 10002.376 1e+20 1.0 1000.0 0 0
89 10002.376 1e+20 1.0 1000.0 0 0
90 10002.376 1e+20 1.0 1000.0 0 0
91 10002.376 1e+20 1.0 1000.0 0 0
92 10002.376 1e+20 1.0 1000.0 0 0
93 10002.376 1e+20 1.0 1000.0 0 0
94 10002.376 1e+20 1.0 1000.0 0 0
95 10002.376 1e+20 1.0 1000.0 0 0
96 10002.376 1e+20 1.0 1000.0 0 0
97 10002.376 1e+20 1.0 1000.0 0 0
98 10002.376 1e+20 1.0 1000.0 0 0
99 10002.376 1e+20 1.0 1000.0 0 0
100 10002.376 1e+20 1.0 1000.0 0 0
101 10002.376 1e+20 1.0 1000.0 0 0
102 10002.376 1e+20 1.0 1000.0 0 0
103 10002.376 1e+20 1.0 1000.0 0 0
104 10002.376 1e+20 1.0 1000.0 0 0
105 10002.376 1e+20 1.0 1000.0 0 0
106 10002.376 1e+20 1.0 1000.0 0 0
107 10002.376 1e+20 1.0 1000.0 0 0
108 10002.376 1e+20 1.0 1000.0 0 0
109 10002.376 1e+20 1.0 1000.0 0 0
110 10002.376 1e+20 1.0 1000.0 0 0
111 10002.376 1e+20 1.0 1000.0 0 0
112 10002.376 1e+20 1.0 1000.0 0 0
113 10002.376 1e+20 1.0 1000.0 0 0
114 10002.376 1e+20 1.0 1000.0 0 0
115 10002.376 1e+20 1.0 1000.0 0 0
116 10002.376 1e+20 1.0 1000.0 0 0
117 10002.376 1e+20 1.0 1000.0 0 0
118 10002.376 1e+20 1.0 1000.0 0 0
119 10002.376 1e+20 1.0 1000.0 0 0
120 10002.376 1e+20 1.0 1000.0 0 0
121 10002.376 1e+20 1.0 1000.0 0 0
122 10002.376 1e+20 1.0 1000.0 0 0
123 10002.376 1e+20 1.0 1000.0 0 0
124 10002.376 1e+20 1.0 1000.0 0 0
125 10002.376 1e+20 1.0 1000.0 0 0
126 10002.376 1e+20 1.0 1000.0 0 0
127 10002.376 1e+20 1.0 1000.0 0 0
128 10002.376 1e+20 1.0 1000.0 0 0
25252.52525252525
1 10002.475 1e+20 1.0 1000.0 0 0
2 10002.475 1e+20 1.0 1000.0 0 0
3 10002.475 1e+20 1.0 1000.0 0 0
4 10002.475 1e+20 1.0 1000.0 0 0
5 10002.475 1e+20 1.0 1000.0 0 0
6 10002.475 1e+20 1.0 1000.0 0 0
7 10002.475 1e+20 1.0 1000.0 0 0
8 10002.475 1e+20 1.0 1000.0 0 0
9 10002.475 1e+20 1.0 1000.0 0 0
10 10002.475 1e+20 1.0 1000.0 0 0
11 10002.475 1e+20 1.0 1000.0 0 0
12 10002.475 1e+20 1.0 1000.0 0 0
13 10002.475 1e+20 1.0 1000.0 0 0
14 10002.475 1e+20 1.0 1000.0 0 0
15 10002.475 1e+20 1.0 1000.0 0 0
16 10002.475 1e+20 1.0 1000.0 0 0
17 10002.475 1e+20 1.0 1000.0 0 0
18 10002.475 1e+20 1.0 1000.0 0 0
19 10002.475 1e+20 1.0 1000.0 0 0
20 10002.475 1e+20 1.0 1000.0 0 0
21 10002.475 1e+20 1.0 1000.0 0 0
22 10002.475 1e+20 1.0 1000.0 0 0
23 10002.475 1e+20 1.0 1000.0 0 0
24 10002.475 1e+20 1.0 1000.0 0 0
25 10002.475 1e+20 1.0 1000.0 0 0
26 10002.475 1e+20 1.0 1000.0 0 0
27 10002.475 1e+20 1.0 1000.0 0 0
28 10002.475 1e+20 1.0 1000.0 0 0
29 10002.475 1e+20 1.0 1000.0 0 0
30 10002.475 1e+20 1.0 1000.0 0 0
31 10002.475 1e+20 1.0 1000.0 0 0
32 10002.475 1e+20 1.0 1000.0 0 0
33 10002.475 1e+20 1.0 1000.0 0 0
34 10002.475 1e+20 1.0 1000.0 0 0
35 10002.475 1e+20 1.0 1000.0 0 0
36 10002.475 1e+20 1.0 1000.0 0 0
37 10002.475 1e+20 1.0 1000.0 0 0
38 10002.475 1e+20 1.0 1000.0 0 0
39 10002.475 1e+20 1.0 1000.0 0 0
40 10002.475 1e+20 1.0 1000.0 0 0
41 10002.475 1e+20 1.0 1000.0 0 0
42 10002.475 1e+20 1.0 1000.0 0 0
43 10002.475 1e+20 1.0 1000.0 0 0
44 10002.475 1e+20 1.0 1000.0 0 0
45 10002.475 1e+20 1.0 1000.0 0 0
46 10002.475 1e+20 1.0 1000.0 0 0
47 10002.475 1e+20 1.0 1000.0 0 0
48 10002.475 1e+20 1.0 1000.0 0 0
49 10002.475 1e+20 1.0 1000.0 0 0
50 10002.475 1e+20 1.0 1000.0 0 0
51 10002.475 1e+20 1.0 1000.0 0 0
52 10002.475 1e+20 1.0 1000.0 0 0
53 10002.475 1e+20 1.0 1000.0 0 0
54 10002.475 1e+20 1.0 1000.0 0 0
55 10002.475 1e+20 1.0 1000.0 0 0
56 10002.475 1e+20 1.0 1000.0 0 0
57 10002.475 1e+20 1.0 1000.0 0 0
58 10002.475 1e+20 1.0 1000.0 0 0
59 10002.475 1e+20 1.0 1000.0 0 0
60 10002.475 1e+20 1.0 1000.0 0 0
61 10002.475 1e+20 1.0 1000.0 0 0
62 10002.475 1e+20 1.0 1000.0 0 0
63 10002.475 1e+20 1.0 1000.0 0 0
64 10002.475 1e+20 1.0 1000.0 0 0
65 10002.475 1e+20 1.0 1000.0 0 0
66 10002.475 1e+20 1.0 1000.0 0 0
67 10002.475 1e+20 1.0 1000.0 0 0
68 10002.475 1e+20 1.0 1000.0 0 0
69 10002.475 1e+20 1.0 1000.0 0 0
70 10002.475 1e+20 1.0 1000.0 0 0
71 10002.475 1e+20 1.0 1000.0 0 0
72 10002.475 1e+20 1.0 1000.0 0 0
73 10002.475 1e+20 1.0 1000.0 0 0
74 10002.475 1e+20 1.0 1000.0 0 0
75 10002.475 1e+20 1.0 1000.0 0 0
76 10002.475 1e+20 1.0 1000.0 0 0
77 10002.475 1e+20 1.0 1000.0 0 0
78 10002.475 1e+20 1.0 1000.0 0 0
79 10002.475 1e+20 1.0 1000.0 0 0
80 10002.475 1e+20 1.0 1000.0 0 0
81 10002.475 1e+20 1.0 1000.0 0 0
82 10002.475 1e+20 1.0 1000.0 0 0
83 10002.475 1e+20 1.0 1000.0 0 0
84 10002.475 1e+20 1.0 1000.0 0 0
85 10002.475 1e+20 1.0 1000.0 0 0
86 10002.475 1e+20 1.0 1000.0 0 0
87 10002.475 1e+20 1.0 1000.0 0 0
88 10002.475 1e+20 1.0 1000.0 0 0
89 10002.475 1e+20 1.0 1000.0 0 0
90 10002.475 1e+20 1.0 1000.0 0 0
91 10002.475 1e+20 1.0 1000.0 0 0
92 10002.475 1e+20 1.0 1000.0 0 0
93 10002.475 1e+20 1.0 1000.0 0 0
94 10002.475 1e+20 1.0 1000.0 0 0
95 10002.475 1e+20 1.0 1000.0 0 0
96 10002.475 1e+20 1.0 1000.0 0 0
97 10002.475 1e+20 1.0 1000.0 0 0
98 10002.475 1e+20 1.0 1000.0 0 0
99 10002.475 1e+20 1.0 1000.0 0 0
100 10002.475 1e+20 1.0 1000.0 0 0
101 10002.475 1e+20 1.0 1000.0 0 0
102 10002.475 1e+20 1.0 1000.0 0 0
103 10002.475 1e+20 1.0 1000.0 0 0
104 10002.475 1e+20 1.0 1000.0 0 0
105 10002.475 1e+20 1.0 1000.0 0 0
106 10002.475 1e+20 1.0 1000.0 0 0
107 10002.475 1e+20 1.0 1000.0 0 0
108 10002.475 1e+20 1.0 1000.0 0 0
109 10002.475 1e+20 1.0 1000.0 0 0
110 10002.475 1e+20 1.0 1000.0 0 0
111 10002.475 1e+20 1.0 1000.0 0 0
112 10002.475 1e+20 1.0 1000.0 0 0
113 10002.475 1e+20 1.0 1000.0 0 0
114 10002.475 1e+20 1.0 1000.0 0 0
115 10002.475 1e+20 1.0 1000.0 0 0
116 10002.475 1e+20 1.0 1000.0 0 0
117 10002.475 1e+20 1.0 1000.0 0 0
118 10002.475 1e+20 1.0 1000.0 0 0
119 10002.475 1e+20 1.0 1000.0 0 0
120 10002.475 1e+20 1.0 1000.0 0 0
121 10002.475 1e+20 1.0 1000.0 0 0
122 10002.475 1e+20 1.0 1000.0 0 0
123 10002.475 1e+20 1.0 1000.0 0 0
124 10002.475 1e+20 1.0 1000.0 0 0
125 10002.475 1e+20 1.0 1000.0 0 0
126 10002.475 1e+20 1.0 1000.0 0 0
127 10002.475 1e+20 1.0 1000.0 0 0
128 10002.475 1e+20 1.0 1000.0 0 0
26262.62626262626
1 10002.574 1e+20 1.0 1000.0 0 0
2 10002.574 1e+20 1.0 1000.0 0 0
3 10002.574 1e+20 1.0 1000.0 0 0
4 10002.574 1e+20 1.0 1000.0 0 0
5 10002.574 1e+20 1.0 1000.0 0 0
6 10002.574 1e+20 1.0 1000.0 0 0
7 10002.574 1e+20 1.0 1000.0 0 0
8 10002.574 1e+20 1.0 1000.0 0 0
9 10002.574 1e+20 1.0 1000.0 0 0
10 10002.574 1e+20 1.0 1000.0 0 0
11 10002.574 1e+20 1.0 1000.0 0 0
12 10002.574 1e+20 1.0 1000.0 0 0
13 10002.574 1e+20 1.0 1000.0 0 0
14 10002.574 1e+20 1.0 1000.0 0 0
15 10002.574 1e+20 1.0 1000.0 0 0
16 10002.574 1e+20 1.0 1000.0 0 0
17 10002.574 1e+20 1.0 1000.0 0 0
18 10002.574 1e+20 1.0 1000.0 0 0
19 10002.574 1e+20 1.0 1000.0 0 0
20 10002.574 1e+20 1.0 1000.0 0 0
21 10002.574 1e+20 1.0 1000.0 0 0
22 10002.574 1e+20 1.0 1000.0 0 0
23 10002.574 1e+20 1.0 1000.0 0 0
24 10002.574 1e+20 1.0 1000.0 0 0
25 10002.574 1e+20 1.0 1000.0 0 0
26 10002.574 1e+20 1.0 1000.0 0 0
27 10002.574 1e+20 1.0 1000.0 0 0
28 10002.574 1e+20 1.0 1000.0 0 0
29 10002.574 1e+20 1.0 1000.0 0 0
30 10002.574 1e+20 1.0 1000.0 0 0
31 10002.574 1e+20 1.0 1000.0 0 0
32 10002.574 1e+20 1.0 1000.0 0 0
33 10002.574 1e+20 1.0 1000.0 0 0
34 10002.574 1e+20 1.0 1000.0 0 0
35 10002.574 1e+20 1.0 1000.0 0 0
36 10002.574 1e+20 1.0 1000.0 0 0
37 10002.574 1e+20 1.0 1000.0 0 0
38 10002.574 1e+20 1.0 1000.0 0 0
39 10002.574 1e+20 1.0 1000.0 0 0
40 10002.574 1e+20 1.0 1000.0 0 0
41 10002.574 1e+20 1.0 1000.0 0 0
42 10002.574 1e+20 1.0 1000.0 0 0
43 10002.574 1e+20 1.0 1000.0 0 0
44 10002.574 1e+20 1.0 1000.0 0 0
45 10002.574 1e+20 1.0 1000.0 0 0
46 10002.574 1e+20 1.0 1000.0 0 0
47 10002.574 1e+20 1.0 1000.0 0 0
48 10002.574 1e+20 1.0 1000.0 0 0
49 10002.574 1e+20 1.0 1000.0 0 0
50 10002.574 1e+20 1.0 1000.0 0 0
51 10002.574 1e+20 1.0 1000.0 0 0
52 10002.574 1e+20 1.0 1000.0 0 0
53 10002.574 1e+20 1.0 1000.0 0 0
54 10002.574 1e+20 1.0 1000.0 0 0
55 10002.574 1e+20 1.0 1000.0 0 0
56 10002.574 1e+20 1.0 1000.0 0 0
57 10002.574 1e+20 1.0 1000.0 0 0
58 10002.574 1e+20 1.0 1000.0 0 0
59 10002.574 1e+20 1.0 1000.0 0 0
60 10002.574 1e+20 1.0 1000.0 0 0
61 10002.574 1e+20 1.0 1000.0 0 0
62 10002.574 1e+20 1.0 1000.0 0 0
63 10002.574 1e+20 1.0 1000.0 0 0
64 10002.574 1e+20 1.0 1000.0 0 0
65 10002.574 1e+20 1.0 1000.0 0 0
66 10002.574 1e+20 1.0 1000.0 0 0
67 10002.574 1e+20 1.0 1000.0 0 0
68 10002.574 1e+20 1.0 1000.0 0 0
69 10002.574 1e+20 1.0 1000.0 0 0
70 10002.574 1e+20 1.0 1000.0 0 0
71 10002.574 1e+20 1.0 1000.0 0 0
72 10002.574 1e+20 1.0 1000.0 0 0
73 10002.574 1e+20 1.0 1000.0 0 0
74 10002.574 1e+20 1.0 1000.0 0 0
75 10002.574 1e+20 1.0 1000.0 0 0
76 10002.574 1e+20 1.0 1000.0 0 0
77 10002.574 1e+20 1.0 1000.0 0 0
78 10002.574 1e+20 1.0 1000.0 0 0
79 10002.574 1e+20 1.0 1000.0 0 0
80 10002.574 1e+20 1.0 1000.0 0 0
81 10002.574 1e+20 1.0 1000.0 0 0
82 10002.574 1e+20 1.0 1000.0 0 0
83 10002.574 1e+20 1.0 1000.0 0 0
84 10002.574 1e+20 1.0 1000.0 0 0
85 10002.574 1e+20 1.0 1000.0 0 0
86 10002.574 1e+20 1.0 1000.0 0 0
87 10002.574 1e+20 1.0 1000.0 0 0
88 10002.574 1e+20 1.0 1000.0 0 0
89 10002.574 1e+20 1.0 1000.0 0 0
90 10002.574 1e+20 1.0 1000.0 0 0
91 10002.574 1e+20 1.0 1000.0 0 0
92 10002.574 1e+20 1.0 1000.0 0 0
93 10002.574 1e+20 1.0 1000.0 0 0
94 10002.574 1e+20 1.0 1000.0 0 0
95 10002.574 1e+20 1.0 1000.0 0 0
96 10002.574 1e+20 1.0 1000.0 0 0
97 10002.574 1e+20 1.0 1000.0 0 0
98 10002.574 1e+20 1.0 1000.0 0 0
99 10002.574 1e+20 1.0 1000.0 0 0
100 10002.574 1e+20 1.0 1000.0 0 0
101 10002.574 1e+20 1.0 1000.0 0 0
102 10002.574 1e+20 1.0 1000.0 0 0
103 10002.574 1e+20 1.0 1000.0 0 0
104 10002.574 1e+20 1.0 1000.0 0 0
105 10002.574 1e+20 1.0 1000.0 0 0
106 10002.574 1e+20 1.0 1000.0 0 0
107 10002.574 1e+20 1.0 1000.0 0 0
108 10002.574 1e+20 1.0 1000.0 0 0
109 10002.574 1e+20 1.0 1000.0 0 0
110 10002.574 1e+20 1.0 1000.0 0 0
111 10002.574 1e+20 1.0 1000.0 0 0
112 10002.574 1e+20 1.0 1000.0 0 0
113 10002.574 1e+20 1.0 1000.0 0 0
114 10002.574 1e+20 1.0 1000.0 0 0
115 10002.574 1e+20 1.0 1000.0 0 0
116 10002.574 1e+20 1.0 1000.0 0 0
117 10002.574 1e+20 1.0 1000.0 0 0
118 10002.574 1e+20 1.0 1000.0 0 0
119 10002.574 1e+20 1.0 1000.0 0 0
120 10002.574 1e+20 1.0 1000.0 0 0
121 10002.574 1e+20 1.0 1000.0 0 0
122 10002.574 1e+20 1.0 1000.0 0 0
123 10002.574 1e+20 1.0 1000.0 0 0
124 10002.574 1e+20 1.0 1000.0 0 0
125 10002.574 1e+20 1.0 1000.0 0 0
126 10002.574 1e+20 1.0 1000.0 0 0
127 10002.574 1e+20 1.0 1000.0 0 0
128 10002.574 1e+20 1.0 1000.0 0 0
27272.727272727272
1 10002.673 1e+20 1.0 1000.0 0 0
2 10002.673 1e+20 1.0 1000.0 0 0
3 10002.673 1e+20 1.0 1000.0 0 0
4 10002.673 1e+20 1.0 1000.0 0 0
5 10002.673 1e+20 1.0 1000.0 0 0
6 10002.673 1e+20 1.0 1000.0 0 0
7 10002.673 1e+20 1.0 1000.0 0 0
8 10002.673 1e+20 1.0 1000.0 0 0
9 10002.673 1e+20 1.0 1000.0 0 0
10 10002.673 1e+20 1.0 1000.0 0 0
11 10002.673 1e+20 1.0 1000.0 0 0
12 10002.673 1e+20 1.0 1000.0 0 0
13 10002.673 1e+20 1.0 1000.0 0 0
14 10002.673 1e+20 1.0 1000.0 0 0
15 10002.673 1e+20 1.0 1000.0 0 0
16 10002.673 1e+20 1.0 1000.0 0 0
17 10002.673 1e+20 1.0 1000.0 0 0
18 10002.673 1e+20 1.0 1000.0 0 0
19 10002.673 1e+20 1.0 1000.0 0 0
20 10002.673 1e+20 1.0 1000.0 0 0
21 10002.673 1e+20 1.0 1000.0 0 0
22 10002.673 1e+20 1.0 1000.0 0 0
23 10002.673 1e+20 1.0 1000.0 0 0
24 10002.673 1e+20 1.0 1000.0 0 0
25 10002.673 1e+20 1.0 1000.0 0 0
26 10002.673 1e+20 1.0 1000.0 0 0
27 10002.673 1e+20 1.0 1000.0 0 0
28 10002.673 1e+20 1.0 1000.0 0 0
29 10002.673 1e+20 1.0 1000.0 0 0
30 10002.673 1e+20 1.0 1000.0 0 0
31 10002.673 1e+20 1.0 1000.0 0 0
32 10002.673 1e+20 1.0 1000.0 0 0
33 10002.673 1e+20 1.0 1000.0 0 0
34 10002.673 1e+20 1.0 1000.0 0 0
35 10002.673 1e+20 1.0 1000.0 0 0
36 10002.673 1e+20 1.0 1000.0 0 0
37 10002.673 1e+20 1.0 1000.0 0 0
38 10002.673 1e+20 1.0 1000.0 0 0
39 10002.673 1e+20 1.0 1000.0 0 0
40 10002.673 1e+20 1.0 1000.0 0 0
41 10002.673 1e+20 1.0 1000.0 0 0
42 10002.673 1e+20 1.0 1000.0 0 0
43 10002.673 1e+20 1.0 1000.0 0 0
44 10002.673 1e+20 1.0 1000.0 0 0
45 10002.673 1e+20 1.0 1000.0 0 0
46 10002.673 1e+20 1.0 1000.0 0 0
47 10002.673 1e+20 1.0 1000.0 0 0
48 10002.673 1e+20 1.0 1000.0 0 0
49 10002.673 1e+20 1.0 1000.0 0 0
50 10002.673 1e+20 1.0 1000.0 0 0
51 10002.673 1e+20 1.0 1000.0 0 0
52 10002.673 1e+20 1.0 1000.0 0 0
53 10002.673 1e+20 1.0 1000.0 0 0
54 10002.673 1e+20 1.0 1000.0 0 0
55 10002.673 1e+20 1.0 1000.0 0 0
56 10002.673 1e+20 1.0 1000.0 0 0
57 10002.673 1e+20 1.0 1000.0 0 0
58 10002.673 1e+20 1.0 1000.0 0 0
59 10002.673 1e+20 1.0 1000.0 0 0
60 10002.673 1e+20 1.0 1000.0 0 0
61 10002.673 1e+20 1.0 1000.0 0 0
62 10002.673 1e+20 1.0 1000.0 0 0
63 10002.673 1e+20 1.0 1000.0 0 0
64 10002.673 1e+20 1.0 1000.0 0 0
65 10002.673 1e+20 1.0 1000.0 0 0
66 10002.673 1e+20 1.0 1000.0 0 0
67 10002.673 1e+20 1.0 1000.0 0 0
68 10002.673 1e+20 1.0 1000.0 0 0
69 10002.673 1e+20 1.0 1000.0 0 0
70 10002.673 1e+20 1.0 1000.0 0 0
71 10002.673 1e+20 1.0 1000.0 0 0
72 10002.673 1e+20 1.0 1000.0 0 0
73 10002.673 1e+20 1.0 1000.0 0 0
74 10002.673 1e+20 1.0 1000.0 0 0
75 10002.673 1e+20 1.0 1000.0 0 0
76 10002.673 1e+20 1.0 1000.0 0 0
77 10002.673 1e+20 1.0 1000.0 0 0
78 10002.673 1e+20 1.0 1000.0 0 0
79 10002.673 1e+20 1.0 1000.0 0 0
80 10002.673 1e+20 1.0 1000.0 0 0
81 10002.673 1e+20 1.0 1000.0 0 0
82 10002.673 1e+20 1.0 1000.0 0 0
83 10002.673 1e+20 1.0 1000.0 0 0
84 10002.673 1e+20 1.0 1000.0 0 0
85 10002.673 1e+20 1.0 1000.0 0 0
86 10002.673 1e+20 1.0 1000.0 0 0
87 10002.673 1e+20 1.0 1000.0 0 0
88 10002.673 1e+20 1.0 1000.0 0 0
89 10002.673 1e+20 1.0 1000.0 0 0
90 10002.673 1e+20 1.0 1000.0 0 0
91 10002.673 1e+20 1.0 1000.0 0 0
92 10002.673 1e+20 1.0 1000.0 0 0
93 10002.673 1e+20 1.0 1000.0 0 0
94 10002.673 1e+20 1.0 1000.0 0 0
95 10002.673 1e+20 1.0 1000.0 0 0
96 10002.673 1e+20 1.0 1000.0 0 0
97 10002.673 1e+20 1.0 1000.0 0 0
98 10002.673 1e+20 1.0 1000.0 0 0
99 10002.673 1e+20 1.0 1000.0 0 0
100 10002.673 1e+20 1.0 1000.0 0 0
101 10002.673 1e+20 1.0 1000.0 0 0
102 10002.673 1e+20 1.0 1000.0 0 0
103 10002.673 1e+20 1.0 1000.0 0 0
104 10002.673 1e+20 1.0 1000.0 0 0
105 10002.673 1e+20 1.0 1000.0 0 0
106 10002.673 1e+20 1.0 1000.0 0 0
107 10002.673 1e+20 1.0 1000.0 0 0
108 10002.673 1e+20 1.0 1000.0 0 0
109 10002.673 1e+20 1.0 1000.0 0 0
110 10002.673 1e+20 1.0 1000.0 0 0
111 10002.673 1e+20 1.0 1000.0 0 0
112 10002.673 1e+20 1.0 1000.0 0 0
113 10002.673 1e+20 1.0 1000.0 0 0
114 10002.673 1e+20 1.0 1000.0 0 0
115 10002.673 1e+20 1.0 1000.0 0 0
116 10002.673 1e+20 1.0 1000.0 0 0
117 10002.673 1e+20 1.0 1000.0 0 0
118 10002.673 1e+20 1.0 1000.0 0 0
119 10002.673 1e+20 1.0 1000.0 0 0
120 10002.673 1e+20 1.0 1000.0 0 0
121 10002.673 1e+20 1.0 1000.0 0 0
122 10002.673 1e+20 1.0 1000.0 0 0
123 10002.673 1e+20 1.0 1000.0 0 0
124 10002.673 1e+20 1.0 1000.0 0 0
125 10002.673 1e+20 1.0 1000.0 0 0
126 10002.673 1e+20 1.0 1000.0 0 0
127 10002.673 1e+20 1.0 1000.0 0 0
128 10002.673 1e+20 1.0 1000.0 0 0
28282.828282828283
1 10002.772 1e+20 1.0 1000.0 0 0
2 10002.772 1e+20 1.0 1000.0 0 0
3 10002.772 1e+20 1.0 1000.0 0 0
4 10002.772 1e+20 1.0 1000.0 0 0
5 10002.772 1e+20 1.0 1000.0 0 0
6 10002.772 1e+20 1.0 1000.0 0 0
7 10002.772 1e+20 1.0 1000.0 0 0
8 10002.772 1e+20 1.0 1000.0 0 0
9 10002.772 1e+20 1.0 1000.0 0 0
10 10002.772 1e+20 1.0 1000.0 0 0
11 10002.772 1e+20 1.0 1000.0 0 0
12 10002.772 1e+20 1.0 1000.0 0 0
13 10002.772 1e+20 1.0 1000.0 0 0
14 10002.772 1e+20 1.0 1000.0 0 0
15 10002.772 1e+20 1.0 1000.0 0 0
16 10002.772 1e+20 1.0 1000.0 0 0
17 10002.772 1e+20 1.0 1000.0 0 0
18 10002.772 1e+20 1.0 1000.0 0 0
19 10002.772 1e+20 1.0 1000.0 0 0
20 10002.772 1e+20 1.0 1000.0 0 0
21 10002.772 1e+20 1.0 1000.0 0 0
22 10002.772 1e+20 1.0 1000.0 0 0
23 10002.772 1e+20 1.0 1000.0 0 0
24 10002.772 1e+20 1.0 1000.0 0 0
25 10002.772 1e+20 1.0 1000.0 0 0
26 10002.772 1e+20 1.0 1000.0 0 0
27 10002.772 1e+20 1.0 1000.0 0 0
28 10002.772 1e+20 1.0 1000.0 0 0
29 10002.772 1e+20 1.0 1000.0 0 0
30 10002.772 1e+20 1.0 1000.0 0 0
31 10002.772 1e+20 1.0 1000.0 0 0
32 10002.772 1e+20 1.0 1000.0 0 0
33 10002.772 1e+20 1.0 1000.0 0 0
34 10002.772 1e+20 1.0 1000.0 0 0
35 10002.772 1e+20 1.0 1000.0 0 0
36 10002.772 1e+20 1.0 1000.0 0 0
37 10002.772 1e+20 1.0 1000.0 0 0
38 10002.772 1e+20 1.0 1000.0 0 0
39 10002.772 1e+20 1.0 1000.0 0 0
40 10002.772 1e+20 1.0 1000.0 0 0
41 10002.772 1e+20 1.0 1000.0 0 0
42 10002.772 1e+20 1.0 1000.0 0 0
43 10002.772 1e+20 1.0 1000.0 0 0
44 10002.772 1e+20 1.0 1000.0 0 0
45 10002.772 1e+20 1.0 1000.0 0 0
46 10002.772 1e+20 1.0 1000.0 0 0
47 10002.772 1e+20 1.0 1000.0 0 0
48 10002.772 1e+20 1.0 1000.0 0 0
49 10002.772 1e+20 1.0 1000.0 0 0
50 10002.772 1e+20 1.0 1000.0 0 0
51 10002.772 1e+20 1.0 1000.0 0 0
52 10002.772 1e+20 1.0 1000.0 0 0
53 10002.772 1e+20 1.0 1000.0 0 0
54 10002.772 1e+20 1.0 1000.0 0 0
55 10002.772 1e+20 1.0 1000.0 0 0
56 10002.772 1e+20 1.0 1000.0 0 0
57 10002.772 1e+20 1.0 1000.0 0 0
58 10002.772 1e+20 1.0 1000.0 0 0
59 10002.772 1e+20 1.0 1000.0 0 0
60 10002.772 1e+20 1.0 1000.0 0 0
61 10002.772 1e+20 1.0 1000.0 0 0
62 10002.772 1e+20 1.0 1000.0 0 0
63 10002.772 1e+20 1.0 1000.0 0 0
64 10002.772 1e+20 1.0 1000.0 0 0
65 10002.772 1e+20 1.0 1000.0 0 0
66 10002.772 1e+20 1.0 1000.0 0 0
67 10002.772 1e+20 1.0 1000.0 0 0
68 10002.772 1e+20 1.0 1000.0 0 0
69 10002.772 1e+20 1.0 1000.0 0 0
70 10002.772 1e+20 1.0 1000.0 0 0
71 10002.772 1e+20 1.0 1000.0 0 0
72 10002.772 1e+20 1.0 1000.0 0 0
73 10002.772 1e+20 1.0 1000.0 0 0
74 10002.772 1e+20 1.0 1000.0 0 0
75 10002.772 1e+20 1.0 1000.0 0 0
76 10002.772 1e+20 1.0 1000.0 0 0
77 10002.772 1e+20 1.0 1000.0 0 0
78 10002.772 1e+20 1.0 1000.0 0 0
79 10002.772 1e+20 1.0 1000.0 0 0
80 10002.772 1e+20 1.0 1000.0 0 0
81 10002.772 1e+20 1.0 1000.0 0 0
82 10002.772 1e+20 1.0 1000.0 0 0
83 10002.772 1e+20 1.0 1000.0 0 0
84 10002.772 1e+20 1.0 1000.0 0 0
85 10002.772 1e+20 1.0 1000.0 0 0
86 10002.772 1e+20 1.0 1000.0 0 0
87 10002.772 1e+20 1.0 1000.0 0 0
88 10002.772 1e+20 1.0 1000.0 0 0
89 10002.772 1e+20 1.0 1000.0 0 0
90 10002.772 1e+20 1.0 1000.0 0 0
91 10002.772 1e+20 1.0 1000.0 0 0
92 10002.772 1e+20 1.0 1000.0 0 0
93 10002.772 1e+20 1.0 1000.0 0 0
94 10002.772 1e+20 1.0 1000.0 0 0
95 10002.772 1e+20 1.0 1000.0 0 0
96 10002.772 1e+20 1.0 1000.0 0 0
97 10002.772 1e+20 1.0 1000.0 0 0
98 10002.772 1e+20 1.0 1000.0 0 0
99 10002.772 1e+20 1.0 1000.0 0 0
100 10002.772 1e+20 1.0 1000.0 0 0
101 10002.772 1e+20 1.0 1000.0 0 0
102 10002.772 1e+20 1.0 1000.0 0 0
103 10002.772 1e+20 1.0 1000.0 0 0
104 10002.772 1e+20 1.0 1000.0 0 0
105 10002.772 1e+20 1.0 1000.0 0 0
106 10002.772 1e+20 1.0 1000.0 0 0
107 10002.772 1e+20 1.0 1000.0 0 0
108 10002.772 1e+20 1.0 1000.0 0 0
109 10002.772 1e+20 1.0 1000.0 0 0
110 10002.772 1e+20 1.0 1000.0 0 0
111 10002.772 1e+20 1.0 1000.0 0 0
112 10002.772 1e+20 1.0 1000.0 0 0
113 10002.772 1e+20 1.0 1000.0 0 0
114 10002.772 1e+20 1.0 1000.0 0 0
115 10002.772 1e+20 1.0 1000.0 0 0
116 10002.772 1e+20 1.0 1000.0 0 0
117 10002.772 1e+20 1.0 1000.0 0 0
118 10002.772 1e+20 1.0 1000.0 0 0
119 10002.772 1e+20 1.0 1000.0 0 0
120 10002.772 1e+20 1.0 1000.0 0 0
121 10002.772 1e+20 1.0 1000.0 0 0
122 10002.772 1e+20 1.0 1000.0 0 0
123 10002.772 1e+20 1.0 1000.0 0 0
124 10002.772 1e+20 1.0 1000.0 0 0
125 10002.772 1e+20 1.0 1000.0 0 0
126 10002.772 1e+20 1.0 1000.0 0 0
127 10002.772 1e+20 1.0 1000.0 0 0
128 10002.772 1e+20 1.0 1000.0 0 0
29292.92929292929
1 10002.871 1e+20 1.0 1000.0 0 0
2 10002.871 1e+20 1.0 1000.0 0 0
3 10002.871 1e+20 1.0 1000.0 0 0
4 10002.871 1e+20 1.0 1000.0 0 0
5 10002.871 1e+20 1.0 1000.0 0 0
6 10002.871 1e+20 1.0 1000.0 0 0
7 10002.871 1e+20 1.0 1000.0 0 0
8 10002.871 1e+20 1.0 1000.0 0 0
9 10002.871 1e+20 1.0 1000.0 0 0
10 10002.871 1e+20 1.0 1000.0 0 0
11 10002.871 1e+20 1.0 1000.0 0 0
12 10002.871 1e+20 1.0 1000.0 0 0
13 10002.871 1e+20 1.0 1000.0 0 0
14 10002.871 1e+20 1.0 1000.0 0 0
15 10002.871 1e+20 1.0 1000.0 0 0
16 10002.871 1e+20 1.0 1000.0 0 0
17 10002.871 1e+20 1.0 1000.0 0 0
18 10002.871 1e+20 1.0 1000.0 0 0
19 10002.871 1e+20 1.0 1000.0 0 0
20 10002.871 1e+20 1.0 1000.0 0 0
21 10002.871 1e+20 1.0 1000.0 0 0
22 10002.871 1e+20 1.0 1000.0 0 0
23 10002.871 1e+20 1.0 1000.0 0 0
24 10002.871 1e+20 1.0 1000.0 0 0
25 10002.871 1e+20 1.0 1000.0 0 0
26 10002.871 1e+20 1.0 1000.0 0 0
27 10002.871 1e+20 1.0 1000.0 0 0
28 10002.871 1e+20 1.0 1000.0 0 0
29 10002.871 1e+20 1.0 1000.0 0 0
30 10002.871 1e+20 1.0 1000.0 0 0
31 10002.871 1e+20 1.0 1000.0 0 0
32 10002.871 1e+20 1.0 1000.0 0 0
33 10002.871 1e+20 1.0 1000.0 0 0
34 10002.871 1e+20 1.0 1000.0 0 0
35 10002.871 1e+20 1.0 1000.0 0 0
36 10002.871 1e+20 1.0 1000.0 0 0
37 10002.871 1e+20 1.0 1000.0 0 0
38 10002.871 1e+20 1.0 1000.0 0 0
39 10002.871 1e+20 1.0 1000.0 0 0
40 10002.871 1e+20 1.0 1000.0 0 0
41 10002.871 1e+20 1.0 1000.0 0 0
42 10002.871 1e+20 1.0 1000.0 0 0
43 10002.871 1e+20 1.0 1000.0 0 0
44 10002.871 1e+20 1.0 1000.0 0 0
45 10002.871 1e+20 1.0 1000.0 0 0
46 10002.871 1e+20 1.0 1000.0 0 0
47 10002.871 1e+20 1.0 1000.0 0 0
48 10002.871 1e+20 1.0 1000.0 0 0
49 10002.871 1e+20 1.0 1000.0 0 0
50 10002.871 1e+20 1.0 1000.0 0 0
51 10002.871 1e+20 1.0 1000.0 0 0
52 10002.871 1e+20 1.0 1000.0 0 0
53 10002.871 1e+20 1.0 1000.0 0 0
54 10002.871 1e+20 1.0 1000.0 0 0
55 10002.871 1e+20 1.0 1000.0 0 0
56 10002.871 1e+20 1.0 1000.0 0 0
57 10002.871 1e+20 1.0 1000.0 0 0
58 10002.871 1e+20 1.0 1000.0 0 0
59 10002.871 1e+20 1.0 1000.0 0 0
60 10002.871 1e+20 1.0 1000.0 0 0
61 10002.871 1e+20 1.0 1000.0 0 0
62 10002.871 1e+20 1.0 1000.0 0 0
63 10002.871 1e+20 1.0 1000.0 0 0
64 10002.871 1e+20 1.0 1000.0 0 0
65 10002.871 1e+20 1.0 1000.0 0 0
66 10002.871 1e+20 1.0 1000.0 0 0
67 10002.871 1e+20 1.0 1000.0 0 0
68 10002.871 1e+20 1.0 1000.0 0 0
69 10002.871 1e+20 1.0 1000.0 0 0
70 10002.871 1e+20 1.0 1000.0 0 0
71 10002.871 1e+20 1.0 1000.0 0 0
72 10002.871 1e+20 1.0 1000.0 0 0
73 10002.871 1e+20 1.0 1000.0 0 0
74 10002.871 1e+20 1.0 1000.0 0 0
75 10002.871 1e+20 1.0 1000.0 0 0
76 10002.871 1e+20 1.0 1000.0 0 0
77 10002.871 1e+20 1.0 1000.0 0 0
78 10002.871 1e+20 1.0 1000.0 0 0
79 10002.871 1e+20 1.0 1000.0 0 0
80 10002.871 1e+20 1.0 1000.0 0 0
81 10002.871 1e+20 1.0 1000.0 0 0
82 10002.871 1e+20 1.0 1000.0 0 0
83 10002.871 1e+20 1.0 1000.0 0 0
84 10002.871 1e+20 1.0 1000.0 0 0
85 10002.871 1e+20 1.0 1000.0 0 0
86 10002.871 1e+20 1.0 1000.0 0 0
87 10002.871 1e+20 1.0 1000.0 0 0
88 10002.871 1e+20 1.0 1000.0 0 0
89 10002.871 1e+20 1.0 1000.0 0 0
90 10002.871 1e+20 1.0 1000.0 0 0
91 10002.871 1e+20 1.0 1000.0 0 0
92 10002.871 1e+20 1.0 1000.0 0 0
93 10002.871 1e+20 1.0 1000.0 0 0
94 10002.871 1e+20 1.0 1000.0 0 0
95 10002.871 1e+20 1.0 1000.0 0 0
96 10002.871 1e+20 1.0 1000.0 0 0
97 10002.871 1e+20 1.0 1000.0 0 0
98 10002.871 1e+20 1.0 1000.0 0 0
99 10002.871 1e+20 1.0 1000.0 0 0
100 10002.871 1e+20 1.0 1000.0 0 0
101 10002.871 1e+20 1.0 1000.0 0 0
102 10002.871 1e+20 1.0 1000.0 0 0
103 10002.871 1e+20 1.0 1000.0 0 0
104 10002.871 1e+20 1.0 1000.0 0 0
105 10002.871 1e+20 1.0 1000.0 0 0
106 10002.871 1e+20 1.0 1000.0 0 0
107 10002.871 1e+20 1.0 1000.0 0 0
108 10002.871 1e+20 1.0 1000.0 0 0
109 10002.871 1e+20 1.0 1000.0 0 0
110 10002.871 1e+20 1.0 1000.0 0 0
111 10002.871 1e+20 1.0 1000.0 0 0
112 10002.871 1e+20 1.0 1000.0 0 0
113 10002.871 1e+20 1.0 1000.0 0 0
114 10002.871 1e+20 1.0 1000.0 0 0
115 10002.871 1e+20 1.0 1000.0 0 0
116 10002.871 1e+20 1.0 1000.0 0 0
117 10002.871 1e+20 1.0 1000.0 0 0
118 10002.871 1e+20 1.0 1000.0 0 0
119 10002.871 1e+20 1.0 1000.0 0 0
120 10002.871 1e+20 1.0 1000.0 0 0
121 10002.871 1e+20 1.0 1000.0 0 0
122 10002.871 1e+20 1.0 1000.0 0 0
123 10002.871 1e+20 1.0 1000.0 0 0
124 10002.871 1e+20 1.0 1000.0 0 0
125 10002.871 1e+20 1.0 1000.0 0 0
126 10002.871 1e+20 1.0 1000.0 0 0
127 10002.871 1e+20 1.0 1000.0 0 0
128 10002.871 1e+20 1.0 1000.0 0 0
30303.0303030303
1 10002.97 1e+20 1.0 1000.0 0 0
2 10002.97 1e+20 1.0 1000.0 0 0
3 10002.97 1e+20 1.0 1000.0 0 0
4 10002.97 1e+20 1.0 1000.0 0 0
5 10002.97 1e+20 1.0 1000.0 0 0
6 10002.97 1e+20 1.0 1000.0 0 0
7 10002.97 1e+20 1.0 1000.0 0 0
8 10002.97 1e+20 1.0 1000.0 0 0
9 10002.97 1e+20 1.0 1000.0 0 0
10 10002.97 1e+20 1.0 1000.0 0 0
11 10002.97 1e+20 1.0 1000.0 0 0
12 10002.97 1e+20 1.0 1000.0 0 0
13 10002.97 1e+20 1.0 1000.0 0 0
14 10002.97 1e+20 1.0 1000.0 0 0
15 10002.97 1e+20 1.0 1000.0 0 0
16 10002.97 1e+20 1.0 1000.0 0 0
17 10002.97 1e+20 1.0 1000.0 0 0
18 10002.97 1e+20 1.0 1000.0 0 0
19 10002.97 1e+20 1.0 1000.0 0 0
20 10002.97 1e+20 1.0 1000.0 0 0
21 10002.97 1e+20 1.0 1000.0 0 0
22 10002.97 1e+20 1.0 1000.0 0 0
23 10002.97 1e+20 1.0 1000.0 0 0
24 10002.97 1e+20 1.0 1000.0 0 0
25 10002.97 1e+20 1.0 1000.0 0 0
26 10002.97 1e+20 1.0 1000.0 0 0
27 10002.97 1e+20 1.0 1000.0 0 0
28 10002.97 1e+20 1.0 1000.0 0 0
29 10002.97 1e+20 1.0 1000.0 0 0
30 10002.97 1e+20 1.0 1000.0 0 0
31 10002.97 1e+20 1.0 1000.0 0 0
32 10002.97 1e+20 1.0 1000.0 0 0
33 10002.97 1e+20 1.0 1000.0 0 0
34 10002.97 1e+20 1.0 1000.0 0 0
35 10002.97 1e+20 1.0 1000.0 0 0
36 10002.97 1e+20 1.0 1000.0 0 0
37 10002.97 1e+20 1.0 1000.0 0 0
38 10002.97 1e+20 1.0 1000.0 0 0
39 10002.97 1e+20 1.0 1000.0 0 0
40 10002.97 1e+20 1.0 1000.0 0 0
41 10002.97 1e+20 1.0 1000.0 0 0
42 10002.97 1e+20 1.0 1000.0 0 0
43 10002.97 1e+20 1.0 1000.0 0 0
44 10002.97 1e+20 1.0 1000.0 0 0
45 10002.97 1e+20 1.0 1000.0 0 0
46 10002.97 1e+20 1.0 1000.0 0 0
47 10002.97 1e+20 1.0 1000.0 0 0
48 10002.97 1e+20 1.0 1000.0 0 0
49 10002.97 1e+20 1.0 1000.0 0 0
50 10002.97 1e+20 1.0 1000.0 0 0
51 10002.97 1e+20 1.0 1000.0 0 0
52 10002.97 1e+20 1.0 1000.0 0 0
53 10002.97 1e+20 1.0 1000.0 0 0
54 10002.97 1e+20 1.0 1000.0 0 0
55 10002.97 1e+20 1.0 1000.0 0 0
56 10002.97 1e+20 1.0 1000.0 0 0
57 10002.97 1e+20 1.0 1000.0 0 0
58 10002.97 1e+20 1.0 1000.0 0 0
59 10002.97 1e+20 1.0 1000.0 0 0
60 10002.97 1e+20 1.0 1000.0 0 0
61 10002.97 1e+20 1.0 1000.0 0 0
62 10002.97 1e+20 1.0 1000.0 0 0
63 10002.97 1e+20 1.0 1000.0 0 0
64 10002.97 1e+20 1.0 1000.0 0 0
65 10002.97 1e+20 1.0 1000.0 0 0
66 10002.97 1e+20 1.0 1000.0 0 0
67 10002.97 1e+20 1.0 1000.0 0 0
68 10002.97 1e+20 1.0 1000.0 0 0
69 10002.97 1e+20 1.0 1000.0 0 0
70 10002.97 1e+20 1.0 1000.0 0 0
71 10002.97 1e+20 1.0 1000.0 0 0
72 10002.97 1e+20 1.0 1000.0 0 0
73 10002.97 1e+20 1.0 1000.0 0 0
74 10002.97 1e+20 1.0 1000.0 0 0
75 10002.97 1e+20 1.0 1000.0 0 0
76 10002.97 1e+20 1.0 1000.0 0 0
77 10002.97 1e+20 1.0 1000.0 0 0
78 10002.97 1e+20 1.0 1000.0 0 0
79 10002.97 1e+20 1.0 1000.0 0 0
80 10002.97 1e+20 1.0 1000.0 0 0
81 10002.97 1e+20 1.0 1000.0 0 0
82 10002.97 1e+20 1.0 1000.0 0 0
83 10002.97 1e+20 1.0 1000.0 0 0
84 10002.97 1e+20 1.0 1000.0 0 0
85 10002.97 1e+20 1.0 1000.0 0 0
86 10002.97 1e+20 1.0 1000.0 0 0
87 10002.97 1e+20 1.0 1000.0 0 0
88 10002.97 1e+20 1.0 1000.0 0 0
89 10002.97 1e+20 1.0 1000.0 0 0
90 10002.97 1e+20 1.0 1000.0 0 0
91 10002.97 1e+20 1.0 1000.0 0 0
92 10002.97 1e+20 1.0 1000.0 0 0
93 10002.97 1e+20 1.0 1000.0 0 0
94 10002.97 1e+20 1.0 1000.0 0 0
95 10002.97 1e+20 1.0 1000.0 0 0
96 10002.97 1e+20 1.0 1000.0 0 0
97 10002.97 1e+20 1.0 1000.0 0 0
98 10002.97 1e+20 1.0 1000.0 0 0
99 10002.97 1e+20 1.0 1000.0 0 0
100 10002.97 1e+20 1.0 1000.0 0 0
101 10002.97 1e+20 1.0 1000.0 0 0
102 10002.97 1e+20 1.0 1000.0 0 0
103 10002.97 1e+20 1.0 1000.0 0 0
104 10002.97 1e+20 1.0 1000.0 0 0
105 10002.97 1e+20 1.0 1000.0 0 0
106 10002.97 1e+20 1.0 1000.0 0 0
107 10002.97 1e+20 1.0 1000.0 0 0
108 10002.97 1e+20 1.0 1000.0 0 0
109 10002.97 1e+20 1.0 1000.0 0 0
110 10002.97 1e+20 1.0 1000.0 0 0
111 10002.97 1e+20 1.0 1000.0 0 0
112 10002.97 1e+20 1.0 1000.0 0 0
113 10002.97 1e+20 1.0 1000.0 0 0
114 10002.97 1e+20 1.0 1000.0 0 0
115 10002.97 1e+20 1.0 1000.0 0 0
116 10002.97 1e+20 1.0 1000.0 0 0
117 10002.97 1e+20 1.0 1000.0 0 0
118 10002.97 1e+20 1.0 1000.0 0 0
119 10002.97 1e+20 1.0 1000.0 0 0
120 10002.97 1e+20 1.0 1000.0 0 0
121 10002.97 1e+20 1.0 1000.0 0 0
122 10002.97 1e+20 1.0 1000.0 0 0
123 10002.97 1e+20 1.0 1000.0 0 0
124 10002.97 1e+20 1.0 1000.0 0 0
125 10002.97 1e+20 1.0 1000.0 0 0
126 10002.97 1e+20 1.0 1000.0 0 0
127 10002.97 1e+20 1.0 1000.0 0 0
128 10002.97 1e+20 1.0 1000.0 0 0
31313.13131313131
1 10003.069 1e+20 1.0 1000.0 0 0
2 10003.069 1e+20 1.0 1000.0 0 0
3 10003.069 1e+20 1.0 1000.0 0 0
4 10003.069 1e+20 1.0 1000.0 0 0
5 10003.069 1e+20 1.0 1000.0 0 0
6 10003.069 1e+20 1.0 1000.0 0 0
7 10003.069 1e+20 1.0 1000.0 0 0
8 10003.069 1e+20 1.0 1000.0 0 0
9 10003.069 1e+20 1.0 1000.0 0 0
10 10003.069 1e+20 1.0 1000.0 0 0
11 10003.069 1e+20 1.0 1000.0 0 0
12 10003.069 1e+20 1.0 1000.0 0 0
13 10003.069 1e+20 1.0 1000.0 0 0
14 10003.069 1e+20 1.0 1000.0 0 0
15 10003.069 1e+20 1.0 1000.0 0 0
16 10003.069 1e+20 1.0 1000.0 0 0
17 10003.069 1e+20 1.0 1000.0 0 0
18 10003.069 1e+20 1.0 1000.0 0 0
19 10003.069 1e+20 1.0 1000.0 0 0
20 10003.069 1e+20 1.0 1000.0 0 0
21 10003.069 1e+20 1.0 1000.0 0 0
22 10003.069 1e+20 1.0 1000.0 0 0
23 10003.069 1e+20 1.0 1000.0 0 0
24 10003.069 1e+20 1.0 1000.0 0 0
25 10003.069 1e+20 1.0 1000.0 0 0
26 10003.069 1e+20 1.0 1000.0 0 0
27 10003.069 1e+20 1.0 1000.0 0 0
28 10003.069 1e+20 1.0 1000.0 0 0
29 10003.069 1e+20 1.0 1000.0 0 0
30 10003.069 1e+20 1.0 1000.0 0 0
31 10003.069 1e+20 1.0 1000.0 0 0
32 10003.069 1e+20 1.0 1000.0 0 0
33 10003.069 1e+20 1.0 1000.0 0 0
34 10003.069 1e+20 1.0 1000.0 0 0
35 10003.069 1e+20 1.0 1000.0 0 0
36 10003.069 1e+20 1.0 1000.0 0 0
37 10003.069 1e+20 1.0 1000.0 0 0
38 10003.069 1e+20 1.0 1000.0 0 0
39 10003.069 1e+20 1.0 1000.0 0 0
40 10003.069 1e+20 1.0 1000.0 0 0
41 10003.069 1e+20 1.0 1000.0 0 0
42 10003.069 1e+20 1.0 1000.0 0 0
43 10003.069 1e+20 1.0 1000.0 0 0
44 10003.069 1e+20 1.0 1000.0 0 0
45 10003.069 1e+20 1.0 1000.0 0 0
46 10003.069 1e+20 1.0 1000.0 0 0
47 10003.069 1e+20 1.0 1000.0 0 0
48 10003.069 1e+20 1.0 1000.0 0 0
49 10003.069 1e+20 1.0 1000.0 0 0
50 10003.069 1e+20 1.0 1000.0 0 0
51 10003.069 1e+20 1.0 1000.0 0 0
52 10003.069 1e+20 1.0 1000.0 0 0
53 10003.069 1e+20 1.0 1000.0 0 0
54 10003.069 1e+20 1.0 1000.0 0 0
55 10003.069 1e+20 1.0 1000.0 0 0
56 10003.069 1e+20 1.0 1000.0 0 0
57 10003.069 1e+20 1.0 1000.0 0 0
58 10003.069 1e+20 1.0 1000.0 0 0
59 10003.069 1e+20 1.0 1000.0 0 0
60 10003.069 1e+20 1.0 1000.0 0 0
61 10003.069 1e+20 1.0 1000.0 0 0
62 10003.069 1e+20 1.0 1000.0 0 0
63 10003.069 1e+20 1.0 1000.0 0 0
64 10003.069 1e+20 1.0 1000.0 0 0
65 10003.069 1e+20 1.0 1000.0 0 0
66 10003.069 1e+20 1.0 1000.0 0 0
67 10003.069 1e+20 1.0 1000.0 0 0
68 10003.069 1e+20 1.0 1000.0 0 0
69 10003.069 1e+20 1.0 1000.0 0 0
70 10003.069 1e+20 1.0 1000.0 0 0
71 10003.069 1e+20 1.0 1000.0 0 0
72 10003.069 1e+20 1.0 1000.0 0 0
73 10003.069 1e+20 1.0 1000.0 0 0
74 10003.069 1e+20 1.0 1000.0 0 0
75 10003.069 1e+20 1.0 1000.0 0 0
76 10003.069 1e+20 1.0 1000.0 0 0
77 10003.069 1e+20 1.0 1000.0 0 0
78 10003.069 1e+20 1.0 1000.0 0 0
79 10003.069 1e+20 1.0 1000.0 0 0
80 10003.069 1e+20 1.0 1000.0 0 0
81 10003.069 1e+20 1.0 1000.0 0 0
82 10003.069 1e+20 1.0 1000.0 0 0
83 10003.069 1e+20 1.0 1000.0 0 0
84 10003.069 1e+20 1.0 1000.0 0 0
85 10003.069 1e+20 1.0 1000.0 0 0
86 10003.069 1e+20 1.0 1000.0 0 0
87 10003.069 1e+20 1.0 1000.0 0 0
88 10003.069 1e+20 1.0 1000.0 0 0
89 10003.069 1e+20 1.0 1000.0 0 0
90 10003.069 1e+20 1.0 1000.0 0 0
91 10003.069 1e+20 1.0 1000.0 0 0
92 10003.069 1e+20 1.0 1000.0 0 0
93 10003.069 1e+20 1.0 1000.0 0 0
94 10003.069 1e+20 1.0 1000.0 0 0
95 10003.069 1e+20 1.0 1000.0 0 0
96 10003.069 1e+20 1.0 1000.0 0 0
97 10003.069 1e+20 1.0 1000.0 0 0
98 10003.069 1e+20 1.0 1000.0 0 0
99 10003.069 1e+20 1.0 1000.0 0 0
100 10003.069 1e+20 1.0 1000.0 0 0
101 10003.069 1e+20 1.0 1000.0 0 0
102 10003.069 1e+20 1.0 1000.0 0 0
103 10003.069 1e+20 1.0 1000.0 0 0
104 10003.069 1e+20 1.0 1000.0 0 0
105 10003.069 1e+20 1.0 1000.0 0 0
106 10003.069 1e+20 1.0 1000.0 0 0
107 10003.069 1e+20 1.0 1000.0 0 0
108 10003.069 1e+20 1.0 1000.0 0 0
109 10003.069 1e+20 1.0 1000.0 0 0
110 10003.069 1e+20 1.0 1000.0 0 0
111 10003.069 1e+20 1.0 1000.0 0 0
112 10003.069 1e+20 1.0 1000.0 0 0
113 10003.069 1e+20 1.0 1000.0 0 0
114 10003.069 1e+20 1.0 1000.0 0 0
115 10003.069 1e+20 1.0 1000.0 0 0
116 10003.069 1e+20 1.0 1000.0 0 0
117 10003.069 1e+20 1.0 1000.0 0 0
118 10003.069 1e+20 1.0 1000.0 0 0
119 10003.069 1e+20 1.0 1000.0 0 0
120 10003.069 1e+20 1.0 1000.0 0 0
121 10003.069 1e+20 1.0 1000.0 0 0
122 10003.069 1e+20 1.0 1000.0 0 0
123 10003.069 1e+20 1.0 1000.0 0 0
124 10003.069 1e+20 1.0 1000.0 0 0
125 10003.069 1e+20 1.0 1000.0 0 0
126 10003.069 1e+20 1.0 1000.0 0 0
127 10003.069 1e+20 1.0 1000.0 0 0
128 10003.069 1e+20 1.0 1000.0 0 0
32323.23232323232
1 10003.168 1e+20 1.0 1000.0 0 0
2 10003.168 1e+20 1.0 1000.0 0 0
3 10003.168 1e+20 1.0 1000.0 0 0
4 10003.168 1e+20 1.0 1000.0 0 0
5 10003.168 1e+20 1.0 1000.0 0 0
6 10003.168 1e+20 1.0 1000.0 0 0
7 10003.168 1e+20 1.0 1000.0 0 0
8 10003.168 1e+20 1.0 1000.0 0 0
9 10003.168 1e+20 1.0 1000.0 0 0
10 10003.168 1e+20 1.0 1000.0 0 0
11 10003.168 1e+20 1.0 1000.0 0 0
12 10003.168 1e+20 1.0 1000.0 0 0
13 10003.168 1e+20 1.0 1000.0 0 0
14 10003.168 1e+20 1.0 1000.0 0 0
15 10003.168 1e+20 1.0 1000.0 0 0
16 10003.168 1e+20 1.0 1000.0 0 0
17 10003.168 1e+20 1.0 1000.0 0 0
18 10003.168 1e+20 1.0 1000.0 0 0
19 10003.168 1e+20 1.0 1000.0 0 0
20 10003.168 1e+20 1.0 1000.0 0 0
21 10003.168 1e+20 1.0 1000.0 0 0
22 10003.168 1e+20 1.0 1000.0 0 0
23 10003.168 1e+20 1.0 1000.0 0 0
24 10003.168 1e+20 1.0 1000.0 0 0
25 10003.168 1e+20 1.0 1000.0 0 0
26 10003.168 1e+20 1.0 1000.0 0 0
27 10003.168 1e+20 1.0 1000.0 0 0
28 10003.168 1e+20 1.0 1000.0 0 0
29 10003.168 1e+20 1.0 1000.0 0 0
30 10003.168 1e+20 1.0 1000.0 0 0
31 10003.168 1e+20 1.0 1000.0 0 0
32 10003.168 1e+20 1.0 1000.0 0 0
33 10003.168 1e+20 1.0 1000.0 0 0
34 10003.168 1e+20 1.0 1000.0 0 0
35 10003.168 1e+20 1.0 1000.0 0 0
36 10003.168 1e+20 1.0 1000.0 0 0
37 10003.168 1e+20 1.0 1000.0 0 0
38 10003.168 1e+20 1.0 1000.0 0 0
39 10003.168 1e+20 1.0 1000.0 0 0
40 10003.168 1e+20 1.0 1000.0 0 0
41 10003.168 1e+20 1.0 1000.0 0 0
42 10003.168 1e+20 1.0 1000.0 0 0
43 10003.168 1e+20 1.0 1000.0 0 0
44 10003.168 1e+20 1.0 1000.0 0 0
45 10003.168 1e+20 1.0 1000.0 0 0
46 10003.168 1e+20 1.0 1000.0 0 0
47 10003.168 1e+20 1.0 1000.0 0 0
48 10003.168 1e+20 1.0 1000.0 0 0
49 10003.168 1e+20 1.0 1000.0 0 0
50 10003.168 1e+20 1.0 1000.0 0 0
51 10003.168 1e+20 1.0 1000.0 0 0
52 10003.168 1e+20 1.0 1000.0 0 0
53 10003.168 1e+20 1.0 1000.0 0 0
54 10003.168 1e+20 1.0 1000.0 0 0
55 10003.168 1e+20 1.0 1000.0 0 0
56 10003.168 1e+20 1.0 1000.0 0 0
57 10003.168 1e+20 1.0 1000.0 0 0
58 10003.168 1e+20 1.0 1000.0 0 0
59 10003.168 1e+20 1.0 1000.0 0 0
60 10003.168 1e+20 1.0 1000.0 0 0
61 10003.168 1e+20 1.0 1000.0 0 0
62 10003.168 1e+20 1.0 1000.0 0 0
63 10003.168 1e+20 1.0 1000.0 0 0
64 10003.168 1e+20 1.0 1000.0 0 0
65 10003.168 1e+20 1.0 1000.0 0 0
66 10003.168 1e+20 1.0 1000.0 0 0
67 10003.168 1e+20 1.0 1000.0 0 0
68 10003.168 1e+20 1.0 1000.0 0 0
69 10003.168 1e+20 1.0 1000.0 0 0
70 10003.168 1e+20 1.0 1000.0 0 0
71 10003.168 1e+20 1.0 1000.0 0 0
72 10003.168 1e+20 1.0 1000.0 0 0
73 10003.168 1e+20 1.0 1000.0 0 0
74 10003.168 1e+20 1.0 1000.0 0 0
75 10003.168 1e+20 1.0 1000.0 0 0
76 10003.168 1e+20 1.0 1000.0 0 0
77 10003.168 1e+20 1.0 1000.0 0 0
78 10003.168 1e+20 1.0 1000.0 0 0
79 10003.168 1e+20 1.0 1000.0 0 0
80 10003.168 1e+20 1.0 1000.0 0 0
81 10003.168 1e+20 1.0 1000.0 0 0
82 10003.168 1e+20 1.0 1000.0 0 0
83 10003.168 1e+20 1.0 1000.0 0 0
84 10003.168 1e+20 1.0 1000.0 0 0
85 10003.168 1e+20 1.0 1000.0 0 0
86 10003.168 1e+20 1.0 1000.0 0 0
87 10003.168 1e+20 1.0 1000.0 0 0
88 10003.168 1e+20 1.0 1000.0 0 0
89 10003.168 1e+20 1.0 1000.0 0 0
90 10003.168 1e+20 1.0 1000.0 0 0
91 10003.168 1e+20 1.0 1000.0 0 0
92 10003.168 1e+20 1.0 1000.0 0 0
93 10003.168 1e+20 1.0 1000.0 0 0
94 10003.168 1e+20 1.0 1000.0 0 0
95 10003.168 1e+20 1.0 1000.0 0 0
96 10003.168 1e+20 1.0 1000.0 0 0
97 10003.168 1e+20 1.0 1000.0 0 0
98 10003.168 1e+20 1.0 1000.0 0 0
99 10003.168 1e+20 1.0 1000.0 0 0
100 10003.168 1e+20 1.0 1000.0 0 0
101 10003.168 1e+20 1.0 1000.0 0 0
102 10003.168 1e+20 1.0 1000.0 0 0
103 10003.168 1e+20 1.0 1000.0 0 0
104 10003.168 1e+20 1.0 1000.0 0 0
105 10003.168 1e+20 1.0 1000.0 0 0
106 10003.168 1e+20 1.0 1000.0 0 0
107 10003.168 1e+20 1.0 1000.0 0 0
108 10003.168 1e+20 1.0 1000.0 0 0
109 10003.168 1e+20 1.0 1000.0 0 0
110 10003.168 1e+20 1.0 1000.0 0 0
111 10003.168 1e+20 1.0 1000.0 0 0
112 10003.168 1e+20 1.0 1000.0 0 0
113 10003.168 1e+20 1.0 1000.0 0 0
114 10003.168 1e+20 1.0 1000.0 0 0
115 10003.168 1e+20 1.0 1000.0 0 0
116 10003.168 1e+20 1.0 1000.0 0 0
117 10003.168 1e+20 1.0 1000.0 0 0
118 10003.168 1e+20 1.0 1000.0 0 0
119 10003.168 1e+20 1.0 1000.0 0 0
120 10003.168 1e+20 1.0 1000.0 0 0
121 10003.168 1e+20 1.0 1000.0 0 0
122 10003.168 1e+20 1.0 1000.0 0 0
123 10003.168 1e+20 1.0 1000.0 0 0
124 10003.168 1e+20 1.0 1000.0 0 0
125 10003.168 1e+20 1.0 1000.0 0 0
126 10003.168 1e+20 1.0 1000.0 0 0
127 10003.168 1e+20 1.0 1000.0 0 0
128 10003.168 1e+20 1.0 1000.0 0 0
33333.33333333333
1 10003.267 1e+20 1.0 1000.0 0 0
2 10003.267 1e+20 1.0 1000.0 0 0
3 10003.267 1e+20 1.0 1000.0 0 0
4 10003.267 1e+20 1.0 1000.0 0 0
5 10003.267 1e+20 1.0 1000.0 0 0
6 10003.267 1e+20 1.0 1000.0 0 0
7 10003.267 1e+20 1.0 1000.0 0 0
8 10003.267 1e+20 1.0 1000.0 0 0
9 10003.267 1e+20 1.0 1000.0 0 0
10 10003.267 1e+20 1.0 1000.0 0 0
11 10003.267 1e+20 1.0 1000.0 0 0
12 10003.267 1e+20 1.0 1000.0 0 0
13 10003.267 1e+20 1.0 1000.0 0 0
14 10003.267 1e+20 1.0 1000.0 0 0
15 10003.267 1e+20 1.0 1000.0 0 0
16 10003.267 1e+20 1.0 1000.0 0 0
17 10003.267 1e+20 1.0 1000.0 0 0
18 10003.267 1e+20 1.0 1000.0 0 0
19 10003.267 1e+20 1.0 1000.0 0 0
20 10003.267 1e+20 1.0 1000.0 0 0
21 10003.267 1e+20 1.0 1000.0 0 0
22 10003.267 1e+20 1.0 1000.0 0 0
23 10003.267 1e+20 1.0 1000.0 0 0
24 10003.267 1e+20 1.0 1000.0 0 0
25 10003.267 1e+20 1.0 1000.0 0 0
26 10003.267 1e+20 1.0 1000.0 0 0
27 10003.267 1e+20 1.0 1000.0 0 0
28 10003.267 1e+20 1.0 1000.0 0 0
29 10003.267 1e+20 1.0 1000.0 0 0
30 10003.267 1e+20 1.0 1000.0 0 0
31 10003.267 1e+20 1.0 1000.0 0 0
32 10003.267 1e+20 1.0 1000.0 0 0
33 10003.267 1e+20 1.0 1000.0 0 0
34 10003.267 1e+20 1.0 1000.0 0 0
35 10003.267 1e+20 1.0 1000.0 0 0
36 10003.267 1e+20 1.0 1000.0 0 0
37 10003.267 1e+20 1.0 1000.0 0 0
38 10003.267 1e+20 1.0 1000.0 0 0
39 10003.267 1e+20 1.0 1000.0 0 0
40 10003.267 1e+20 1.0 1000.0 0 0
41 10003.267 1e+20 1.0 1000.0 0 0
42 10003.267 1e+20 1.0 1000.0 0 0
43 10003.267 1e+20 1.0 1000.0 0 0
44 10003.267 1e+20 1.0 1000.0 0 0
45 10003.267 1e+20 1.0 1000.0 0 0
46 10003.267 1e+20 1.0 1000.0 0 0
47 10003.267 1e+20 1.0 1000.0 0 0
48 10003.267 1e+20 1.0 1000.0 0 0
49 10003.267 1e+20 1.0 1000.0 0 0
50 10003.267 1e+20 1.0 1000.0 0 0
51 10003.267 1e+20 1.0 1000.0 0 0
52 10003.267 1e+20 1.0 1000.0 0 0
53 10003.267 1e+20 1.0 1000.0 0 0
54 10003.267 1e+20 1.0 1000.0 0 0
55 10003.267 1e+20 1.0 1000.0 0 0
56 10003.267 1e+20 1.0 1000.0 0 0
57 10003.267 1e+20 1.0 1000.0 0 0
58 10003.267 1e+20 1.0 1000.0 0 0
59 10003.267 1e+20 1.0 1000.0 0 0
60 10003.267 1e+20 1.0 1000.0 0 0
61 10003.267 1e+20 1.0 1000.0 0 0
62 10003.267 1e+20 1.0 1000.0 0 0
63 10003.267 1e+20 1.0 1000.0 0 0
64 10003.267 1e+20 1.0 1000.0 0 0
65 10003.267 1e+20 1.0 1000.0 0 0
66 10003.267 1e+20 1.0 1000.0 0 0
67 10003.267 1e+20 1.0 1000.0 0 0
68 10003.267 1e+20 1.0 1000.0 0 0
69 10003.267 1e+20 1.0 1000.0 0 0
70 10003.267 1e+20 1.0 1000.0 0 0
71 10003.267 1e+20 1.0 1000.0 0 0
72 10003.267 1e+20 1.0 1000.0 0 0
73 10003.267 1e+20 1.0 1000.0 0 0
74 10003.267 1e+20 1.0 1000.0 0 0
75 10003.267 1e+20 1.0 1000.0 0 0
76 10003.267 1e+20 1.0 1000.0 0 0
77 10003.267 1e+20 1.0 1000.0 0 0
78 10003.267 1e+20 1.0 1000.0 0 0
79 10003.267 1e+20 1.0 1000.0 0 0
80 10003.267 1e+20 1.0 1000.0 0 0
81 10003.267 1e+20 1.0 1000.0 0 0
82 10003.267 1e+20 1.0 1000.0 0 0
83 10003.267 1e+20 1.0 1000.0 0 0
84 10003.267 1e+20 1.0 1000.0 0 0
85 10003.267 1e+20 1.0 1000.0 0 0
86 10003.267 1e+20 1.0 1000.0 0 0
87 10003.267 1e+20 1.0 1000.0 0 0
88 10003.267 1e+20 1.0 1000.0 0 0
89 10003.267 1e+20 1.0 1000.0 0 0
90 10003.267 1e+20 1.0 1000.0 0 0
91 10003.267 1e+20 1.0 1000.0 0 0
92 10003.267 1e+20 1.0 1000.0 0 0
93 10003.267 1e+20 1.0 1000.0 0 0
94 10003.267 1e+20 1.0 1000.0 0 0
95 10003.267 1e+20 1.0 1000.0 0 0
96 10003.267 1e+20 1.0 1000.0 0 0
97 10003.267 1e+20 1.0 1000.0 0 0
98 10003.267 1e+20 1.0 1000.0 0 0
99 10003.267 1e+20 1.0 1000.0 0 0
100 10003.267 1e+20 1.0 1000.0 0 0
101 10003.267 1e+20 1.0 1000.0 0 0
102 10003.267 1e+20 1.0 1000.0 0 0
103 10003.267 1e+20 1.0 1000.0 0 0
104 10003.267 1e+20 1.0 1000.0 0 0
105 10003.267 1e+20 1.0 1000.0 0 0
106 10003.267 1e+20 1.0 1000.0 0 0
107 10003.267 1e+20 1.0 1000.0 0 0
108 10003.267 1e+20 1.0 1000.0 0 0
109 10003.267 1e+20 1.0 1000.0 0 0
110 10003.267 1e+20 1.0 1000.0 0 0
111 10003.267 1e+20 1.0 1000.0 0 0
112 10003.267 1e+20 1.0 1000.0 0 0
113 10003.267 1e+20 1.0 1000.0 0 0
114 10003.267 1e+20 1.0 1000.0 0 0
115 10003.267 1e+20 1.0 1000.0 0 0
116 10003.267 1e+20 1.0 1000.0 0 0
117 10003.267 1e+20 1.0 1000.0 0 0
118 10003.267 1e+20 1.0 1000.0 0 0
119 10003.267 1e+20 1.0 1000.0 0 0
120 10003.267 1e+20 1.0 1000.0 0 0
121 10003.267 1e+20 1.0 1000.0 0 0
122 10003.267 1e+20 1.0 1000.0 0 0
123 10003.267 1e+20 1.0 1000.0 0 0
124 10003.267 1e+20 1.0 1000.0 0 0
125 10003.267 1e+20 1.0 1000.0 0 0
126 10003.267 1e+20 1.0 1000.0 0 0
127 10003.267 1e+20 1.0 1000.0 0 0
128 10003.267 1e+20 1.0 1000.0 0 0
34343.43434343434
1 10003.366 1e+20 1.0 1000.0 0 0
2 10003.366 1e+20 1.0 1000.0 0 0
3 10003.366 1e+20 1.0 1000.0 0 0
4 10003.366 1e+20 1.0 1000.0 0 0
5 10003.366 1e+20 1.0 1000.0 0 0
6 10003.366 1e+20 1.0 1000.0 0 0
7 10003.366 1e+20 1.0 1000.0 0 0
8 10003.366 1e+20 1.0 1000.0 0 0
9 10003.366 1e+20 1.0 1000.0 0 0
10 10003.366 1e+20 1.0 1000.0 0 0
11 10003.366 1e+20 1.0 1000.0 0 0
12 10003.366 1e+20 1.0 1000.0 0 0
13 10003.366 1e+20 1.0 1000.0 0 0
14 10003.366 1e+20 1.0 1000.0 0 0
15 10003.366 1e+20 1.0 1000.0 0 0
16 10003.366 1e+20 1.0 1000.0 0 0
17 10003.366 1e+20 1.0 1000.0 0 0
18 10003.366 1e+20 1.0 1000.0 0 0
19 10003.366 1e+20 1.0 1000.0 0 0
20 10003.366 1e+20 1.0 1000.0 0 0
21 10003.366 1e+20 1.0 1000.0 0 0
22 10003.366 1e+20 1.0 1000.0 0 0
23 10003.366 1e+20 1.0 1000.0 0 0
24 10003.366 1e+20 1.0 1000.0 0 0
25 10003.366 1e+20 1.0 1000.0 0 0
26 10003.366 1e+20 1.0 1000.0 0 0
27 10003.366 1e+20 1.0 1000.0 0 0
28 10003.366 1e+20 1.0 1000.0 0 0
29 10003.366 1e+20 1.0 1000.0 0 0
30 10003.366 1e+20 1.0 1000.0 0 0
31 10003.366 1e+20 1.0 1000.0 0 0
32 10003.366 1e+20 1.0 1000.0 0 0
33 10003.366 1e+20 1.0 1000.0 0 0
34 10003.366 1e+20 1.0 1000.0 0 0
35 10003.366 1e+20 1.0 1000.0 0 0
36 10003.366 1e+20 1.0 1000.0 0 0
37 10003.366 1e+20 1.0 1000.0 0 0
38 10003.366 1e+20 1.0 1000.0 0 0
39 10003.366 1e+20 1.0 1000.0 0 0
40 10003.366 1e+20 1.0 1000.0 0 0
41 10003.366 1e+20 1.0 1000.0 0 0
42 10003.366 1e+20 1.0 1000.0 0 0
43 10003.366 1e+20 1.0 1000.0 0 0
44 10003.366 1e+20 1.0 1000.0 0 0
45 10003.366 1e+20 1.0 1000.0 0 0
46 10003.366 1e+20 1.0 1000.0 0 0
47 10003.366 1e+20 1.0 1000.0 0 0
48 10003.366 1e+20 1.0 1000.0 0 0
49 10003.366 1e+20 1.0 1000.0 0 0
50 10003.366 1e+20 1.0 1000.0 0 0
51 10003.366 1e+20 1.0 1000.0 0 0
52 10003.366 1e+20 1.0 1000.0 0 0
53 10003.366 1e+20 1.0 1000.0 0 0
54 10003.366 1e+20 1.0 1000.0 0 0
55 10003.366 1e+20 1.0 1000.0 0 0
56 10003.366 1e+20 1.0 1000.0 0 0
57 10003.366 1e+20 1.0 1000.0 0 0
58 10003.366 1e+20 1.0 1000.0 0 0
59 10003.366 1e+20 1.0 1000.0 0 0
60 10003.366 1e+20 1.0 1000.0 0 0
61 10003.366 1e+20 1.0 1000.0 0 0
62 10003.366 1e+20 1.0 1000.0 0 0
63 10003.366 1e+20 1.0 1000.0 0 0
64 10003.366 1e+20 1.0 1000.0 0 0
65 10003.366 1e+20 1.0 1000.0 0 0
66 10003.366 1e+20 1.0 1000.0 0 0
67 10003.366 1e+20 1.0 1000.0 0 0
68 10003.366 1e+20 1.0 1000.0 0 0
69 10003.366 1e+20 1.0 1000.0 0 0
70 10003.366 1e+20 1.0 1000.0 0 0
71 10003.366 1e+20 1.0 1000.0 0 0
72 10003.366 1e+20 1.0 1000.0 0 0
73 10003.366 1e+20 1.0 1000.0 0 0
74 10003.366 1e+20 1.0 1000.0 0 0
75 10003.366 1e+20 1.0 1000.0 0 0
76 10003.366 1e+20 1.0 1000.0 0 0
77 10003.366 1e+20 1.0 1000.0 0 0
78 10003.366 1e+20 1.0 1000.0 0 0
79 10003.366 1e+20 1.0 1000.0 0 0
80 10003.366 1e+20 1.0 1000.0 0 0
81 10003.366 1e+20 1.0 1000.0 0 0
82 10003.366 1e+20 1.0 1000.0 0 0
83 10003.366 1e+20 1.0 1000.0 0 0
84 10003.366 1e+20 1.0 1000.0 0 0
85 10003.366 1e+20 1.0 1000.0 0 0
86 10003.366 1e+20 1.0 1000.0 0 0
87 10003.366 1e+20 1.0 1000.0 0 0
88 10003.366 1e+20 1.0 1000.0 0 0
89 10003.366 1e+20 1.0 1000.0 0 0
90 10003.366 1e+20 1.0 1000.0 0 0
91 10003.366 1e+20 1.0 1000.0 0 0
92 10003.366 1e+20 1.0 1000.0 0 0
93 10003.366 1e+20 1.0 1000.0 0 0
94 10003.366 1e+20 1.0 1000.0 0 0
95 10003.366 1e+20 1.0 1000.0 0 0
96 10003.366 1e+20 1.0 1000.0 0 0
97 10003.366 1e+20 1.0 1000.0 0 0
98 10003.366 1e+20 1.0 1000.0 0 0
99 10003.366 1e+20 1.0 1000.0 0 0
100 10003.366 1e+20 1.0 1000.0 0 0
101 10003.366 1e+20 1.0 1000.0 0 0
102 10003.366 1e+20 1.0 1000.0 0 0
103 10003.366 1e+20 1.0 1000.0 0 0
104 10003.366 1e+20 1.0 1000.0 0 0
105 10003.366 1e+20 1.0 1000.0 0 0
106 10003.366 1e+20 1.0 1000.0 0 0
107 10003.366 1e+20 1.0 1000.0 0 0
108 10003.366 1e+20 1.0 1000.0 0 0
109 10003.366 1e+20 1.0 1000.0 0 0
110 10003.366 1e+20 1.0 1000.0 0 0
111 10003.366 1e+20 1.0 1000.0 0 0
112 10003.366 1e+20 1.0 1000.0 0 0
113 10003.366 1e+20 1.0 1000.0 0 0
114 10003.366 1e+20 1.0 1000.0 0 0
115 10003.366 1e+20 1.0 1000.0 0 0
116 10003.366 1e+20 1.0 1000.0 0 0
117 10003.366 1e+20 1.0 1000.0 0 0
118 10003.366 1e+20 1.0 1000.0 0 0
119 10003.366 1e+20 1.0 1000.0 0 0
120 10003.366 1e+20 1.0 1000.0 0 0
121 10003.366 1e+20 1.0 1000.0 0 0
122 10003.366 1e+20 1.0 1000.0 0 0
123 10003.366 1e+20 1.0 1000.0 0 0
124 10003.366 1e+20 1.0 1000.0 0 0
125 10003.366 1e+20 1.0 1000.0 0 0
126 10003.366 1e+20 1.0 1000.0 0 0
127 10003.366 1e+20 1.0 1000.0 0 0
128 10003.366 1e+20 1.0 1000.0 0 0
35353.53535353535
1 10003.465 1e+20 1.0 1000.0 0 0
2 10003.465 1e+20 1.0 1000.0 0 0
3 10003.465 1e+20 1.0 1000.0 0 0
4 10003.465 1e+20 1.0 1000.0 0 0
5 10003.465 1e+20 1.0 1000.0 0 0
6 10003.465 1e+20 1.0 1000.0 0 0
7 10003.465 1e+20 1.0 1000.0 0 0
8 10003.465 1e+20 1.0 1000.0 0 0
9 10003.465 1e+20 1.0 1000.0 0 0
10 10003.465 1e+20 1.0 1000.0 0 0
11 10003.465 1e+20 1.0 1000.0 0 0
12 10003.465 1e+20 1.0 1000.0 0 0
13 10003.465 1e+20 1.0 1000.0 0 0
14 10003.465 1e+20 1.0 1000.0 0 0
15 10003.465 1e+20 1.0 1000.0 0 0
16 10003.465 1e+20 1.0 1000.0 0 0
17 10003.465 1e+20 1.0 1000.0 0 0
18 10003.465 1e+20 1.0 1000.0 0 0
19 10003.465 1e+20 1.0 1000.0 0 0
20 10003.465 1e+20 1.0 1000.0 0 0
21 10003.465 1e+20 1.0 1000.0 0 0
22 10003.465 1e+20 1.0 1000.0 0 0
23 10003.465 1e+20 1.0 1000.0 0 0
24 10003.465 1e+20 1.0 1000.0 0 0
25 10003.465 1e+20 1.0 1000.0 0 0
26 10003.465 1e+20 1.0 1000.0 0 0
27 10003.465 1e+20 1.0 1000.0 0 0
28 10003.465 1e+20 1.0 1000.0 0 0
29 10003.465 1e+20 1.0 1000.0 0 0
30 10003.465 1e+20 1.0 1000.0 0 0
31 10003.465 1e+20 1.0 1000.0 0 0
32 10003.465 1e+20 1.0 1000.0 0 0
33 10003.465 1e+20 1.0 1000.0 0 0
34 10003.465 1e+20 1.0 1000.0 0 0
35 10003.465 1e+20 1.0 1000.0 0 0
36 10003.465 1e+20 1.0 1000.0 0 0
37 10003.465 1e+20 1.0 1000.0 0 0
38 10003.465 1e+20 1.0 1000.0 0 0
39 10003.465 1e+20 1.0 1000.0 0 0
40 10003.465 1e+20 1.0 1000.0 0 0
41 10003.465 1e+20 1.0 1000.0 0 0
42 10003.465 1e+20 1.0 1000.0 0 0
43 10003.465 1e+20 1.0 1000.0 0 0
44 10003.465 1e+20 1.0 1000.0 0 0
45 10003.465 1e+20 1.0 1000.0 0 0
46 10003.465 1e+20 1.0 1000.0 0 0
47 10003.465 1e+20 1.0 1000.0 0 0
48 10003.465 1e+20 1.0 1000.0 0 0
49 10003.465 1e+20 1.0 1000.0 0 0
50 10003.465 1e+20 1.0 1000.0 0 0
51 10003.465 1e+20 1.0 1000.0 0 0
52 10003.465 1e+20 1.0 1000.0 0 0
53 10003.465 1e+20 1.0 1000.0 0 0
54 10003.465 1e+20 1.0 1000.0 0 0
55 10003.465 1e+20 1.0 1000.0 0 0
56 10003.465 1e+20 1.0 1000.0 0 0
57 10003.465 1e+20 1.0 1000.0 0 0
58 10003.465 1e+20 1.0 1000.0 0 0
59 10003.465 1e+20 1.0 1000.0 0 0
60 10003.465 1e+20 1.0 1000.0 0 0
61 10003.465 1e+20 1.0 1000.0 0 0
62 10003.465 1e+20 1.0 1000.0 0 0
63 10003.465 1e+20 1.0 1000.0 0 0
64 10003.465 1e+20 1.0 1000.0 0 0
65 10003.465 1e+20 1.0 1000.0 0 0
66 10003.465 1e+20 1.0 1000.0 0 0
67 10003.465 1e+20 1.0 1000.0 0 0
68 10003.465 1e+20 1.0 1000.0 0 0
69 10003.465 1e+20 1.0 1000.0 0 0
70 10003.465 1e+20 1.0 1000.0 0 0
71 10003.465 1e+20 1.0 1000.0 0 0
72 10003.465 1e+20 1.0 1000.0 0 0
73 10003.465 1e+20 1.0 1000.0 0 0
74 10003.465 1e+20 1.0 1000.0 0 0
75 10003.465 1e+20 1.0 1000.0 0 0
76 10003.465 1e+20 1.0 1000.0 0 0
77 10003.465 1e+20 1.0 1000.0 0 0
78 10003.465 1e+20 1.0 1000.0 0 0
79 10003.465 1e+20 1.0 1000.0 0 0
80 10003.465 1e+20 1.0 1000.0 0 0
81 10003.465 1e+20 1.0 1000.0 0 0
82 10003.465 1e+20 1.0 1000.0 0 0
83 10003.465 1e+20 1.0 1000.0 0 0
84 10003.465 1e+20 1.0 1000.0 0 0
85 10003.465 1e+20 1.0 1000.0 0 0
86 10003.465 1e+20 1.0 1000.0 0 0
87 10003.465 1e+20 1.0 1000.0 0 0
88 10003.465 1e+20 1.0 1000.0 0 0
89 10003.465 1e+20 1.0 1000.0 0 0
90 10003.465 1e+20 1.0 1000.0 0 0
91 10003.465 1e+20 1.0 1000.0 0 0
92 10003.465 1e+20 1.0 1000.0 0 0
93 10003.465 1e+20 1.0 1000.0 0 0
94 10003.465 1e+20 1.0 1000.0 0 0
95 10003.465 1e+20 1.0 1000.0 0 0
96 10003.465 1e+20 1.0 1000.0 0 0
97 10003.465 1e+20 1.0 1000.0 0 0
98 10003.465 1e+20 1.0 1000.0 0 0
99 10003.465 1e+20 1.0 1000.0 0 0
100 10003.465 1e+20 1.0 1000.0 0 0
101 10003.465 1e+20 1.0 1000.0 0 0
102 10003.465 1e+20 1.0 1000.0 0 0
103 10003.465 1e+20 1.0 1000.0 0 0
104 10003.465 1e+20 1.0 1000.0 0 0
105 10003.465 1e+20 1.0 1000.0 0 0
106 10003.465 1e+20 1.0 1000.0 0 0
107 10003.465 1e+20 1.0 1000.0 0 0
108 10003.465 1e+20 1.0 1000.0 0 0
109 10003.465 1e+20 1.0 1000.0 0 0
110 10003.465 1e+20 1.0 1000.0 0 0
111 10003.465 1e+20 1.0 1000.0 0 0
112 10003.465 1e+20 1.0 1000.0 0 0
113 10003.465 1e+20 1.0 1000.0 0 0
114 10003.465 1e+20 1.0 1000.0 0 0
115 10003.465 1e+20 1.0 1000.0 0 0
116 10003.465 1e+20 1.0 1000.0 0 0
117 10003.465 1e+20 1.0 1000.0 0 0
118 10003.465 1e+20 1.0 1000.0 0 0
119 10003.465 1e+20 1.0 1000.0 0 0
120 10003.465 1e+20 1.0 1000.0 0 0
121 10003.465 1e+20 1.0 1000.0 0 0
122 10003.465 1e+20 1.0 1000.0 0 0
123 10003.465 1e+20 1.0 1000.0 0 0
124 10003.465 1e+20 1.0 1000.0 0 0
125 10003.465 1e+20 1.0 1000.0 0 0
126 10003.465 1e+20 1.0 1000.0 0 0
127 10003.465 1e+20 1.0 1000.0 0 0
128 10003.465 1e+20 1.0 1000.0 0 0
36363.63636363636
1 10003.564 1e+20 1.0 1000.0 0 0
2 10003.564 1e+20 1.0 1000.0 0 0
3 10003.564 1e+20 1.0 1000.0 0 0
4 10003.564 1e+20 1.0 1000.0 0 0
5 10003.564 1e+20 1.0 1000.0 0 0
6 10003.564 1e+20 1.0 1000.0 0 0
7 10003.564 1e+20 1.0 1000.0 0 0
8 10003.564 1e+20 1.0 1000.0 0 0
9 10003.564 1e+20 1.0 1000.0 0 0
10 10003.564 1e+20 1.0 1000.0 0 0
11 10003.564 1e+20 1.0 1000.0 0 0
12 10003.564 1e+20 1.0 1000.0 0 0
13 10003.564 1e+20 1.0 1000.0 0 0
14 10003.564 1e+20 1.0 1000.0 0 0
15 10003.564 1e+20 1.0 1000.0 0 0
16 10003.564 1e+20 1.0 1000.0 0 0
17 10003.564 1e+20 1.0 1000.0 0 0
18 10003.564 1e+20 1.0 1000.0 0 0
19 10003.564 1e+20 1.0 1000.0 0 0
20 10003.564 1e+20 1.0 1000.0 0 0
21 10003.564 1e+20 1.0 1000.0 0 0
22 10003.564 1e+20 1.0 1000.0 0 0
23 10003.564 1e+20 1.0 1000.0 0 0
24 10003.564 1e+20 1.0 1000.0 0 0
25 10003.564 1e+20 1.0 1000.0 0 0
26 10003.564 1e+20 1.0 1000.0 0 0
27 10003.564 1e+20 1.0 1000.0 0 0
28 10003.564 1e+20 1.0 1000.0 0 0
29 10003.564 1e+20 1.0 1000.0 0 0
30 10003.564 1e+20 1.0 1000.0 0 0
31 10003.564 1e+20 1.0 1000.0 0 0
32 10003.564 1e+20 1.0 1000.0 0 0
33 10003.564 1e+20 1.0 1000.0 0 0
34 10003.564 1e+20 1.0 1000.0 0 0
35 10003.564 1e+20 1.0 1000.0 0 0
36 10003.564 1e+20 1.0 1000.0 0 0
37 10003.564 1e+20 1.0 1000.0 0 0
38 10003.564 1e+20 1.0 1000.0 0 0
39 10003.564 1e+20 1.0 1000.0 0 0
40 10003.564 1e+20 1.0 1000.0 0 0
41 10003.564 1e+20 1.0 1000.0 0 0
42 10003.564 1e+20 1.0 1000.0 0 0
43 10003.564 1e+20 1.0 1000.0 0 0
44 10003.564 1e+20 1.0 1000.0 0 0
45 10003.564 1e+20 1.0 1000.0 0 0
46 10003.564 1e+20 1.0 1000.0 0 0
47 10003.564 1e+20 1.0 1000.0 0 0
48 10003.564 1e+20 1.0 1000.0 0 0
49 10003.564 1e+20 1.0 1000.0 0 0
50 10003.564 1e+20 1.0 1000.0 0 0
51 10003.564 1e+20 1.0 1000.0 0 0
52 10003.564 1e+20 1.0 1000.0 0 0
53 10003.564 1e+20 1.0 1000.0 0 0
54 10003.564 1e+20 1.0 1000.0 0 0
55 10003.564 1e+20 1.0 1000.0 0 0
56 10003.564 1e+20 1.0 1000.0 0 0
57 10003.564 1e+20 1.0 1000.0 0 0
58 10003.564 1e+20 1.0 1000.0 0 0
59 10003.564 1e+20 1.0 1000.0 0 0
60 10003.564 1e+20 1.0 1000.0 0 0
61 10003.564 1e+20 1.0 1000.0 0 0
62 10003.564 1e+20 1.0 1000.0 0 0
63 10003.564 1e+20 1.0 1000.0 0 0
64 10003.564 1e+20 1.0 1000.0 0 0
65 10003.564 1e+20 1.0 1000.0 0 0
66 10003.564 1e+20 1.0 1000.0 0 0
67 10003.564 1e+20 1.0 1000.0 0 0
68 10003.564 1e+20 1.0 1000.0 0 0
69 10003.564 1e+20 1.0 1000.0 0 0
70 10003.564 1e+20 1.0 1000.0 0 0
71 10003.564 1e+20 1.0 1000.0 0 0
72 10003.564 1e+20 1.0 1000.0 0 0
73 10003.564 1e+20 1.0 1000.0 0 0
74 10003.564 1e+20 1.0 1000.0 0 0
75 10003.564 1e+20 1.0 1000.0 0 0
76 10003.564 1e+20 1.0 1000.0 0 0
77 10003.564 1e+20 1.0 1000.0 0 0
78 10003.564 1e+20 1.0 1000.0 0 0
79 10003.564 1e+20 1.0 1000.0 0 0
80 10003.564 1e+20 1.0 1000.0 0 0
81 10003.564 1e+20 1.0 1000.0 0 0
82 10003.564 1e+20 1.0 1000.0 0 0
83 10003.564 1e+20 1.0 1000.0 0 0
84 10003.564 1e+20 1.0 1000.0 0 0
85 10003.564 1e+20 1.0 1000.0 0 0
86 10003.564 1e+20 1.0 1000.0 0 0
87 10003.564 1e+20 1.0 1000.0 0 0
88 10003.564 1e+20 1.0 1000.0 0 0
89 10003.564 1e+20 1.0 1000.0 0 0
90 10003.564 1e+20 1.0 1000.0 0 0
91 10003.564 1e+20 1.0 1000.0 0 0
92 10003.564 1e+20 1.0 1000.0 0 0
93 10003.564 1e+20 1.0 1000.0 0 0
94 10003.564 1e+20 1.0 1000.0 0 0
95 10003.564 1e+20 1.0 1000.0 0 0
96 10003.564 1e+20 1.0 1000.0 0 0
97 10003.564 1e+20 1.0 1000.0 0 0
98 10003.564 1e+20 1.0 1000.0 0 0
99 10003.564 1e+20 1.0 1000.0 0 0
100 10003.564 1e+20 1.0 1000.0 0 0
101 10003.564 1e+20 1.0 1000.0 0 0
102 10003.564 1e+20 1.0 1000.0 0 0
103 10003.564 1e+20 1.0 1000.0 0 0
104 10003.564 1e+20 1.0 1000.0 0 0
105 10003.564 1e+20 1.0 1000.0 0 0
106 10003.564 1e+20 1.0 1000.0 0 0
107 10003.564 1e+20 1.0 1000.0 0 0
108 10003.564 1e+20 1.0 1000.0 0 0
109 10003.564 1e+20 1.0 1000.0 0 0
110 10003.564 1e+20 1.0 1000.0 0 0
111 10003.564 1e+20 1.0 1000.0 0 0
112 10003.564 1e+20 1.0 1000.0 0 0
113 10003.564 1e+20 1.0 1000.0 0 0
114 10003.564 1e+20 1.0 1000.0 0 0
115 10003.564 1e+20 1.0 1000.0 0 0
116 10003.564 1e+20 1.0 1000.0 0 0
117 10003.564 1e+20 1.0 1000.0 0 0
118 10003.564 1e+20 1.0 1000.0 0 0
119 10003.564 1e+20 1.0 1000.0 0 0
120 10003.564 1e+20 1.0 1000.0 0 0
121 10003.564 1e+20 1.0 1000.0 0 0
122 10003.564 1e+20 1.0 1000.0 0 0
123 10003.564 1e+20 1.0 1000.0 0 0
124 10003.564 1e+20 1.0 1000.0 0 0
125 10003.564 1e+20 1.0 1000.0 0 0
126 10003.564 1e+20 1.0 1000.0 0 0
127 10003.564 1e+20 1.0 1000.0 0 0
128 10003.564 1e+20 1.0 1000.0 0 0
37373.73737373737
1 10003.663 1e+20 1.0 1000.0 0 0
2 10003.663 1e+20 1.0 1000.0 0 0
3 10003.663 1e+20 1.0 1000.0 0 0
4 10003.663 1e+20 1.0 1000.0 0 0
5 10003.663 1e+20 1.0 1000.0 0 0
6 10003.663 1e+20 1.0 1000.0 0 0
7 10003.663 1e+20 1.0 1000.0 0 0
8 10003.663 1e+20 1.0 1000.0 0 0
9 10003.663 1e+20 1.0 1000.0 0 0
10 10003.663 1e+20 1.0 1000.0 0 0
11 10003.663 1e+20 1.0 1000.0 0 0
12 10003.663 1e+20 1.0 1000.0 0 0
13 10003.663 1e+20 1.0 1000.0 0 0
14 10003.663 1e+20 1.0 1000.0 0 0
15 10003.663 1e+20 1.0 1000.0 0 0
16 10003.663 1e+20 1.0 1000.0 0 0
17 10003.663 1e+20 1.0 1000.0 0 0
18 10003.663 1e+20 1.0 1000.0 0 0
19 10003.663 1e+20 1.0 1000.0 0 0
20 10003.663 1e+20 1.0 1000.0 0 0
21 10003.663 1e+20 1.0 1000.0 0 0
22 10003.663 1e+20 1.0 1000.0 0 0
23 10003.663 1e+20 1.0 1000.0 0 0
24 10003.663 1e+20 1.0 1000.0 0 0
25 10003.663 1e+20 1.0 1000.0 0 0
26 10003.663 1e+20 1.0 1000.0 0 0
27 10003.663 1e+20 1.0 1000.0 0 0
28 10003.663 1e+20 1.0 1000.0 0 0
29 10003.663 1e+20 1.0 1000.0 0 0
30 10003.663 1e+20 1.0 1000.0 0 0
31 10003.663 1e+20 1.0 1000.0 0 0
32 10003.663 1e+20 1.0 1000.0 0 0
33 10003.663 1e+20 1.0 1000.0 0 0
34 10003.663 1e+20 1.0 1000.0 0 0
35 10003.663 1e+20 1.0 1000.0 0 0
36 10003.663 1e+20 1.0 1000.0 0 0
37 10003.663 1e+20 1.0 1000.0 0 0
38 10003.663 1e+20 1.0 1000.0 0 0
39 10003.663 1e+20 1.0 1000.0 0 0
40 10003.663 1e+20 1.0 1000.0 0 0
41 10003.663 1e+20 1.0 1000.0 0 0
42 10003.663 1e+20 1.0 1000.0 0 0
43 10003.663 1e+20 1.0 1000.0 0 0
44 10003.663 1e+20 1.0 1000.0 0 0
45 10003.663 1e+20 1.0 1000.0 0 0
46 10003.663 1e+20 1.0 1000.0 0 0
47 10003.663 1e+20 1.0 1000.0 0 0
48 10003.663 1e+20 1.0 1000.0 0 0
49 10003.663 1e+20 1.0 1000.0 0 0
50 10003.663 1e+20 1.0 1000.0 0 0
51 10003.663 1e+20 1.0 1000.0 0 0
52 10003.663 1e+20 1.0 1000.0 0 0
53 10003.663 1e+20 1.0 1000.0 0 0
54 10003.663 1e+20 1.0 1000.0 0 0
55 10003.663 1e+20 1.0 1000.0 0 0
56 10003.663 1e+20 1.0 1000.0 0 0
57 10003.663 1e+20 1.0 1000.0 0 0
58 10003.663 1e+20 1.0 1000.0 0 0
59 10003.663 1e+20 1.0 1000.0 0 0
60 10003.663 1e+20 1.0 1000.0 0 0
61 10003.663 1e+20 1.0 1000.0 0 0
62 10003.663 1e+20 1.0 1000.0 0 0
63 10003.663 1e+20 1.0 1000.0 0 0
64 10003.663 1e+20 1.0 1000.0 0 0
65 10003.663 1e+20 1.0 1000.0 0 0
66 10003.663 1e+20 1.0 1000.0 0 0
67 10003.663 1e+20 1.0 1000.0 0 0
68 10003.663 1e+20 1.0 1000.0 0 0
69 10003.663 1e+20 1.0 1000.0 0 0
70 10003.663 1e+20 1.0 1000.0 0 0
71 10003.663 1e+20 1.0 1000.0 0 0
72 10003.663 1e+20 1.0 1000.0 0 0
73 10003.663 1e+20 1.0 1000.0 0 0
74 10003.663 1e+20 1.0 1000.0 0 0
75 10003.663 1e+20 1.0 1000.0 0 0
76 10003.663 1e+20 1.0 1000.0 0 0
77 10003.663 1e+20 1.0 1000.0 0 0
78 10003.663 1e+20 1.0 1000.0 0 0
79 10003.663 1e+20 1.0 1000.0 0 0
80 10003.663 1e+20 1.0 1000.0 0 0
81 10003.663 1e+20 1.0 1000.0 0 0
82 10003.663 1e+20 1.0 1000.0 0 0
83 10003.663 1e+20 1.0 1000.0 0 0
84 10003.663 1e+20 1.0 1000.0 0 0
85 10003.663 1e+20 1.0 1000.0 0 0
86 10003.663 1e+20 1.0 1000.0 0 0
87 10003.663 1e+20 1.0 1000.0 0 0
88 10003.663 1e+20 1.0 1000.0 0 0
89 10003.663 1e+20 1.0 1000.0 0 0
90 10003.663 1e+20 1.0 1000.0 0 0
91 10003.663 1e+20 1.0 1000.0 0 0
92 10003.663 1e+20 1.0 1000.0 0 0
93 10003.663 1e+20 1.0 1000.0 0 0
94 10003.663 1e+20 1.0 1000.0 0 0
95 10003.663 1e+20 1.0 1000.0 0 0
96 10003.663 1e+20 1.0 1000.0 0 0
97 10003.663 1e+20 1.0 1000.0 0 0
98 10003.663 1e+20 1.0 1000.0 0 0
99 10003.663 1e+20 1.0 1000.0 0 0
100 10003.663 1e+20 1.0 1000.0 0 0
101 10003.663 1e+20 1.0 1000.0 0 0
102 10003.663 1e+20 1.0 1000.0 0 0
103 10003.663 1e+20 1.0 1000.0 0 0
104 10003.663 1e+20 1.0 1000.0 0 0
105 10003.663 1e+20 1.0 1000.0 0 0
106 10003.663 1e+20 1.0 1000.0 0 0
107 10003.663 1e+20 1.0 1000.0 0 0
108 10003.663 1e+20 1.0 1000.0 0 0
109 10003.663 1e+20 1.0 1000.0 0 0
110 10003.663 1e+20 1.0 1000.0 0 0
111 10003.663 1e+20 1.0 1000.0 0 0
112 10003.663 1e+20 1.0 1000.0 0 0
113 10003.663 1e+20 1.0 1000.0 0 0
114 10003.663 1e+20 1.0 1000.0 0 0
115 10003.663 1e+20 1.0 1000.0 0 0
116 10003.663 1e+20 1.0 1000.0 0 0
117 10003.663 1e+20 1.0 1000.0 0 0
118 10003.663 1e+20 1.0 1000.0 0 0
119 10003.663 1e+20 1.0 1000.0 0 0
120 10003.663 1e+20 1.0 1000.0 0 0
121 10003.663 1e+20 1.0 1000.0 0 0
122 10003.663 1e+20 1.0 1000.0 0 0
123 10003.663 1e+20 1.0 1000.0 0 0
124 10003.663 1e+20 1.0 1000.0 0 0
125 10003.663 1e+20 1.0 1000.0 0 0
126 10003.663 1e+20 1.0 1000.0 0 0
127 10003.663 1e+20 1.0 1000.0 0 0
128 10003.663 1e+20 1.0 1000.0 0 0
38383.83838383838
1 10003.762 1e+20 1.0 1000.0 0 0
2 10003.762 1e+20 1.0 1000.0 0 0
3 10003.762 1e+20 1.0 1000.0 0 0
4 10003.762 1e+20 1.0 1000.0 0 0
5 10003.762 1e+20 1.0 1000.0 0 0
6 10003.762 1e+20 1.0 1000.0 0 0
7 10003.762 1e+20 1.0 1000.0 0 0
8 10003.762 1e+20 1.0 1000.0 0 0
9 10003.762 1e+20 1.0 1000.0 0 0
10 10003.762 1e+20 1.0 1000.0 0 0
11 10003.762 1e+20 1.0 1000.0 0 0
12 10003.762 1e+20 1.0 1000.0 0 0
13 10003.762 1e+20 1.0 1000.0 0 0
14 10003.762 1e+20 1.0 1000.0 0 0
15 10003.762 1e+20 1.0 1000.0 0 0
16 10003.762 1e+20 1.0 1000.0 0 0
17 10003.762 1e+20 1.0 1000.0 0 0
18 10003.762 1e+20 1.0 1000.0 0 0
19 10003.762 1e+20 1.0 1000.0 0 0
20 10003.762 1e+20 1.0 1000.0 0 0
21 10003.762 1e+20 1.0 1000.0 0 0
22 10003.762 1e+20 1.0 1000.0 0 0
23 10003.762 1e+20 1.0 1000.0 0 0
24 10003.762 1e+20 1.0 1000.0 0 0
25 10003.762 1e+20 1.0 1000.0 0 0
26 10003.762 1e+20 1.0 1000.0 0 0
27 10003.762 1e+20 1.0 1000.0 0 0
28 10003.762 1e+20 1.0 1000.0 0 0
29 10003.762 1e+20 1.0 1000.0 0 0
30 10003.762 1e+20 1.0 1000.0 0 0
31 10003.762 1e+20 1.0 1000.0 0 0
32 10003.762 1e+20 1.0 1000.0 0 0
33 10003.762 1e+20 1.0 1000.0 0 0
34 10003.762 1e+20 1.0 1000.0 0 0
35 10003.762 1e+20 1.0 1000.0 0 0
36 10003.762 1e+20 1.0 1000.0 0 0
37 10003.762 1e+20 1.0 1000.0 0 0
38 10003.762 1e+20 1.0 1000.0 0 0
39 10003.762 1e+20 1.0 1000.0 0 0
40 10003.762 1e+20 1.0 1000.0 0 0
41 10003.762 1e+20 1.0 1000.0 0 0
42 10003.762 1e+20 1.0 1000.0 0 0
43 10003.762 1e+20 1.0 1000.0 0 0
44 10003.762 1e+20 1.0 1000.0 0 0
45 10003.762 1e+20 1.0 1000.0 0 0
46 10003.762 1e+20 1.0 1000.0 0 0
47 10003.762 1e+20 1.0 1000.0 0 0
48 10003.762 1e+20 1.0 1000.0 0 0
49 10003.762 1e+20 1.0 1000.0 0 0
50 10003.762 1e+20 1.0 1000.0 0 0
51 10003.762 1e+20 1.0 1000.0 0 0
52 10003.762 1e+20 1.0 1000.0 0 0
53 10003.762 1e+20 1.0 1000.0 0 0
54 10003.762 1e+20 1.0 1000.0 0 0
55 10003.762 1e+20 1.0 1000.0 0 0
56 10003.762 1e+20 1.0 1000.0 0 0
57 10003.762 1e+20 1.0 1000.0 0 0
58 10003.762 1e+20 1.0 1000.0 0 0
59 10003.762 1e+20 1.0 1000.0 0 0
60 10003.762 1e+20 1.0 1000.0 0 0
61 10003.762 1e+20 1.0 1000.0 0 0
62 10003.762 1e+20 1.0 1000.0 0 0
63 10003.762 1e+20 1.0 1000.0 0 0
64 10003.762 1e+20 1.0 1000.0 0 0
65 10003.762 1e+20 1.0 1000.0 0 0
66 10003.762 1e+20 1.0 1000.0 0 0
67 10003.762 1e+20 1.0 1000.0 0 0
68 10003.762 1e+20 1.0 1000.0 0 0
69 10003.762 1e+20 1.0 1000.0 0 0
70 10003.762 1e+20 1.0 1000.0 0 0
71 10003.762 1e+20 1.0 1000.0 0 0
72 10003.762 1e+20 1.0 1000.0 0 0
73 10003.762 1e+20 1.0 1000.0 0 0
74 10003.762 1e+20 1.0 1000.0 0 0
75 10003.762 1e+20 1.0 1000.0 0 0
76 10003.762 1e+20 1.0 1000.0 0 0
77 10003.762 1e+20 1.0 1000.0 0 0
78 10003.762 1e+20 1.0 1000.0 0 0
79 10003.762 1e+20 1.0 1000.0 0 0
80 10003.762 1e+20 1.0 1000.0 0 0
81 10003.762 1e+20 1.0 1000.0 0 0
82 10003.762 1e+20 1.0 1000.0 0 0
83 10003.762 1e+20 1.0 1000.0 0 0
84 10003.762 1e+20 1.0 1000.0 0 0
85 10003.762 1e+20 1.0 1000.0 0 0
86 10003.762 1e+20 1.0 1000.0 0 0
87 10003.762 1e+20 1.0 1000.0 0 0
88 10003.762 1e+20 1.0 1000.0 0 0
89 10003.762 1e+20 1.0 1000.0 0 0
90 10003.762 1e+20 1.0 1000.0 0 0
91 10003.762 1e+20 1.0 1000.0 0 0
92 10003.762 1e+20 1.0 1000.0 0 0
93 10003.762 1e+20 1.0 1000.0 0 0
94 10003.762 1e+20 1.0 1000.0 0 0
95 10003.762 1e+20 1.0 1000.0 0 0
96 10003.762 1e+20 1.0 1000.0 0 0
97 10003.762 1e+20 1.0 1000.0 0 0
98 10003.762 1e+20 1.0 1000.0 0 0
99 10003.762 1e+20 1.0 1000.0 0 0
100 10003.762 1e+20 1.0 1000.0 0 0
101 10003.762 1e+20 1.0 1000.0 0 0
102 10003.762 1e+20 1.0 1000.0 0 0
103 10003.762 1e+20 1.0 1000.0 0 0
104 10003.762 1e+20 1.0 1000.0 0 0
105 10003.762 1e+20 1.0 1000.0 0 0
106 10003.762 1e+20 1.0 1000.0 0 0
107 10003.762 1e+20 1.0 1000.0 0 0
108 10003.762 1e+20 1.0 1000.0 0 0
109 10003.762 1e+20 1.0 1000.0 0 0
110 10003.762 1e+20 1.0 1000.0 0 0
111 10003.762 1e+20 1.0 1000.0 0 0
112 10003.762 1e+20 1.0 1000.0 0 0
113 10003.762 1e+20 1.0 1000.0 0 0
114 10003.762 1e+20 1.0 1000.0 0 0
115 10003.762 1e+20 1.0 1000.0 0 0
116 10003.762 1e+20 1.0 1000.0 0 0
117 10003.762 1e+20 1.0 1000.0 0 0
118 10003.762 1e+20 1.0 1000.0 0 0
119 10003.762 1e+20 1.0 1000.0 0 0
120 10003.762 1e+20 1.0 1000.0 0 0
121 10003.762 1e+20 1.0 1000.0 0 0
122 10003.762 1e+20 1.0 1000.0 0 0
123 10003.762 1e+20 1.0 1000.0 0 0
124 10003.762 1e+20 1.0 1000.0 0 0
125 10003.762 1e+20 1.0 1000.0 0 0
126 10003.762 1e+20 1.0 1000.0 0 0
127 10003.762 1e+20 1.0 1000.0 0 0
128 10003.762 1e+20 1.0 1000.0 0 0
39393.93939393939
1 10003.861 1e+20 1.0 1000.0 0 0
2 10003.861 1e+20 1.0 1000.0 0 0
3 10003.861 1e+20 1.0 1000.0 0 0
4 10003.861 1e+20 1.0 1000.0 0 0
5 10003.861 1e+20 1.0 1000.0 0 0
6 10003.861 1e+20 1.0 1000.0 0 0
7 10003.861 1e+20 1.0 1000.0 0 0
8 10003.861 1e+20 1.0 1000.0 0 0
9 10003.861 1e+20 1.0 1000.0 0 0
10 10003.861 1e+20 1.0 1000.0 0 0
11 10003.861 1e+20 1.0 1000.0 0 0
12 10003.861 1e+20 1.0 1000.0 0 0
13 10003.861 1e+20 1.0 1000.0 0 0
14 10003.861 1e+20 1.0 1000.0 0 0
15 10003.861 1e+20 1.0 1000.0 0 0
16 10003.861 1e+20 1.0 1000.0 0 0
17 10003.861 1e+20 1.0 1000.0 0 0
18 10003.861 1e+20 1.0 1000.0 0 0
19 10003.861 1e+20 1.0 1000.0 0 0
20 10003.861 1e+20 1.0 1000.0 0 0
21 10003.861 1e+20 1.0 1000.0 0 0
22 10003.861 1e+20 1.0 1000.0 0 0
23 10003.861 1e+20 1.0 1000.0 0 0
24 10003.861 1e+20 1.0 1000.0 0 0
25 10003.861 1e+20 1.0 1000.0 0 0
26 10003.861 1e+20 1.0 1000.0 0 0
27 10003.861 1e+20 1.0 1000.0 0 0
28 10003.861 1e+20 1.0 1000.0 0 0
29 10003.861 1e+20 1.0 1000.0 0 0
30 10003.861 1e+20 1.0 1000.0 0 0
31 10003.861 1e+20 1.0 1000.0 0 0
32 10003.861 1e+20 1.0 1000.0 0 0
33 10003.861 1e+20 1.0 1000.0 0 0
34 10003.861 1e+20 1.0 1000.0 0 0
35 10003.861 1e+20 1.0 1000.0 0 0
36 10003.861 1e+20 1.0 1000.0 0 0
37 10003.861 1e+20 1.0 1000.0 0 0
38 10003.861 1e+20 1.0 1000.0 0 0
39 10003.861 1e+20 1.0 1000.0 0 0
40 10003.861 1e+20 1.0 1000.0 0 0
41 10003.861 1e+20 1.0 1000.0 0 0
42 10003.861 1e+20 1.0 1000.0 0 0
43 10003.861 1e+20 1.0 1000.0 0 0
44 10003.861 1e+20 1.0 1000.0 0 0
45 10003.861 1e+20 1.0 1000.0 0 0
46 10003.861 1e+20 1.0 1000.0 0 0
47 10003.861 1e+20 1.0 1000.0 0 0
48 10003.861 1e+20 1.0 1000.0 0 0
49 10003.861 1e+20 1.0 1000.0 0 0
50 10003.861 1e+20 1.0 1000.0 0 0
51 10003.861 1e+20 1.0 1000.0 0 0
52 10003.861 1e+20 1.0 1000.0 0 0
53 10003.861 1e+20 1.0 1000.0 0 0
54 10003.861 1e+20 1.0 1000.0 0 0
55 10003.861 1e+20 1.0 1000.0 0 0
56 10003.861 1e+20 1.0 1000.0 0 0
57 10003.861 1e+20 1.0 1000.0 0 0
58 10003.861 1e+20 1.0 1000.0 0 0
59 10003.861 1e+20 1.0 1000.0 0 0
60 10003.861 1e+20 1.0 1000.0 0 0
61 10003.861 1e+20 1.0 1000.0 0 0
62 10003.861 1e+20 1.0 1000.0 0 0
63 10003.861 1e+20 1.0 1000.0 0 0
64 10003.861 1e+20 1.0 1000.0 0 0
65 10003.861 1e+20 1.0 1000.0 0 0
66 10003.861 1e+20 1.0 1000.0 0 0
67 10003.861 1e+20 1.0 1000.0 0 0
68 10003.861 1e+20 1.0 1000.0 0 0
69 10003.861 1e+20 1.0 1000.0 0 0
70 10003.861 1e+20 1.0 1000.0 0 0
71 10003.861 1e+20 1.0 1000.0 0 0
72 10003.861 1e+20 1.0 1000.0 0 0
73 10003.861 1e+20 1.0 1000.0 0 0
74 10003.861 1e+20 1.0 1000.0 0 0
75 10003.861 1e+20 1.0 1000.0 0 0
76 10003.861 1e+20 1.0 1000.0 0 0
77 10003.861 1e+20 1.0 1000.0 0 0
78 10003.861 1e+20 1.0 1000.0 0 0
79 10003.861 1e+20 1.0 1000.0 0 0
80 10003.861 1e+20 1.0 1000.0 0 0
81 10003.861 1e+20 1.0 1000.0 0 0
82 10003.861 1e+20 1.0 1000.0 0 0
83 10003.861 1e+20 1.0 1000.0 0 0
84 10003.861 1e+20 1.0 1000.0 0 0
85 10003.861 1e+20 1.0 1000.0 0 0
86 10003.861 1e+20 1.0 1000.0 0 0
87 10003.861 1e+20 1.0 1000.0 0 0
88 10003.861 1e+20 1.0 1000.0 0 0
89 10003.861 1e+20 1.0 1000.0 0 0
90 10003.861 1e+20 1.0 1000.0 0 0
91 10003.861 1e+20 1.0 1000.0 0 0
92 10003.861 1e+20 1.0 1000.0 0 0
93 10003.861 1e+20 1.0 1000.0 0 0
94 10003.861 1e+20 1.0 1000.0 0 0
95 10003.861 1e+20 1.0 1000.0 0 0
96 10003.861 1e+20 1.0 1000.0 0 0
97 10003.861 1e+20 1.0 1000.0 0 0
98 10003.861 1e+20 1.0 1000.0 0 0
99 10003.861 1e+20 1.0 1000.0 0 0
100 10003.861 1e+20 1.0 1000.0 0 0
101 10003.861 1e+20 1.0 1000.0 0 0
102 10003.861 1e+20 1.0 1000.0 0 0
103 10003.861 1e+20 1.0 1000.0 0 0
104 10003.861 1e+20 1.0 1000.0 0 0
105 10003.861 1e+20 1.0 1000.0 0 0
106 10003.861 1e+20 1.0 1000.0 0 0
107 10003.861 1e+20 1.0 1000.0 0 0
108 10003.861 1e+20 1.0 1000.0 0 0
109 10003.861 1e+20 1.0 1000.0 0 0
110 10003.861 1e+20 1.0 1000.0 0 0
111 10003.861 1e+20 1.0 1000.0 0 0
112 10003.861 1e+20 1.0 1000.0 0 0
113 10003.861 1e+20 1.0 1000.0 0 0
114 10003.861 1e+20 1.0 1000.0 0 0
115 10003.861 1e+20 1.0 1000.0 0 0
116 10003.861 1e+20 1.0 1000.0 0 0
117 10003.861 1e+20 1.0 1000.0 0 0
118 10003.861 1e+20 1.0 1000.0 0 0
119 10003.861 1e+20 1.0 1000.0 0 0
120 10003.861 1e+20 1.0 1000.0 0 0
121 10003.861 1e+20 1.0 1000.0 0 0
122 10003.861 1e+20 1.0 1000.0 0 0
123 10003.861 1e+20 1.0 1000.0 0 0
124 10003.861 1e+20 1.0 1000.0 0 0
125 10003.861 1e+20 1.0 1000.0 0 0
126 10003.861 1e+20 1.0 1000.0 0 0
127 10003.861 1e+20 1.0 1000.0 0 0
128 10003.861 1e+20 1.0 1000.0 0 0
40404.0404040404
1 10003.96 1e+20 1.0 1000.0 0 0
2 10003.96 1e+20 1.0 1000.0 0 0
3 10003.96 1e+20 1.0 1000.0 0 0
4 10003.96 1e+20 1.0 1000.0 0 0
5 10003.96 1e+20 1.0 1000.0 0 0
6 10003.96 1e+20 1.0 1000.0 0 0
7 10003.96 1e+20 1.0 1000.0 0 0
8 10003.96 1e+20 1.0 1000.0 0 0
9 10003.96 1e+20 1.0 1000.0 0 0
10 10003.96 1e+20 1.0 1000.0 0 0
11 10003.96 1e+20 1.0 1000.0 0 0
12 10003.96 1e+20 1.0 1000.0 0 0
13 10003.96 1e+20 1.0 1000.0 0 0
14 10003.96 1e+20 1.0 1000.0 0 0
15 10003.96 1e+20 1.0 1000.0 0 0
16 10003.96 1e+20 1.0 1000.0 0 0
17 10003.96 1e+20 1.0 1000.0 0 0
18 10003.96 1e+20 1.0 1000.0 0 0
19 10003.96 1e+20 1.0 1000.0 0 0
20 10003.96 1e+20 1.0 1000.0 0 0
21 10003.96 1e+20 1.0 1000.0 0 0
22 10003.96 1e+20 1.0 1000.0 0 0
23 10003.96 1e+20 1.0 1000.0 0 0
24 10003.96 1e+20 1.0 1000.0 0 0
25 10003.96 1e+20 1.0 1000.0 0 0
26 10003.96 1e+20 1.0 1000.0 0 0
27 10003.96 1e+20 1.0 1000.0 0 0
28 10003.96 1e+20 1.0 1000.0 0 0
29 10003.96 1e+20 1.0 1000.0 0 0
30 10003.96 1e+20 1.0 1000.0 0 0
31 10003.96 1e+20 1.0 1000.0 0 0
32 10003.96 1e+20 1.0 1000.0 0 0
33 10003.96 1e+20 1.0 1000.0 0 0
34 10003.96 1e+20 1.0 1000.0 0 0
35 10003.96 1e+20 1.0 1000.0 0 0
36 10003.96 1e+20 1.0 1000.0 0 0
37 10003.96 1e+20 1.0 1000.0 0 0
38 10003.96 1e+20 1.0 1000.0 0 0
39 10003.96 1e+20 1.0 1000.0 0 0
40 10003.96 1e+20 1.0 1000.0 0 0
41 10003.96 1e+20 1.0 1000.0 0 0
42 10003.96 1e+20 1.0 1000.0 0 0
43 10003.96 1e+20 1.0 1000.0 0 0
44 10003.96 1e+20 1.0 1000.0 0 0
45 10003.96 1e+20 1.0 1000.0 0 0
46 10003.96 1e+20 1.0 1000.0 0 0
47 10003.96 1e+20 1.0 1000.0 0 0
48 10003.96 1e+20 1.0 1000.0 0 0
49 10003.96 1e+20 1.0 1000.0 0 0
50 10003.96 1e+20 1.0 1000.0 0 0
51 10003.96 1e+20 1.0 1000.0 0 0
52 10003.96 1e+20 1.0 1000.0 0 0
53 10003.96 1e+20 1.0 1000.0 0 0
54 10003.96 1e+20 1.0 1000.0 0 0
55 10003.96 1e+20 1.0 1000.0 0 0
56 10003.96 1e+20 1.0 1000.0 0 0
57 10003.96 1e+20 1.0 1000.0 0 0
58 10003.96 1e+20 1.0 1000.0 0 0
59 10003.96 1e+20 1.0 1000.0 0 0
60 10003.96 1e+20 1.0 1000.0 0 0
61 10003.96 1e+20 1.0 1000.0 0 0
62 10003.96 1e+20 1.0 1000.0 0 0
63 10003.96 1e+20 1.0 1000.0 0 0
64 10003.96 1e+20 1.0 1000.0 0 0
65 10003.96 1e+20 1.0 1000.0 0 0
66 10003.96 1e+20 1.0 1000.0 0 0
67 10003.96 1e+20 1.0 1000.0 0 0
68 10003.96 1e+20 1.0 1000.0 0 0
69 10003.96 1e+20 1.0 1000.0 0 0
70 10003.96 1e+20 1.0 1000.0 0 0
71 10003.96 1e+20 1.0 1000.0 0 0
72 10003.96 1e+20 1.0 1000.0 0 0
73 10003.96 1e+20 1.0 1000.0 0 0
74 10003.96 1e+20 1.0 1000.0 0 0
75 10003.96 1e+20 1.0 1000.0 0 0
76 10003.96 1e+20 1.0 1000.0 0 0
77 10003.96 1e+20 1.0 1000.0 0 0
78 10003.96 1e+20 1.0 1000.0 0 0
79 10003.96 1e+20 1.0 1000.0 0 0
80 10003.96 1e+20 1.0 1000.0 0 0
81 10003.96 1e+20 1.0 1000.0 0 0
82 10003.96 1e+20 1.0 1000.0 0 0
83 10003.96 1e+20 1.0 1000.0 0 0
84 10003.96 1e+20 1.0 1000.0 0 0
85 10003.96 1e+20 1.0 1000.0 0 0
86 10003.96 1e+20 1.0 1000.0 0 0
87 10003.96 1e+20 1.0 1000.0 0 0
88 10003.96 1e+20 1.0 1000.0 0 0
89 10003.96 1e+20 1.0 1000.0 0 0
90 10003.96 1e+20 1.0 1000.0 0 0
91 10003.96 1e+20 1.0 1000.0 0 0
92 10003.96 1e+20 1.0 1000.0 0 0
93 10003.96 1e+20 1.0 1000.0 0 0
94 10003.96 1e+20 1.0 1000.0 0 0
95 10003.96 1e+20 1.0 1000.0 0 0
96 10003.96 1e+20 1.0 1000.0 0 0
97 10003.96 1e+20 1.0 1000.0 0 0
98 10003.96 1e+20 1.0 1000.0 0 0
99 10003.96 1e+20 1.0 1000.0 0 0
100 10003.96 1e+20 1.0 1000.0 0 0
101 10003.96 1e+20 1.0 1000.0 0 0
102 10003.96 1e+20 1.0 1000.0 0 0
103 10003.96 1e+20 1.0 1000.0 0 0
104 10003.96 1e+20 1.0 1000.0 0 0
105 10003.96 1e+20 1.0 1000.0 0 0
106 10003.96 1e+20 1.0 1000.0 0 0
107 10003.96 1e+20 1.0 1000.0 0 0
108 10003.96 1e+20 1.0 1000.0 0 0
109 10003.96 1e+20 1.0 1000.0 0 0
110 10003.96 1e+20 1.0 1000.0 0 0
111 10003.96 1e+20 1.0 1000.0 0 0
112 10003.96 1e+20 1.0 1000.0 0 0
113 10003.96 1e+20 1.0 1000.0 0 0
114 10003.96 1e+20 1.0 1000.0 0 0
115 10003.96 1e+20 1.0 1000.0 0 0
116 10003.96 1e+20 1.0 1000.0 0 0
117 10003.96 1e+20 1.0 1000.0 0 0
118 10003.96 1e+20 1.0 1000.0 0 0
119 10003.96 1e+20 1.0 1000.0 0 0
120 10003.96 1e+20 1.0 1000.0 0 0
121 10003.96 1e+20 1.0 1000.0 0 0
122 10003.96 1e+20 1.0 1000.0 0 0
123 10003.96 1e+20 1.0 1000.0 0 0
124 10003.96 1e+20 1.0 1000.0 0 0
125 10003.96 1e+20 1.0 1000.0 0 0
126 10003.96 1e+20 1.0 1000.0 0 0
127 10003.96 1e+20 1.0 1000.0 0 0
128 10003.96 1e+20 1.0 1000.0 0 0
41414.14141414141
1 10004.059 1e+20 1.0 1000.0 0 0
2 10004.059 1e+20 1.0 1000.0 0 0
3 10004.059 1e+20 1.0 1000.0 0 0
4 10004.059 1e+20 1.0 1000.0 0 0
5 10004.059 1e+20 1.0 1000.0 0 0
6 10004.059 1e+20 1.0 1000.0 0 0
7 10004.059 1e+20 1.0 1000.0 0 0
8 10004.059 1e+20 1.0 1000.0 0 0
9 10004.059 1e+20 1.0 1000.0 0 0
10 10004.059 1e+20 1.0 1000.0 0 0
11 10004.059 1e+20 1.0 1000.0 0 0
12 10004.059 1e+20 1.0 1000.0 0 0
13 10004.059 1e+20 1.0 1000.0 0 0
14 10004.059 1e+20 1.0 1000.0 0 0
15 10004.059 1e+20 1.0 1000.0 0 0
16 10004.059 1e+20 1.0 1000.0 0 0
17 10004.059 1e+20 1.0 1000.0 0 0
18 10004.059 1e+20 1.0 1000.0 0 0
19 10004.059 1e+20 1.0 1000.0 0 0
20 10004.059 1e+20 1.0 1000.0 0 0
21 10004.059 1e+20 1.0 1000.0 0 0
22 10004.059 1e+20 1.0 1000.0 0 0
23 10004.059 1e+20 1.0 1000.0 0 0
24 10004.059 1e+20 1.0 1000.0 0 0
25 10004.059 1e+20 1.0 1000.0 0 0
26 10004.059 1e+20 1.0 1000.0 0 0
27 10004.059 1e+20 1.0 1000.0 0 0
28 10004.059 1e+20 1.0 1000.0 0 0
29 10004.059 1e+20 1.0 1000.0 0 0
30 10004.059 1e+20 1.0 1000.0 0 0
31 10004.059 1e+20 1.0 1000.0 0 0
32 10004.059 1e+20 1.0 1000.0 0 0
33 10004.059 1e+20 1.0 1000.0 0 0
34 10004.059 1e+20 1.0 1000.0 0 0
35 10004.059 1e+20 1.0 1000.0 0 0
36 10004.059 1e+20 1.0 1000.0 0 0
37 10004.059 1e+20 1.0 1000.0 0 0
38 10004.059 1e+20 1.0 1000.0 0 0
39 10004.059 1e+20 1.0 1000.0 0 0
40 10004.059 1e+20 1.0 1000.0 0 0
41 10004.059 1e+20 1.0 1000.0 0 0
42 10004.059 1e+20 1.0 1000.0 0 0
43 10004.059 1e+20 1.0 1000.0 0 0
44 10004.059 1e+20 1.0 1000.0 0 0
45 10004.059 1e+20 1.0 1000.0 0 0
46 10004.059 1e+20 1.0 1000.0 0 0
47 10004.059 1e+20 1.0 1000.0 0 0
48 10004.059 1e+20 1.0 1000.0 0 0
49 10004.059 1e+20 1.0 1000.0 0 0
50 10004.059 1e+20 1.0 1000.0 0 0
51 10004.059 1e+20 1.0 1000.0 0 0
52 10004.059 1e+20 1.0 1000.0 0 0
53 10004.059 1e+20 1.0 1000.0 0 0
54 10004.059 1e+20 1.0 1000.0 0 0
55 10004.059 1e+20 1.0 1000.0 0 0
56 10004.059 1e+20 1.0 1000.0 0 0
57 10004.059 1e+20 1.0 1000.0 0 0
58 10004.059 1e+20 1.0 1000.0 0 0
59 10004.059 1e+20 1.0 1000.0 0 0
60 10004.059 1e+20 1.0 1000.0 0 0
61 10004.059 1e+20 1.0 1000.0 0 0
62 10004.059 1e+20 1.0 1000.0 0 0
63 10004.059 1e+20 1.0 1000.0 0 0
64 10004.059 1e+20 1.0 1000.0 0 0
65 10004.059 1e+20 1.0 1000.0 0 0
66 10004.059 1e+20 1.0 1000.0 0 0
67 10004.059 1e+20 1.0 1000.0 0 0
68 10004.059 1e+20 1.0 1000.0 0 0
69 10004.059 1e+20 1.0 1000.0 0 0
70 10004.059 1e+20 1.0 1000.0 0 0
71 10004.059 1e+20 1.0 1000.0 0 0
72 10004.059 1e+20 1.0 1000.0 0 0
73 10004.059 1e+20 1.0 1000.0 0 0
74 10004.059 1e+20 1.0 1000.0 0 0
75 10004.059 1e+20 1.0 1000.0 0 0
76 10004.059 1e+20 1.0 1000.0 0 0
77 10004.059 1e+20 1.0 1000.0 0 0
78 10004.059 1e+20 1.0 1000.0 0 0
79 10004.059 1e+20 1.0 1000.0 0 0
80 10004.059 1e+20 1.0 1000.0 0 0
81 10004.059 1e+20 1.0 1000.0 0 0
82 10004.059 1e+20 1.0 1000.0 0 0
83 10004.059 1e+20 1.0 1000.0 0 0
84 10004.059 1e+20 1.0 1000.0 0 0
85 10004.059 1e+20 1.0 1000.0 0 0
86 10004.059 1e+20 1.0 1000.0 0 0
87 10004.059 1e+20 1.0 1000.0 0 0
88 10004.059 1e+20 1.0 1000.0 0 0
89 10004.059 1e+20 1.0 1000.0 0 0
90 10004.059 1e+20 1.0 1000.0 0 0
91 10004.059 1e+20 1.0 1000.0 0 0
92 10004.059 1e+20 1.0 1000.0 0 0
93 10004.059 1e+20 1.0 1000.0 0 0
94 10004.059 1e+20 1.0 1000.0 0 0
95 10004.059 1e+20 1.0 1000.0 0 0
96 10004.059 1e+20 1.0 1000.0 0 0
97 10004.059 1e+20 1.0 1000.0 0 0
98 10004.059 1e+20 1.0 1000.0 0 0
99 10004.059 1e+20 1.0 1000.0 0 0
100 10004.059 1e+20 1.0 1000.0 0 0
101 10004.059 1e+20 1.0 1000.0 0 0
102 10004.059 1e+20 1.0 1000.0 0 0
103 10004.059 1e+20 1.0 1000.0 0 0
104 10004.059 1e+20 1.0 1000.0 0 0
105 10004.059 1e+20 1.0 1000.0 0 0
106 10004.059 1e+20 1.0 1000.0 0 0
107 10004.059 1e+20 1.0 1000.0 0 0
108 10004.059 1e+20 1.0 1000.0 0 0
109 10004.059 1e+20 1.0 1000.0 0 0
110 10004.059 1e+20 1.0 1000.0 0 0
111 10004.059 1e+20 1.0 1000.0 0 0
112 10004.059 1e+20 1.0 1000.0 0 0
113 10004.059 1e+20 1.0 1000.0 0 0
114 10004.059 1e+20 1.0 1000.0 0 0
115 10004.059 1e+20 1.0 1000.0 0 0
116 10004.059 1e+20 1.0 1000.0 0 0
117 10004.059 1e+20 1.0 1000.0 0 0
118 10004.059 1e+20 1.0 1000.0 0 0
119 10004.059 1e+20 1.0 1000.0 0 0
120 10004.059 1e+20 1.0 1000.0 0 0
121 10004.059 1e+20 1.0 1000.0 0 0
122 10004.059 1e+20 1.0 1000.0 0 0
123 10004.059 1e+20 1.0 1000.0 0 0
124 10004.059 1e+20 1.0 1000.0 0 0
125 10004.059 1e+20 1.0 1000.0 0 0
126 10004.059 1e+20 1.0 1000.0 0 0
127 10004.059 1e+20 1.0 1000.0 0 0
128 10004.059 1e+20 1.0 1000.0 0 0
42424.242424242424
1 10004.158 1e+20 1.0 1000.0 0 0
2 10004.158 1e+20 1.0 1000.0 0 0
3 10004.158 1e+20 1.0 1000.0 0 0
4 10004.158 1e+20 1.0 1000.0 0 0
5 10004.158 1e+20 1.0 1000.0 0 0
6 10004.158 1e+20 1.0 1000.0 0 0
7 10004.158 1e+20 1.0 1000.0 0 0
8 10004.158 1e+20 1.0 1000.0 0 0
9 10004.158 1e+20 1.0 1000.0 0 0
10 10004.158 1e+20 1.0 1000.0 0 0
11 10004.158 1e+20 1.0 1000.0 0 0
12 10004.158 1e+20 1.0 1000.0 0 0
13 10004.158 1e+20 1.0 1000.0 0 0
14 10004.158 1e+20 1.0 1000.0 0 0
15 10004.158 1e+20 1.0 1000.0 0 0
16 10004.158 1e+20 1.0 1000.0 0 0
17 10004.158 1e+20 1.0 1000.0 0 0
18 10004.158 1e+20 1.0 1000.0 0 0
19 10004.158 1e+20 1.0 1000.0 0 0
20 10004.158 1e+20 1.0 1000.0 0 0
21 10004.158 1e+20 1.0 1000.0 0 0
22 10004.158 1e+20 1.0 1000.0 0 0
23 10004.158 1e+20 1.0 1000.0 0 0
24 10004.158 1e+20 1.0 1000.0 0 0
25 10004.158 1e+20 1.0 1000.0 0 0
26 10004.158 1e+20 1.0 1000.0 0 0
27 10004.158 1e+20 1.0 1000.0 0 0
28 10004.158 1e+20 1.0 1000.0 0 0
29 10004.158 1e+20 1.0 1000.0 0 0
30 10004.158 1e+20 1.0 1000.0 0 0
31 10004.158 1e+20 1.0 1000.0 0 0
32 10004.158 1e+20 1.0 1000.0 0 0
33 10004.158 1e+20 1.0 1000.0 0 0
34 10004.158 1e+20 1.0 1000.0 0 0
35 10004.158 1e+20 1.0 1000.0 0 0
36 10004.158 1e+20 1.0 1000.0 0 0
37 10004.158 1e+20 1.0 1000.0 0 0
38 10004.158 1e+20 1.0 1000.0 0 0
39 10004.158 1e+20 1.0 1000.0 0 0
40 10004.158 1e+20 1.0 1000.0 0 0
41 10004.158 1e+20 1.0 1000.0 0 0
42 10004.158 1e+20 1.0 1000.0 0 0
43 10004.158 1e+20 1.0 1000.0 0 0
44 10004.158 1e+20 1.0 1000.0 0 0
45 10004.158 1e+20 1.0 1000.0 0 0
46 10004.158 1e+20 1.0 1000.0 0 0
47 10004.158 1e+20 1.0 1000.0 0 0
48 10004.158 1e+20 1.0 1000.0 0 0
49 10004.158 1e+20 1.0 1000.0 0 0
50 10004.158 1e+20 1.0 1000.0 0 0
51 10004.158 1e+20 1.0 1000.0 0 0
52 10004.158 1e+20 1.0 1000.0 0 0
53 10004.158 1e+20 1.0 1000.0 0 0
54 10004.158 1e+20 1.0 1000.0 0 0
55 10004.158 1e+20 1.0 1000.0 0 0
56 10004.158 1e+20 1.0 1000.0 0 0
57 10004.158 1e+20 1.0 1000.0 0 0
58 10004.158 1e+20 1.0 1000.0 0 0
59 10004.158 1e+20 1.0 1000.0 0 0
60 10004.158 1e+20 1.0 1000.0 0 0
61 10004.158 1e+20 1.0 1000.0 0 0
62 10004.158 1e+20 1.0 1000.0 0 0
63 10004.158 1e+20 1.0 1000.0 0 0
64 10004.158 1e+20 1.0 1000.0 0 0
65 10004.158 1e+20 1.0 1000.0 0 0
66 10004.158 1e+20 1.0 1000.0 0 0
67 10004.158 1e+20 1.0 1000.0 0 0
68 10004.158 1e+20 1.0 1000.0 0 0
69 10004.158 1e+20 1.0 1000.0 0 0
70 10004.158 1e+20 1.0 1000.0 0 0
71 10004.158 1e+20 1.0 1000.0 0 0
72 10004.158 1e+20 1.0 1000.0 0 0
73 10004.158 1e+20 1.0 1000.0 0 0
74 10004.158 1e+20 1.0 1000.0 0 0
75 10004.158 1e+20 1.0 1000.0 0 0
76 10004.158 1e+20 1.0 1000.0 0 0
77 10004.158 1e+20 1.0 1000.0 0 0
78 10004.158 1e+20 1.0 1000.0 0 0
79 10004.158 1e+20 1.0 1000.0 0 0
80 10004.158 1e+20 1.0 1000.0 0 0
81 10004.158 1e+20 1.0 1000.0 0 0
82 10004.158 1e+20 1.0 1000.0 0 0
83 10004.158 1e+20 1.0 1000.0 0 0
84 10004.158 1e+20 1.0 1000.0 0 0
85 10004.158 1e+20 1.0 1000.0 0 0
86 10004.158 1e+20 1.0 1000.0 0 0
87 10004.158 1e+20 1.0 1000.0 0 0
88 10004.158 1e+20 1.0 1000.0 0 0
89 10004.158 1e+20 1.0 1000.0 0 0
90 10004.158 1e+20 1.0 1000.0 0 0
91 10004.158 1e+20 1.0 1000.0 0 0
92 10004.158 1e+20 1.0 1000.0 0 0
93 10004.158 1e+20 1.0 1000.0 0 0
94 10004.158 1e+20 1.0 1000.0 0 0
95 10004.158 1e+20 1.0 1000.0 0 0
96 10004.158 1e+20 1.0 1000.0 0 0
97 10004.158 1e+20 1.0 1000.0 0 0
98 10004.158 1e+20 1.0 1000.0 0 0
99 10004.158 1e+20 1.0 1000.0 0 0
100 10004.158 1e+20 1.0 1000.0 0 0
101 10004.158 1e+20 1.0 1000.0 0 0
102 10004.158 1e+20 1.0 1000.0 0 0
103 10004.158 1e+20 1.0 1000.0 0 0
104 10004.158 1e+20 1.0 1000.0 0 0
105 10004.158 1e+20 1.0 1000.0 0 0
106 10004.158 1e+20 1.0 1000.0 0 0
107 10004.158 1e+20 1.0 1000.0 0 0
108 10004.158 1e+20 1.0 1000.0 0 0
109 10004.158 1e+20 1.0 1000.0 0 0
110 10004.158 1e+20 1.0 1000.0 0 0
111 10004.158 1e+20 1.0 1000.0 0 0
112 10004.158 1e+20 1.0 1000.0 0 0
113 10004.158 1e+20 1.0 1000.0 0 0
114 10004.158 1e+20 1.0 1000.0 0 0
115 10004.158 1e+20 1.0 1000.0 0 0
116 10004.158 1e+20 1.0 1000.0 0 0
117 10004.158 1e+20 1.0 1000.0 0 0
118 10004.158 1e+20 1.0 1000.0 0 0
119 10004.158 1e+20 1.0 1000.0 0 0
120 10004.158 1e+20 1.0 1000.0 0 0
121 10004.158 1e+20 1.0 1000.0 0 0
122 10004.158 1e+20 1.0 1000.0 0 0
123 10004.158 1e+20 1.0 1000.0 0 0
124 10004.158 1e+20 1.0 1000.0 0 0
125 10004.158 1e+20 1.0 1000.0 0 0
126 10004.158 1e+20 1.0 1000.0 0 0
127 10004.158 1e+20 1.0 1000.0 0 0
128 10004.158 1e+20 1.0 1000.0 0 0
43434.343434343435
1 10004.257 1e+20 1.0 1000.0 0 0
2 10004.257 1e+20 1.0 1000.0 0 0
3 10004.257 1e+20 1.0 1000.0 0 0
4 10004.257 1e+20 1.0 1000.0 0 0
5 10004.257 1e+20 1.0 1000.0 0 0
6 10004.257 1e+20 1.0 1000.0 0 0
7 10004.257 1e+20 1.0 1000.0 0 0
8 10004.257 1e+20 1.0 1000.0 0 0
9 10004.257 1e+20 1.0 1000.0 0 0
10 10004.257 1e+20 1.0 1000.0 0 0
11 10004.257 1e+20 1.0 1000.0 0 0
12 10004.257 1e+20 1.0 1000.0 0 0
13 10004.257 1e+20 1.0 1000.0 0 0
14 10004.257 1e+20 1.0 1000.0 0 0
15 10004.257 1e+20 1.0 1000.0 0 0
16 10004.257 1e+20 1.0 1000.0 0 0
17 10004.257 1e+20 1.0 1000.0 0 0
18 10004.257 1e+20 1.0 1000.0 0 0
19 10004.257 1e+20 1.0 1000.0 0 0
20 10004.257 1e+20 1.0 1000.0 0 0
21 10004.257 1e+20 1.0 1000.0 0 0
22 10004.257 1e+20 1.0 1000.0 0 0
23 10004.257 1e+20 1.0 1000.0 0 0
24 10004.257 1e+20 1.0 1000.0 0 0
25 10004.257 1e+20 1.0 1000.0 0 0
26 10004.257 1e+20 1.0 1000.0 0 0
27 10004.257 1e+20 1.0 1000.0 0 0
28 10004.257 1e+20 1.0 1000.0 0 0
29 10004.257 1e+20 1.0 1000.0 0 0
30 10004.257 1e+20 1.0 1000.0 0 0
31 10004.257 1e+20 1.0 1000.0 0 0
32 10004.257 1e+20 1.0 1000.0 0 0
33 10004.257 1e+20 1.0 1000.0 0 0
34 10004.257 1e+20 1.0 1000.0 0 0
35 10004.257 1e+20 1.0 1000.0 0 0
36 10004.257 1e+20 1.0 1000.0 0 0
37 10004.257 1e+20 1.0 1000.0 0 0
38 10004.257 1e+20 1.0 1000.0 0 0
39 10004.257 1e+20 1.0 1000.0 0 0
40 10004.257 1e+20 1.0 1000.0 0 0
41 10004.257 1e+20 1.0 1000.0 0 0
42 10004.257 1e+20 1.0 1000.0 0 0
43 10004.257 1e+20 1.0 1000.0 0 0
44 10004.257 1e+20 1.0 1000.0 0 0
45 10004.257 1e+20 1.0 1000.0 0 0
46 10004.257 1e+20 1.0 1000.0 0 0
47 10004.257 1e+20 1.0 1000.0 0 0
48 10004.257 1e+20 1.0 1000.0 0 0
49 10004.257 1e+20 1.0 1000.0 0 0
50 10004.257 1e+20 1.0 1000.0 0 0
51 10004.257 1e+20 1.0 1000.0 0 0
52 10004.257 1e+20 1.0 1000.0 0 0
53 10004.257 1e+20 1.0 1000.0 0 0
54 10004.257 1e+20 1.0 1000.0 0 0
55 10004.257 1e+20 1.0 1000.0 0 0
56 10004.257 1e+20 1.0 1000.0 0 0
57 10004.257 1e+20 1.0 1000.0 0 0
58 10004.257 1e+20 1.0 1000.0 0 0
59 10004.257 1e+20 1.0 1000.0 0 0
60 10004.257 1e+20 1.0 1000.0 0 0
61 10004.257 1e+20 1.0 1000.0 0 0
62 10004.257 1e+20 1.0 1000.0 0 0
63 10004.257 1e+20 1.0 1000.0 0 0
64 10004.257 1e+20 1.0 1000.0 0 0
65 10004.257 1e+20 1.0 1000.0 0 0
66 10004.257 1e+20 1.0 1000.0 0 0
67 10004.257 1e+20 1.0 1000.0 0 0
68 10004.257 1e+20 1.0 1000.0 0 0
69 10004.257 1e+20 1.0 1000.0 0 0
70 10004.257 1e+20 1.0 1000.0 0 0
71 10004.257 1e+20 1.0 1000.0 0 0
72 10004.257 1e+20 1.0 1000.0 0 0
73 10004.257 1e+20 1.0 1000.0 0 0
74 10004.257 1e+20 1.0 1000.0 0 0
75 10004.257 1e+20 1.0 1000.0 0 0
76 10004.257 1e+20 1.0 1000.0 0 0
77 10004.257 1e+20 1.0 1000.0 0 0
78 10004.257 1e+20 1.0 1000.0 0 0
79 10004.257 1e+20 1.0 1000.0 0 0
80 10004.257 1e+20 1.0 1000.0 0 0
81 10004.257 1e+20 1.0 1000.0 0 0
82 10004.257 1e+20 1.0 1000.0 0 0
83 10004.257 1e+20 1.0 1000.0 0 0
84 10004.257 1e+20 1.0 1000.0 0 0
85 10004.257 1e+20 1.0 1000.0 0 0
86 10004.257 1e+20 1.0 1000.0 0 0
87 10004.257 1e+20 1.0 1000.0 0 0
88 10004.257 1e+20 1.0 1000.0 0 0
89 10004.257 1e+20 1.0 1000.0 0 0
90 10004.257 1e+20 1.0 1000.0 0 0
91 10004.257 1e+20 1.0 1000.0 0 0
92 10004.257 1e+20 1.0 1000.0 0 0
93 10004.257 1e+20 1.0 1000.0 0 0
94 10004.257 1e+20 1.0 1000.0 0 0
95 10004.257 1e+20 1.0 1000.0 0 0
96 10004.257 1e+20 1.0 1000.0 0 0
97 10004.257 1e+20 1.0 1000.0 0 0
98 10004.257 1e+20 1.0 1000.0 0 0
99 10004.257 1e+20 1.0 1000.0 0 0
100 10004.257 1e+20 1.0 1000.0 0 0
101 10004.257 1e+20 1.0 1000.0 0 0
102 10004.257 1e+20 1.0 1000.0 0 0
103 10004.257 1e+20 1.0 1000.0 0 0
104 10004.257 1e+20 1.0 1000.0 0 0
105 10004.257 1e+20 1.0 1000.0 0 0
106 10004.257 1e+20 1.0 1000.0 0 0
107 10004.257 1e+20 1.0 1000.0 0 0
108 10004.257 1e+20 1.0 1000.0 0 0
109 10004.257 1e+20 1.0 1000.0 0 0
110 10004.257 1e+20 1.0 1000.0 0 0
111 10004.257 1e+20 1.0 1000.0 0 0
112 10004.257 1e+20 1.0 1000.0 0 0
113 10004.257 1e+20 1.0 1000.0 0 0
114 10004.257 1e+20 1.0 1000.0 0 0
115 10004.257 1e+20 1.0 1000.0 0 0
116 10004.257 1e+20 1.0 1000.0 0 0
117 10004.257 1e+20 1.0 1000.0 0 0
118 10004.257 1e+20 1.0 1000.0 0 0
119 10004.257 1e+20 1.0 1000.0 0 0
120 10004.257 1e+20 1.0 1000.0 0 0
121 10004.257 1e+20 1.0 1000.0 0 0
122 10004.257 1e+20 1.0 1000.0 0 0
123 10004.257 1e+20 1.0 1000.0 0 0
124 10004.257 1e+20 1.0 1000.0 0 0
125 10004.257 1e+20 1.0 1000.0 0 0
126 10004.257 1e+20 1.0 1000.0 0 0
127 10004.257 1e+20 1.0 1000.0 0 0
128 10004.257 1e+20 1.0 1000.0 0 0
44444.444444444445
1 10004.356 1e+20 1.0 1000.0 0 0
2 10004.356 1e+20 1.0 1000.0 0 0
3 10004.356 1e+20 1.0 1000.0 0 0
4 10004.356 1e+20 1.0 1000.0 0 0
5 10004.356 1e+20 1.0 1000.0 0 0
6 10004.356 1e+20 1.0 1000.0 0 0
7 10004.356 1e+20 1.0 1000.0 0 0
8 10004.356 1e+20 1.0 1000.0 0 0
9 10004.356 1e+20 1.0 1000.0 0 0
10 10004.356 1e+20 1.0 1000.0 0 0
11 10004.356 1e+20 1.0 1000.0 0 0
12 10004.356 1e+20 1.0 1000.0 0 0
13 10004.356 1e+20 1.0 1000.0 0 0
14 10004.356 1e+20 1.0 1000.0 0 0
15 10004.356 1e+20 1.0 1000.0 0 0
16 10004.356 1e+20 1.0 1000.0 0 0
17 10004.356 1e+20 1.0 1000.0 0 0
18 10004.356 1e+20 1.0 1000.0 0 0
19 10004.356 1e+20 1.0 1000.0 0 0
20 10004.356 1e+20 1.0 1000.0 0 0
21 10004.356 1e+20 1.0 1000.0 0 0
22 10004.356 1e+20 1.0 1000.0 0 0
23 10004.356 1e+20 1.0 1000.0 0 0
24 10004.356 1e+20 1.0 1000.0 0 0
25 10004.356 1e+20 1.0 1000.0 0 0
26 10004.356 1e+20 1.0 1000.0 0 0
27 10004.356 1e+20 1.0 1000.0 0 0
28 10004.356 1e+20 1.0 1000.0 0 0
29 10004.356 1e+20 1.0 1000.0 0 0
30 10004.356 1e+20 1.0 1000.0 0 0
31 10004.356 1e+20 1.0 1000.0 0 0
32 10004.356 1e+20 1.0 1000.0 0 0
33 10004.356 1e+20 1.0 1000.0 0 0
34 10004.356 1e+20 1.0 1000.0 0 0
35 10004.356 1e+20 1.0 1000.0 0 0
36 10004.356 1e+20 1.0 1000.0 0 0
37 10004.356 1e+20 1.0 1000.0 0 0
38 10004.356 1e+20 1.0 1000.0 0 0
39 10004.356 1e+20 1.0 1000.0 0 0
40 10004.356 1e+20 1.0 1000.0 0 0
41 10004.356 1e+20 1.0 1000.0 0 0
42 10004.356 1e+20 1.0 1000.0 0 0
43 10004.356 1e+20 1.0 1000.0 0 0
44 10004.356 1e+20 1.0 1000.0 0 0
45 10004.356 1e+20 1.0 1000.0 0 0
46 10004.356 1e+20 1.0 1000.0 0 0
47 10004.356 1e+20 1.0 1000.0 0 0
48 10004.356 1e+20 1.0 1000.0 0 0
49 10004.356 1e+20 1.0 1000.0 0 0
50 10004.356 1e+20 1.0 1000.0 0 0
51 10004.356 1e+20 1.0 1000.0 0 0
52 10004.356 1e+20 1.0 1000.0 0 0
53 10004.356 1e+20 1.0 1000.0 0 0
54 10004.356 1e+20 1.0 1000.0 0 0
55 10004.356 1e+20 1.0 1000.0 0 0
56 10004.356 1e+20 1.0 1000.0 0 0
57 10004.356 1e+20 1.0 1000.0 0 0
58 10004.356 1e+20 1.0 1000.0 0 0
59 10004.356 1e+20 1.0 1000.0 0 0
60 10004.356 1e+20 1.0 1000.0 0 0
61 10004.356 1e+20 1.0 1000.0 0 0
62 10004.356 1e+20 1.0 1000.0 0 0
63 10004.356 1e+20 1.0 1000.0 0 0
64 10004.356 1e+20 1.0 1000.0 0 0
65 10004.356 1e+20 1.0 1000.0 0 0
66 10004.356 1e+20 1.0 1000.0 0 0
67 10004.356 1e+20 1.0 1000.0 0 0
68 10004.356 1e+20 1.0 1000.0 0 0
69 10004.356 1e+20 1.0 1000.0 0 0
70 10004.356 1e+20 1.0 1000.0 0 0
71 10004.356 1e+20 1.0 1000.0 0 0
72 10004.356 1e+20 1.0 1000.0 0 0
73 10004.356 1e+20 1.0 1000.0 0 0
74 10004.356 1e+20 1.0 1000.0 0 0
75 10004.356 1e+20 1.0 1000.0 0 0
76 10004.356 1e+20 1.0 1000.0 0 0
77 10004.356 1e+20 1.0 1000.0 0 0
78 10004.356 1e+20 1.0 1000.0 0 0
79 10004.356 1e+20 1.0 1000.0 0 0
80 10004.356 1e+20 1.0 1000.0 0 0
81 10004.356 1e+20 1.0 1000.0 0 0
82 10004.356 1e+20 1.0 1000.0 0 0
83 10004.356 1e+20 1.0 1000.0 0 0
84 10004.356 1e+20 1.0 1000.0 0 0
85 10004.356 1e+20 1.0 1000.0 0 0
86 10004.356 1e+20 1.0 1000.0 0 0
87 10004.356 1e+20 1.0 1000.0 0 0
88 10004.356 1e+20 1.0 1000.0 0 0
89 10004.356 1e+20 1.0 1000.0 0 0
90 10004.356 1e+20 1.0 1000.0 0 0
91 10004.356 1e+20 1.0 1000.0 0 0
92 10004.356 1e+20 1.0 1000.0 0 0
93 10004.356 1e+20 1.0 1000.0 0 0
94 10004.356 1e+20 1.0 1000.0 0 0
95 10004.356 1e+20 1.0 1000.0 0 0
96 10004.356 1e+20 1.0 1000.0 0 0
97 10004.356 1e+20 1.0 1000.0 0 0
98 10004.356 1e+20 1.0 1000.0 0 0
99 10004.356 1e+20 1.0 1000.0 0 0
100 10004.356 1e+20 1.0 1000.0 0 0
101 10004.356 1e+20 1.0 1000.0 0 0
102 10004.356 1e+20 1.0 1000.0 0 0
103 10004.356 1e+20 1.0 1000.0 0 0
104 10004.356 1e+20 1.0 1000.0 0 0
105 10004.356 1e+20 1.0 1000.0 0 0
106 10004.356 1e+20 1.0 1000.0 0 0
107 10004.356 1e+20 1.0 1000.0 0 0
108 10004.356 1e+20 1.0 1000.0 0 0
109 10004.356 1e+20 1.0 1000.0 0 0
110 10004.356 1e+20 1.0 1000.0 0 0
111 10004.356 1e+20 1.0 1000.0 0 0
112 10004.356 1e+20 1.0 1000.0 0 0
113 10004.356 1e+20 1.0 1000.0 0 0
114 10004.356 1e+20 1.0 1000.0 0 0
115 10004.356 1e+20 1.0 1000.0 0 0
116 10004.356 1e+20 1.0 1000.0 0 0
117 10004.356 1e+20 1.0 1000.0 0 0
118 10004.356 1e+20 1.0 1000.0 0 0
119 10004.356 1e+20 1.0 1000.0 0 0
120 10004.356 1e+20 1.0 1000.0 0 0
121 10004.356 1e+20 1.0 1000.0 0 0
122 10004.356 1e+20 1.0 1000.0 0 0
123 10004.356 1e+20 1.0 1000.0 0 0
124 10004.356 1e+20 1.0 1000.0 0 0
125 10004.356 1e+20 1.0 1000.0 0 0
126 10004.356 1e+20 1.0 1000.0 0 0
127 10004.356 1e+20 1.0 1000.0 0 0
128 10004.356 1e+20 1.0 1000.0 0 0
45454.54545454545
1 10004.455 1e+20 1.0 1000.0 0 0
2 10004.455 1e+20 1.0 1000.0 0 0
3 10004.455 1e+20 1.0 1000.0 0 0
4 10004.455 1e+20 1.0 1000.0 0 0
5 10004.455 1e+20 1.0 1000.0 0 0
6 10004.455 1e+20 1.0 1000.0 0 0
7 10004.455 1e+20 1.0 1000.0 0 0
8 10004.455 1e+20 1.0 1000.0 0 0
9 10004.455 1e+20 1.0 1000.0 0 0
10 10004.455 1e+20 1.0 1000.0 0 0
11 10004.455 1e+20 1.0 1000.0 0 0
12 10004.455 1e+20 1.0 1000.0 0 0
13 10004.455 1e+20 1.0 1000.0 0 0
14 10004.455 1e+20 1.0 1000.0 0 0
15 10004.455 1e+20 1.0 1000.0 0 0
16 10004.455 1e+20 1.0 1000.0 0 0
17 10004.455 1e+20 1.0 1000.0 0 0
18 10004.455 1e+20 1.0 1000.0 0 0
19 10004.455 1e+20 1.0 1000.0 0 0
20 10004.455 1e+20 1.0 1000.0 0 0
21 10004.455 1e+20 1.0 1000.0 0 0
22 10004.455 1e+20 1.0 1000.0 0 0
23 10004.455 1e+20 1.0 1000.0 0 0
24 10004.455 1e+20 1.0 1000.0 0 0
25 10004.455 1e+20 1.0 1000.0 0 0
26 10004.455 1e+20 1.0 1000.0 0 0
27 10004.455 1e+20 1.0 1000.0 0 0
28 10004.455 1e+20 1.0 1000.0 0 0
29 10004.455 1e+20 1.0 1000.0 0 0
30 10004.455 1e+20 1.0 1000.0 0 0
31 10004.455 1e+20 1.0 1000.0 0 0
32 10004.455 1e+20 1.0 1000.0 0 0
33 10004.455 1e+20 1.0 1000.0 0 0
34 10004.455 1e+20 1.0 1000.0 0 0
35 10004.455 1e+20 1.0 1000.0 0 0
36 10004.455 1e+20 1.0 1000.0 0 0
37 10004.455 1e+20 1.0 1000.0 0 0
38 10004.455 1e+20 1.0 1000.0 0 0
39 10004.455 1e+20 1.0 1000.0 0 0
40 10004.455 1e+20 1.0 1000.0 0 0
41 10004.455 1e+20 1.0 1000.0 0 0
42 10004.455 1e+20 1.0 1000.0 0 0
43 10004.455 1e+20 1.0 1000.0 0 0
44 10004.455 1e+20 1.0 1000.0 0 0
45 10004.455 1e+20 1.0 1000.0 0 0
46 10004.455 1e+20 1.0 1000.0 0 0
47 10004.455 1e+20 1.0 1000.0 0 0
48 10004.455 1e+20 1.0 1000.0 0 0
49 10004.455 1e+20 1.0 1000.0 0 0
50 10004.455 1e+20 1.0 1000.0 0 0
51 10004.455 1e+20 1.0 1000.0 0 0
52 10004.455 1e+20 1.0 1000.0 0 0
53 10004.455 1e+20 1.0 1000.0 0 0
54 10004.455 1e+20 1.0 1000.0 0 0
55 10004.455 1e+20 1.0 1000.0 0 0
56 10004.455 1e+20 1.0 1000.0 0 0
57 10004.455 1e+20 1.0 1000.0 0 0
58 10004.455 1e+20 1.0 1000.0 0 0
59 10004.455 1e+20 1.0 1000.0 0 0
60 10004.455 1e+20 1.0 1000.0 0 0
61 10004.455 1e+20 1.0 1000.0 0 0
62 10004.455 1e+20 1.0 1000.0 0 0
63 10004.455 1e+20 1.0 1000.0 0 0
64 10004.455 1e+20 1.0 1000.0 0 0
65 10004.455 1e+20 1.0 1000.0 0 0
66 10004.455 1e+20 1.0 1000.0 0 0
67 10004.455 1e+20 1.0 1000.0 0 0
68 10004.455 1e+20 1.0 1000.0 0 0
69 10004.455 1e+20 1.0 1000.0 0 0
70 10004.455 1e+20 1.0 1000.0 0 0
71 10004.455 1e+20 1.0 1000.0 0 0
72 10004.455 1e+20 1.0 1000.0 0 0
73 10004.455 1e+20 1.0 1000.0 0 0
74 10004.455 1e+20 1.0 1000.0 0 0
75 10004.455 1e+20 1.0 1000.0 0 0
76 10004.455 1e+20 1.0 1000.0 0 0
77 10004.455 1e+20 1.0 1000.0 0 0
78 10004.455 1e+20 1.0 1000.0 0 0
79 10004.455 1e+20 1.0 1000.0 0 0
80 10004.455 1e+20 1.0 1000.0 0 0
81 10004.455 1e+20 1.0 1000.0 0 0
82 10004.455 1e+20 1.0 1000.0 0 0
83 10004.455 1e+20 1.0 1000.0 0 0
84 10004.455 1e+20 1.0 1000.0 0 0
85 10004.455 1e+20 1.0 1000.0 0 0
86 10004.455 1e+20 1.0 1000.0 0 0
87 10004.455 1e+20 1.0 1000.0 0 0
88 10004.455 1e+20 1.0 1000.0 0 0
89 10004.455 1e+20 1.0 1000.0 0 0
90 10004.455 1e+20 1.0 1000.0 0 0
91 10004.455 1e+20 1.0 1000.0 0 0
92 10004.455 1e+20 1.0 1000.0 0 0
93 10004.455 1e+20 1.0 1000.0 0 0
94 10004.455 1e+20 1.0 1000.0 0 0
95 10004.455 1e+20 1.0 1000.0 0 0
96 10004.455 1e+20 1.0 1000.0 0 0
97 10004.455 1e+20 1.0 1000.0 0 0
98 10004.455 1e+20 1.0 1000.0 0 0
99 10004.455 1e+20 1.0 1000.0 0 0
100 10004.455 1e+20 1.0 1000.0 0 0
101 10004.455 1e+20 1.0 1000.0 0 0
102 10004.455 1e+20 1.0 1000.0 0 0
103 10004.455 1e+20 1.0 1000.0 0 0
104 10004.455 1e+20 1.0 1000.0 0 0
105 10004.455 1e+20 1.0 1000.0 0 0
106 10004.455 1e+20 1.0 1000.0 0 0
107 10004.455 1e+20 1.0 1000.0 0 0
108 10004.455 1e+20 1.0 1000.0 0 0
109 10004.455 1e+20 1.0 1000.0 0 0
110 10004.455 1e+20 1.0 1000.0 0 0
111 10004.455 1e+20 1.0 1000.0 0 0
112 10004.455 1e+20 1.0 1000.0 0 0
113 10004.455 1e+20 1.0 1000.0 0 0
114 10004.455 1e+20 1.0 1000.0 0 0
115 10004.455 1e+20 1.0 1000.0 0 0
116 10004.455 1e+20 1.0 1000.0 0 0
117 10004.455 1e+20 1.0 1000.0 0 0
118 10004.455 1e+20 1.0 1000.0 0 0
119 10004.455 1e+20 1.0 1000.0 0 0
120 10004.455 1e+20 1.0 1000.0 0 0
121 10004.455 1e+20 1.0 1000.0 0 0
122 10004.455 1e+20 1.0 1000.0 0 0
123 10004.455 1e+20 1.0 1000.0 0 0
124 10004.455 1e+20 1.0 1000.0 0 0
125 10004.455 1e+20 1.0 1000.0 0 0
126 10004.455 1e+20 1.0 1000.0 0 0
127 10004.455 1e+20 1.0 1000.0 0 0
128 10004.455 1e+20 1.0 1000.0 0 0
46464.64646464646
1 10004.554 1e+20 1.0 1000.0 0 0
2 10004.554 1e+20 1.0 1000.0 0 0
3 10004.554 1e+20 1.0 1000.0 0 0
4 10004.554 1e+20 1.0 1000.0 0 0
5 10004.554 1e+20 1.0 1000.0 0 0
6 10004.554 1e+20 1.0 1000.0 0 0
7 10004.554 1e+20 1.0 1000.0 0 0
8 10004.554 1e+20 1.0 1000.0 0 0
9 10004.554 1e+20 1.0 1000.0 0 0
10 10004.554 1e+20 1.0 1000.0 0 0
11 10004.554 1e+20 1.0 1000.0 0 0
12 10004.554 1e+20 1.0 1000.0 0 0
13 10004.554 1e+20 1.0 1000.0 0 0
14 10004.554 1e+20 1.0 1000.0 0 0
15 10004.554 1e+20 1.0 1000.0 0 0
16 10004.554 1e+20 1.0 1000.0 0 0
17 10004.554 1e+20 1.0 1000.0 0 0
18 10004.554 1e+20 1.0 1000.0 0 0
19 10004.554 1e+20 1.0 1000.0 0 0
20 10004.554 1e+20 1.0 1000.0 0 0
21 10004.554 1e+20 1.0 1000.0 0 0
22 10004.554 1e+20 1.0 1000.0 0 0
23 10004.554 1e+20 1.0 1000.0 0 0
24 10004.554 1e+20 1.0 1000.0 0 0
25 10004.554 1e+20 1.0 1000.0 0 0
26 10004.554 1e+20 1.0 1000.0 0 0
27 10004.554 1e+20 1.0 1000.0 0 0
28 10004.554 1e+20 1.0 1000.0 0 0
29 10004.554 1e+20 1.0 1000.0 0 0
30 10004.554 1e+20 1.0 1000.0 0 0
31 10004.554 1e+20 1.0 1000.0 0 0
32 10004.554 1e+20 1.0 1000.0 0 0
33 10004.554 1e+20 1.0 1000.0 0 0
34 10004.554 1e+20 1.0 1000.0 0 0
35 10004.554 1e+20 1.0 1000.0 0 0
36 10004.554 1e+20 1.0 1000.0 0 0
37 10004.554 1e+20 1.0 1000.0 0 0
38 10004.554 1e+20 1.0 1000.0 0 0
39 10004.554 1e+20 1.0 1000.0 0 0
40 10004.554 1e+20 1.0 1000.0 0 0
41 10004.554 1e+20 1.0 1000.0 0 0
42 10004.554 1e+20 1.0 1000.0 0 0
43 10004.554 1e+20 1.0 1000.0 0 0
44 10004.554 1e+20 1.0 1000.0 0 0
45 10004.554 1e+20 1.0 1000.0 0 0
46 10004.554 1e+20 1.0 1000.0 0 0
47 10004.554 1e+20 1.0 1000.0 0 0
48 10004.554 1e+20 1.0 1000.0 0 0
49 10004.554 1e+20 1.0 1000.0 0 0
50 10004.554 1e+20 1.0 1000.0 0 0
51 10004.554 1e+20 1.0 1000.0 0 0
52 10004.554 1e+20 1.0 1000.0 0 0
53 10004.554 1e+20 1.0 1000.0 0 0
54 10004.554 1e+20 1.0 1000.0 0 0
55 10004.554 1e+20 1.0 1000.0 0 0
56 10004.554 1e+20 1.0 1000.0 0 0
57 10004.554 1e+20 1.0 1000.0 0 0
58 10004.554 1e+20 1.0 1000.0 0 0
59 10004.554 1e+20 1.0 1000.0 0 0
60 10004.554 1e+20 1.0 1000.0 0 0
61 10004.554 1e+20 1.0 1000.0 0 0
62 10004.554 1e+20 1.0 1000.0 0 0
63 10004.554 1e+20 1.0 1000.0 0 0
64 10004.554 1e+20 1.0 1000.0 0 0
65 10004.554 1e+20 1.0 1000.0 0 0
66 10004.554 1e+20 1.0 1000.0 0 0
67 10004.554 1e+20 1.0 1000.0 0 0
68 10004.554 1e+20 1.0 1000.0 0 0
69 10004.554 1e+20 1.0 1000.0 0 0
70 10004.554 1e+20 1.0 1000.0 0 0
71 10004.554 1e+20 1.0 1000.0 0 0
72 10004.554 1e+20 1.0 1000.0 0 0
73 10004.554 1e+20 1.0 1000.0 0 0
74 10004.554 1e+20 1.0 1000.0 0 0
75 10004.554 1e+20 1.0 1000.0 0 0
76 10004.554 1e+20 1.0 1000.0 0 0
77 10004.554 1e+20 1.0 1000.0 0 0
78 10004.554 1e+20 1.0 1000.0 0 0
79 10004.554 1e+20 1.0 1000.0 0 0
80 10004.554 1e+20 1.0 1000.0 0 0
81 10004.554 1e+20 1.0 1000.0 0 0
82 10004.554 1e+20 1.0 1000.0 0 0
83 10004.554 1e+20 1.0 1000.0 0 0
84 10004.554 1e+20 1.0 1000.0 0 0
85 10004.554 1e+20 1.0 1000.0 0 0
86 10004.554 1e+20 1.0 1000.0 0 0
87 10004.554 1e+20 1.0 1000.0 0 0
88 10004.554 1e+20 1.0 1000.0 0 0
89 10004.554 1e+20 1.0 1000.0 0 0
90 10004.554 1e+20 1.0 1000.0 0 0
91 10004.554 1e+20 1.0 1000.0 0 0
92 10004.554 1e+20 1.0 1000.0 0 0
93 10004.554 1e+20 1.0 1000.0 0 0
94 10004.554 1e+20 1.0 1000.0 0 0
95 10004.554 1e+20 1.0 1000.0 0 0
96 10004.554 1e+20 1.0 1000.0 0 0
97 10004.554 1e+20 1.0 1000.0 0 0
98 10004.554 1e+20 1.0 1000.0 0 0
99 10004.554 1e+20 1.0 1000.0 0 0
100 10004.554 1e+20 1.0 1000.0 0 0
101 10004.554 1e+20 1.0 1000.0 0 0
102 10004.554 1e+20 1.0 1000.0 0 0
103 10004.554 1e+20 1.0 1000.0 0 0
104 10004.554 1e+20 1.0 1000.0 0 0
105 10004.554 1e+20 1.0 1000.0 0 0
106 10004.554 1e+20 1.0 1000.0 0 0
107 10004.554 1e+20 1.0 1000.0 0 0
108 10004.554 1e+20 1.0 1000.0 0 0
109 10004.554 1e+20 1.0 1000.0 0 0
110 10004.554 1e+20 1.0 1000.0 0 0
111 10004.554 1e+20 1.0 1000.0 0 0
112 10004.554 1e+20 1.0 1000.0 0 0
113 10004.554 1e+20 1.0 1000.0 0 0
114 10004.554 1e+20 1.0 1000.0 0 0
115 10004.554 1e+20 1.0 1000.0 0 0
116 10004.554 1e+20 1.0 1000.0 0 0
117 10004.554 1e+20 1.0 1000.0 0 0
118 10004.554 1e+20 1.0 1000.0 0 0
119 10004.554 1e+20 1.0 1000.0 0 0
120 10004.554 1e+20 1.0 1000.0 0 0
121 10004.554 1e+20 1.0 1000.0 0 0
122 10004.554 1e+20 1.0 1000.0 0 0
123 10004.554 1e+20 1.0 1000.0 0 0
124 10004.554 1e+20 1.0 1000.0 0 0
125 10004.554 1e+20 1.0 1000.0 0 0
126 10004.554 1e+20 1.0 1000.0 0 0
127 10004.554 1e+20 1.0 1000.0 0 0
128 10004.554 1e+20 1.0 1000.0 0 0
47474.74747474747
1 10004.653 1e+20 1.0 1000.0 0 0
2 10004.653 1e+20 1.0 1000.0 0 0
3 10004.653 1e+20 1.0 1000.0 0 0
4 10004.653 1e+20 1.0 1000.0 0 0
5 10004.653 1e+20 1.0 1000.0 0 0
6 10004.653 1e+20 1.0 1000.0 0 0
7 10004.653 1e+20 1.0 1000.0 0 0
8 10004.653 1e+20 1.0 1000.0 0 0
9 10004.653 1e+20 1.0 1000.0 0 0
10 10004.653 1e+20 1.0 1000.0 0 0
11 10004.653 1e+20 1.0 1000.0 0 0
12 10004.653 1e+20 1.0 1000.0 0 0
13 10004.653 1e+20 1.0 1000.0 0 0
14 10004.653 1e+20 1.0 1000.0 0 0
15 10004.653 1e+20 1.0 1000.0 0 0
16 10004.653 1e+20 1.0 1000.0 0 0
17 10004.653 1e+20 1.0 1000.0 0 0
18 10004.653 1e+20 1.0 1000.0 0 0
19 10004.653 1e+20 1.0 1000.0 0 0
20 10004.653 1e+20 1.0 1000.0 0 0
21 10004.653 1e+20 1.0 1000.0 0 0
22 10004.653 1e+20 1.0 1000.0 0 0
23 10004.653 1e+20 1.0 1000.0 0 0
24 10004.653 1e+20 1.0 1000.0 0 0
25 10004.653 1e+20 1.0 1000.0 0 0
26 10004.653 1e+20 1.0 1000.0 0 0
27 10004.653 1e+20 1.0 1000.0 0 0
28 10004.653 1e+20 1.0 1000.0 0 0
29 10004.653 1e+20 1.0 1000.0 0 0
30 10004.653 1e+20 1.0 1000.0 0 0
31 10004.653 1e+20 1.0 1000.0 0 0
32 10004.653 1e+20 1.0 1000.0 0 0
33 10004.653 1e+20 1.0 1000.0 0 0
34 10004.653 1e+20 1.0 1000.0 0 0
35 10004.653 1e+20 1.0 1000.0 0 0
36 10004.653 1e+20 1.0 1000.0 0 0
37 10004.653 1e+20 1.0 1000.0 0 0
38 10004.653 1e+20 1.0 1000.0 0 0
39 10004.653 1e+20 1.0 1000.0 0 0
40 10004.653 1e+20 1.0 1000.0 0 0
41 10004.653 1e+20 1.0 1000.0 0 0
42 10004.653 1e+20 1.0 1000.0 0 0
43 10004.653 1e+20 1.0 1000.0 0 0
44 10004.653 1e+20 1.0 1000.0 0 0
45 10004.653 1e+20 1.0 1000.0 0 0
46 10004.653 1e+20 1.0 1000.0 0 0
47 10004.653 1e+20 1.0 1000.0 0 0
48 10004.653 1e+20 1.0 1000.0 0 0
49 10004.653 1e+20 1.0 1000.0 0 0
50 10004.653 1e+20 1.0 1000.0 0 0
51 10004.653 1e+20 1.0 1000.0 0 0
52 10004.653 1e+20 1.0 1000.0 0 0
53 10004.653 1e+20 1.0 1000.0 0 0
54 10004.653 1e+20 1.0 1000.0 0 0
55 10004.653 1e+20 1.0 1000.0 0 0
56 10004.653 1e+20 1.0 1000.0 0 0
57 10004.653 1e+20 1.0 1000.0 0 0
58 10004.653 1e+20 1.0 1000.0 0 0
59 10004.653 1e+20 1.0 1000.0 0 0
60 10004.653 1e+20 1.0 1000.0 0 0
61 10004.653 1e+20 1.0 1000.0 0 0
62 10004.653 1e+20 1.0 1000.0 0 0
63 10004.653 1e+20 1.0 1000.0 0 0
64 10004.653 1e+20 1.0 1000.0 0 0
65 10004.653 1e+20 1.0 1000.0 0 0
66 10004.653 1e+20 1.0 1000.0 0 0
67 10004.653 1e+20 1.0 1000.0 0 0
68 10004.653 1e+20 1.0 1000.0 0 0
69 10004.653 1e+20 1.0 1000.0 0 0
70 10004.653 1e+20 1.0 1000.0 0 0
71 10004.653 1e+20 1.0 1000.0 0 0
72 10004.653 1e+20 1.0 1000.0 0 0
73 10004.653 1e+20 1.0 1000.0 0 0
74 10004.653 1e+20 1.0 1000.0 0 0
75 10004.653 1e+20 1.0 1000.0 0 0
76 10004.653 1e+20 1.0 1000.0 0 0
77 10004.653 1e+20 1.0 1000.0 0 0
78 10004.653 1e+20 1.0 1000.0 0 0
79 10004.653 1e+20 1.0 1000.0 0 0
80 10004.653 1e+20 1.0 1000.0 0 0
81 10004.653 1e+20 1.0 1000.0 0 0
82 10004.653 1e+20 1.0 1000.0 0 0
83 10004.653 1e+20 1.0 1000.0 0 0
84 10004.653 1e+20 1.0 1000.0 0 0
85 10004.653 1e+20 1.0 1000.0 0 0
86 10004.653 1e+20 1.0 1000.0 0 0
87 10004.653 1e+20 1.0 1000.0 0 0
88 10004.653 1e+20 1.0 1000.0 0 0
89 10004.653 1e+20 1.0 1000.0 0 0
90 10004.653 1e+20 1.0 1000.0 0 0
91 10004.653 1e+20 1.0 1000.0 0 0
92 10004.653 1e+20 1.0 1000.0 0 0
93 10004.653 1e+20 1.0 1000.0 0 0
94 10004.653 1e+20 1.0 1000.0 0 0
95 10004.653 1e+20 1.0 1000.0 0 0
96 10004.653 1e+20 1.0 1000.0 0 0
97 10004.653 1e+20 1.0 1000.0 0 0
98 10004.653 1e+20 1.0 1000.0 0 0
99 10004.653 1e+20 1.0 1000.0 0 0
100 10004.653 1e+20 1.0 1000.0 0 0
101 10004.653 1e+20 1.0 1000.0 0 0
102 10004.653 1e+20 1.0 1000.0 0 0
103 10004.653 1e+20 1.0 1000.0 0 0
104 10004.653 1e+20 1.0 1000.0 0 0
105 10004.653 1e+20 1.0 1000.0 0 0
106 10004.653 1e+20 1.0 1000.0 0 0
107 10004.653 1e+20 1.0 1000.0 0 0
108 10004.653 1e+20 1.0 1000.0 0 0
109 10004.653 1e+20 1.0 1000.0 0 0
110 10004.653 1e+20 1.0 1000.0 0 0
111 10004.653 1e+20 1.0 1000.0 0 0
112 10004.653 1e+20 1.0 1000.0 0 0
113 10004.653 1e+20 1.0 1000.0 0 0
114 10004.653 1e+20 1.0 1000.0 0 0
115 10004.653 1e+20 1.0 1000.0 0 0
116 10004.653 1e+20 1.0 1000.0 0 0
117 10004.653 1e+20 1.0 1000.0 0 0
118 10004.653 1e+20 1.0 1000.0 0 0
119 10004.653 1e+20 1.0 1000.0 0 0
120 10004.653 1e+20 1.0 1000.0 0 0
121 10004.653 1e+20 1.0 1000.0 0 0
122 10004.653 1e+20 1.0 1000.0 0 0
123 10004.653 1e+20 1.0 1000.0 0 0
124 10004.653 1e+20 1.0 1000.0 0 0
125 10004.653 1e+20 1.0 1000.0 0 0
126 10004.653 1e+20 1.0 1000.0 0 0
127 10004.653 1e+20 1.0 1000.0 0 0
128 10004.653 1e+20 1.0 1000.0 0 0
48484.84848484848
1 10004.752 1e+20 1.0 1000.0 0 0
2 10004.752 1e+20 1.0 1000.0 0 0
3 10004.752 1e+20 1.0 1000.0 0 0
4 10004.752 1e+20 1.0 1000.0 0 0
5 10004.752 1e+20 1.0 1000.0 0 0
6 10004.752 1e+20 1.0 1000.0 0 0
7 10004.752 1e+20 1.0 1000.0 0 0
8 10004.752 1e+20 1.0 1000.0 0 0
9 10004.752 1e+20 1.0 1000.0 0 0
10 10004.752 1e+20 1.0 1000.0 0 0
11 10004.752 1e+20 1.0 1000.0 0 0
12 10004.752 1e+20 1.0 1000.0 0 0
13 10004.752 1e+20 1.0 1000.0 0 0
14 10004.752 1e+20 1.0 1000.0 0 0
15 10004.752 1e+20 1.0 1000.0 0 0
16 10004.752 1e+20 1.0 1000.0 0 0
17 10004.752 1e+20 1.0 1000.0 0 0
18 10004.752 1e+20 1.0 1000.0 0 0
19 10004.752 1e+20 1.0 1000.0 0 0
20 10004.752 1e+20 1.0 1000.0 0 0
21 10004.752 1e+20 1.0 1000.0 0 0
22 10004.752 1e+20 1.0 1000.0 0 0
23 10004.752 1e+20 1.0 1000.0 0 0
24 10004.752 1e+20 1.0 1000.0 0 0
25 10004.752 1e+20 1.0 1000.0 0 0
26 10004.752 1e+20 1.0 1000.0 0 0
27 10004.752 1e+20 1.0 1000.0 0 0
28 10004.752 1e+20 1.0 1000.0 0 0
29 10004.752 1e+20 1.0 1000.0 0 0
30 10004.752 1e+20 1.0 1000.0 0 0
31 10004.752 1e+20 1.0 1000.0 0 0
32 10004.752 1e+20 1.0 1000.0 0 0
33 10004.752 1e+20 1.0 1000.0 0 0
34 10004.752 1e+20 1.0 1000.0 0 0
35 10004.752 1e+20 1.0 1000.0 0 0
36 10004.752 1e+20 1.0 1000.0 0 0
37 10004.752 1e+20 1.0 1000.0 0 0
38 10004.752 1e+20 1.0 1000.0 0 0
39 10004.752 1e+20 1.0 1000.0 0 0
40 10004.752 1e+20 1.0 1000.0 0 0
41 10004.752 1e+20 1.0 1000.0 0 0
42 10004.752 1e+20 1.0 1000.0 0 0
43 10004.752 1e+20 1.0 1000.0 0 0
44 10004.752 1e+20 1.0 1000.0 0 0
45 10004.752 1e+20 1.0 1000.0 0 0
46 10004.752 1e+20 1.0 1000.0 0 0
47 10004.752 1e+20 1.0 1000.0 0 0
48 10004.752 1e+20 1.0 1000.0 0 0
49 10004.752 1e+20 1.0 1000.0 0 0
50 10004.752 1e+20 1.0 1000.0 0 0
51 10004.752 1e+20 1.0 1000.0 0 0
52 10004.752 1e+20 1.0 1000.0 0 0
53 10004.752 1e+20 1.0 1000.0 0 0
54 10004.752 1e+20 1.0 1000.0 0 0
55 10004.752 1e+20 1.0 1000.0 0 0
56 10004.752 1e+20 1.0 1000.0 0 0
57 10004.752 1e+20 1.0 1000.0 0 0
58 10004.752 1e+20 1.0 1000.0 0 0
59 10004.752 1e+20 1.0 1000.0 0 0
60 10004.752 1e+20 1.0 1000.0 0 0
61 10004.752 1e+20 1.0 1000.0 0 0
62 10004.752 1e+20 1.0 1000.0 0 0
63 10004.752 1e+20 1.0 1000.0 0 0
64 10004.752 1e+20 1.0 1000.0 0 0
65 10004.752 1e+20 1.0 1000.0 0 0
66 10004.752 1e+20 1.0 1000.0 0 0
67 10004.752 1e+20 1.0 1000.0 0 0
68 10004.752 1e+20 1.0 1000.0 0 0
69 10004.752 1e+20 1.0 1000.0 0 0
70 10004.752 1e+20 1.0 1000.0 0 0
71 10004.752 1e+20 1.0 1000.0 0 0
72 10004.752 1e+20 1.0 1000.0 0 0
73 10004.752 1e+20 1.0 1000.0 0 0
74 10004.752 1e+20 1.0 1000.0 0 0
75 10004.752 1e+20 1.0 1000.0 0 0
76 10004.752 1e+20 1.0 1000.0 0 0
77 10004.752 1e+20 1.0 1000.0 0 0
78 10004.752 1e+20 1.0 1000.0 0 0
79 10004.752 1e+20 1.0 1000.0 0 0
80 10004.752 1e+20 1.0 1000.0 0 0
81 10004.752 1e+20 1.0 1000.0 0 0
82 10004.752 1e+20 1.0 1000.0 0 0
83 10004.752 1e+20 1.0 1000.0 0 0
84 10004.752 1e+20 1.0 1000.0 0 0
85 10004.752 1e+20 1.0 1000.0 0 0
86 10004.752 1e+20 1.0 1000.0 0 0
87 10004.752 1e+20 1.0 1000.0 0 0
88 10004.752 1e+20 1.0 1000.0 0 0
89 10004.752 1e+20 1.0 1000.0 0 0
90 10004.752 1e+20 1.0 1000.0 0 0
91 10004.752 1e+20 1.0 1000.0 0 0
92 10004.752 1e+20 1.0 1000.0 0 0
93 10004.752 1e+20 1.0 1000.0 0 0
94 10004.752 1e+20 1.0 1000.0 0 0
95 10004.752 1e+20 1.0 1000.0 0 0
96 10004.752 1e+20 1.0 1000.0 0 0
97 10004.752 1e+20 1.0 1000.0 0 0
98 10004.752 1e+20 1.0 1000.0 0 0
99 10004.752 1e+20 1.0 1000.0 0 0
100 10004.752 1e+20 1.0 1000.0 0 0
101 10004.752 1e+20 1.0 1000.0 0 0
102 10004.752 1e+20 1.0 1000.0 0 0
103 10004.752 1e+20 1.0 1000.0 0 0
104 10004.752 1e+20 1.0 1000.0 0 0
105 10004.752 1e+20 1.0 1000.0 0 0
106 10004.752 1e+20 1.0 1000.0 0 0
107 10004.752 1e+20 1.0 1000.0 0 0
108 10004.752 1e+20 1.0 1000.0 0 0
109 10004.752 1e+20 1.0 1000.0 0 0
110 10004.752 1e+20 1.0 1000.0 0 0
111 10004.752 1e+20 1.0 1000.0 0 0
112 10004.752 1e+20 1.0 1000.0 0 0
113 10004.752 1e+20 1.0 1000.0 0 0
114 10004.752 1e+20 1.0 1000.0 0 0
115 10004.752 1e+20 1.0 1000.0 0 0
116 10004.752 1e+20 1.0 1000.0 0 0
117 10004.752 1e+20 1.0 1000.0 0 0
118 10004.752 1e+20 1.0 1000.0 0 0
119 10004.752 1e+20 1.0 1000.0 0 0
120 10004.752 1e+20 1.0 1000.0 0 0
121 10004.752 1e+20 1.0 1000.0 0 0
122 10004.752 1e+20 1.0 1000.0 0 0
123 10004.752 1e+20 1.0 1000.0 0 0
124 10004.752 1e+20 1.0 1000.0 0 0
125 10004.752 1e+20 1.0 1000.0 0 0
126 10004.752 1e+20 1.0 1000.0 0 0
127 10004.752 1e+20 1.0 1000.0 0 0
128 10004.752 1e+20 1.0 1000.0 0 0
49494.94949494949
1 10004.851 1e+20 1.0 1000.0 0 0
2 10004.851 1e+20 1.0 1000.0 0 0
3 10004.851 1e+20 1.0 1000.0 0 0
4 10004.851 1e+20 1.0 1000.0 0 0
5 10004.851 1e+20 1.0 1000.0 0 0
6 10004.851 1e+20 1.0 1000.0 0 0
7 10004.851 1e+20 1.0 1000.0 0 0
8 10004.851 1e+20 1.0 1000.0 0 0
9 10004.851 1e+20 1.0 1000.0 0 0
10 10004.851 1e+20 1.0 1000.0 0 0
11 10004.851 1e+20 1.0 1000.0 0 0
12 10004.851 1e+20 1.0 1000.0 0 0
13 10004.851 1e+20 1.0 1000.0 0 0
14 10004.851 1e+20 1.0 1000.0 0 0
15 10004.851 1e+20 1.0 1000.0 0 0
16 10004.851 1e+20 1.0 1000.0 0 0
17 10004.851 1e+20 1.0 1000.0 0 0
18 10004.851 1e+20 1.0 1000.0 0 0
19 10004.851 1e+20 1.0 1000.0 0 0
20 10004.851 1e+20 1.0 1000.0 0 0
21 10004.851 1e+20 1.0 1000.0 0 0
22 10004.851 1e+20 1.0 1000.0 0 0
23 10004.851 1e+20 1.0 1000.0 0 0
24 10004.851 1e+20 1.0 1000.0 0 0
25 10004.851 1e+20 1.0 1000.0 0 0
26 10004.851 1e+20 1.0 1000.0 0 0
27 10004.851 1e+20 1.0 1000.0 0 0
28 10004.851 1e+20 1.0 1000.0 0 0
29 10004.851 1e+20 1.0 1000.0 0 0
30 10004.851 1e+20 1.0 1000.0 0 0
31 10004.851 1e+20 1.0 1000.0 0 0
32 10004.851 1e+20 1.0 1000.0 0 0
33 10004.851 1e+20 1.0 1000.0 0 0
34 10004.851 1e+20 1.0 1000.0 0 0
35 10004.851 1e+20 1.0 1000.0 0 0
36 10004.851 1e+20 1.0 1000.0 0 0
37 10004.851 1e+20 1.0 1000.0 0 0
38 10004.851 1e+20 1.0 1000.0 0 0
39 10004.851 1e+20 1.0 1000.0 0 0
40 10004.851 1e+20 1.0 1000.0 0 0
41 10004.851 1e+20 1.0 1000.0 0 0
42 10004.851 1e+20 1.0 1000.0 0 0
43 10004.851 1e+20 1.0 1000.0 0 0
44 10004.851 1e+20 1.0 1000.0 0 0
45 10004.851 1e+20 1.0 1000.0 0 0
46 10004.851 1e+20 1.0 1000.0 0 0
47 10004.851 1e+20 1.0 1000.0 0 0
48 10004.851 1e+20 1.0 1000.0 0 0
49 10004.851 1e+20 1.0 1000.0 0 0
50 10004.851 1e+20 1.0 1000.0 0 0
51 10004.851 1e+20 1.0 1000.0 0 0
52 10004.851 1e+20 1.0 1000.0 0 0
53 10004.851 1e+20 1.0 1000.0 0 0
54 10004.851 1e+20 1.0 1000.0 0 0
55 10004.851 1e+20 1.0 1000.0 0 0
56 10004.851 1e+20 1.0 1000.0 0 0
57 10004.851 1e+20 1.0 1000.0 0 0
58 10004.851 1e+20 1.0 1000.0 0 0
59 10004.851 1e+20 1.0 1000.0 0 0
60 10004.851 1e+20 1.0 1000.0 0 0
61 10004.851 1e+20 1.0 1000.0 0 0
62 10004.851 1e+20 1.0 1000.0 0 0
63 10004.851 1e+20 1.0 1000.0 0 0
64 10004.851 1e+20 1.0 1000.0 0 0
65 10004.851 1e+20 1.0 1000.0 0 0
66 10004.851 1e+20 1.0 1000.0 0 0
67 10004.851 1e+20 1.0 1000.0 0 0
68 10004.851 1e+20 1.0 1000.0 0 0
69 10004.851 1e+20 1.0 1000.0 0 0
70 10004.851 1e+20 1.0 1000.0 0 0
71 10004.851 1e+20 1.0 1000.0 0 0
72 10004.851 1e+20 1.0 1000.0 0 0
73 10004.851 1e+20 1.0 1000.0 0 0
74 10004.851 1e+20 1.0 1000.0 0 0
75 10004.851 1e+20 1.0 1000.0 0 0
76 10004.851 1e+20 1.0 1000.0 0 0
77 10004.851 1e+20 1.0 1000.0 0 0
78 10004.851 1e+20 1.0 1000.0 0 0
79 10004.851 1e+20 1.0 1000.0 0 0
80 10004.851 1e+20 1.0 1000.0 0 0
81 10004.851 1e+20 1.0 1000.0 0 0
82 10004.851 1e+20 1.0 1000.0 0 0
83 10004.851 1e+20 1.0 1000.0 0 0
84 10004.851 1e+20 1.0 1000.0 0 0
85 10004.851 1e+20 1.0 1000.0 0 0
86 10004.851 1e+20 1.0 1000.0 0 0
87 10004.851 1e+20 1.0 1000.0 0 0
88 10004.851 1e+20 1.0 1000.0 0 0
89 10004.851 1e+20 1.0 1000.0 0 0
90 10004.851 1e+20 1.0 1000.0 0 0
91 10004.851 1e+20 1.0 1000.0 0 0
92 10004.851 1e+20 1.0 1000.0 0 0
93 10004.851 1e+20 1.0 1000.0 0 0
94 10004.851 1e+20 1.0 1000.0 0 0
95 10004.851 1e+20 1.0 1000.0 0 0
96 10004.851 1e+20 1.0 1000.0 0 0
97 10004.851 1e+20 1.0 1000.0 0 0
98 10004.851 1e+20 1.0 1000.0 0 0
99 10004.851 1e+20 1.0 1000.0 0 0
100 10004.851 1e+20 1.0 1000.0 0 0
101 10004.851 1e+20 1.0 1000.0 0 0
102 10004.851 1e+20 1.0 1000.0 0 0
103 10004.851 1e+20 1.0 1000.0 0 0
104 10004.851 1e+20 1.0 1000.0 0 0
105 10004.851 1e+20 1.0 1000.0 0 0
106 10004.851 1e+20 1.0 1000.0 0 0
107 10004.851 1e+20 1.0 1000.0 0 0
108 10004.851 1e+20 1.0 1000.0 0 0
109 10004.851 1e+20 1.0 1000.0 0 0
110 10004.851 1e+20 1.0 1000.0 0 0
111 10004.851 1e+20 1.0 1000.0 0 0
112 10004.851 1e+20 1.0 1000.0 0 0
113 10004.851 1e+20 1.0 1000.0 0 0
114 10004.851 1e+20 1.0 1000.0 0 0
115 10004.851 1e+20 1.0 1000.0 0 0
116 10004.851 1e+20 1.0 1000.0 0 0
117 10004.851 1e+20 1.0 1000.0 0 0
118 10004.851 1e+20 1.0 1000.0 0 0
119 10004.851 1e+20 1.0 1000.0 0 0
120 10004.851 1e+20 1.0 1000.0 0 0
121 10004.851 1e+20 1.0 1000.0 0 0
122 10004.851 1e+20 1.0 1000.0 0 0
123 10004.851 1e+20 1.0 1000.0 0 0
124 10004.851 1e+20 1.0 1000.0 0 0
125 10004.851 1e+20 1.0 1000.0 0 0
126 10004.851 1e+20 1.0 1000.0 0 0
127 10004.851 1e+20 1.0 1000.0 0 0
128 10004.851 1e+20 1.0 1000.0 0 0
50505.0505050505
1 10004.95 1e+20 1.0 1000.0 0 0
2 10004.95 1e+20 1.0 1000.0 0 0
3 10004.95 1e+20 1.0 1000.0 0 0
4 10004.95 1e+20 1.0 1000.0 0 0
5 10004.95 1e+20 1.0 1000.0 0 0
6 10004.95 1e+20 1.0 1000.0 0 0
7 10004.95 1e+20 1.0 1000.0 0 0
8 10004.95 1e+20 1.0 1000.0 0 0
9 10004.95 1e+20 1.0 1000.0 0 0
10 10004.95 1e+20 1.0 1000.0 0 0
11 10004.95 1e+20 1.0 1000.0 0 0
12 10004.95 1e+20 1.0 1000.0 0 0
13 10004.95 1e+20 1.0 1000.0 0 0
14 10004.95 1e+20 1.0 1000.0 0 0
15 10004.95 1e+20 1.0 1000.0 0 0
16 10004.95 1e+20 1.0 1000.0 0 0
17 10004.95 1e+20 1.0 1000.0 0 0
18 10004.95 1e+20 1.0 1000.0 0 0
19 10004.95 1e+20 1.0 1000.0 0 0
20 10004.95 1e+20 1.0 1000.0 0 0
21 10004.95 1e+20 1.0 1000.0 0 0
22 10004.95 1e+20 1.0 1000.0 0 0
23 10004.95 1e+20 1.0 1000.0 0 0
24 10004.95 1e+20 1.0 1000.0 0 0
25 10004.95 1e+20 1.0 1000.0 0 0
26 10004.95 1e+20 1.0 1000.0 0 0
27 10004.95 1e+20 1.0 1000.0 0 0
28 10004.95 1e+20 1.0 1000.0 0 0
29 10004.95 1e+20 1.0 1000.0 0 0
30 10004.95 1e+20 1.0 1000.0 0 0
31 10004.95 1e+20 1.0 1000.0 0 0
32 10004.95 1e+20 1.0 1000.0 0 0
33 10004.95 1e+20 1.0 1000.0 0 0
34 10004.95 1e+20 1.0 1000.0 0 0
35 10004.95 1e+20 1.0 1000.0 0 0
36 10004.95 1e+20 1.0 1000.0 0 0
37 10004.95 1e+20 1.0 1000.0 0 0
38 10004.95 1e+20 1.0 1000.0 0 0
39 10004.95 1e+20 1.0 1000.0 0 0
40 10004.95 1e+20 1.0 1000.0 0 0
41 10004.95 1e+20 1.0 1000.0 0 0
42 10004.95 1e+20 1.0 1000.0 0 0
43 10004.95 1e+20 1.0 1000.0 0 0
44 10004.95 1e+20 1.0 1000.0 0 0
45 10004.95 1e+20 1.0 1000.0 0 0
46 10004.95 1e+20 1.0 1000.0 0 0
47 10004.95 1e+20 1.0 1000.0 0 0
48 10004.95 1e+20 1.0 1000.0 0 0
49 10004.95 1e+20 1.0 1000.0 0 0
50 10004.95 1e+20 1.0 1000.0 0 0
51 10004.95 1e+20 1.0 1000.0 0 0
52 10004.95 1e+20 1.0 1000.0 0 0
53 10004.95 1e+20 1.0 1000.0 0 0
54 10004.95 1e+20 1.0 1000.0 0 0
55 10004.95 1e+20 1.0 1000.0 0 0
56 10004.95 1e+20 1.0 1000.0 0 0
57 10004.95 1e+20 1.0 1000.0 0 0
58 10004.95 1e+20 1.0 1000.0 0 0
59 10004.95 1e+20 1.0 1000.0 0 0
60 10004.95 1e+20 1.0 1000.0 0 0
61 10004.95 1e+20 1.0 1000.0 0 0
62 10004.95 1e+20 1.0 1000.0 0 0
63 10004.95 1e+20 1.0 1000.0 0 0
64 10004.95 1e+20 1.0 1000.0 0 0
65 10004.95 1e+20 1.0 1000.0 0 0
66 10004.95 1e+20 1.0 1000.0 0 0
67 10004.95 1e+20 1.0 1000.0 0 0
68 10004.95 1e+20 1.0 1000.0 0 0
69 10004.95 1e+20 1.0 1000.0 0 0
70 10004.95 1e+20 1.0 1000.0 0 0
71 10004.95 1e+20 1.0 1000.0 0 0
72 10004.95 1e+20 1.0 1000.0 0 0
73 10004.95 1e+20 1.0 1000.0 0 0
74 10004.95 1e+20 1.0 1000.0 0 0
75 10004.95 1e+20 1.0 1000.0 0 0
76 10004.95 1e+20 1.0 1000.0 0 0
77 10004.95 1e+20 1.0 1000.0 0 0
78 10004.95 1e+20 1.0 1000.0 0 0
79 10004.95 1e+20 1.0 1000.0 0 0
80 10004.95 1e+20 1.0 1000.0 0 0
81 10004.95 1e+20 1.0 1000.0 0 0
82 10004.95 1e+20 1.0 1000.0 0 0
83 10004.95 1e+20 1.0 1000.0 0 0
84 10004.95 1e+20 1.0 1000.0 0 0
85 10004.95 1e+20 1.0 1000.0 0 0
86 10004.95 1e+20 1.0 1000.0 0 0
87 10004.95 1e+20 1.0 1000.0 0 0
88 10004.95 1e+20 1.0 1000.0 0 0
89 10004.95 1e+20 1.0 1000.0 0 0
90 10004.95 1e+20 1.0 1000.0 0 0
91 10004.95 1e+20 1.0 1000.0 0 0
92 10004.95 1e+20 1.0 1000.0 0 0
93 10004.95 1e+20 1.0 1000.0 0 0
94 10004.95 1e+20 1.0 1000.0 0 0
95 10004.95 1e+20 1.0 1000.0 0 0
96 10004.95 1e+20 1.0 1000.0 0 0
97 10004.95 1e+20 1.0 1000.0 0 0
98 10004.95 1e+20 1.0 1000.0 0 0
99 10004.95 1e+20 1.0 1000.0 0 0
100 10004.95 1e+20 1.0 1000.0 0 0
101 10004.95 1e+20 1.0 1000.0 0 0
102 10004.95 1e+20 1.0 1000.0 0 0
103 10004.95 1e+20 1.0 1000.0 0 0
104 10004.95 1e+20 1.0 1000.0 0 0
105 10004.95 1e+20 1.0 1000.0 0 0
106 10004.95 1e+20 1.0 1000.0 0 0
107 10004.95 1e+20 1.0 1000.0 0 0
108 10004.95 1e+20 1.0 1000.0 0 0
109 10004.95 1e+20 1.0 1000.0 0 0
110 10004.95 1e+20 1.0 1000.0 0 0
111 10004.95 1e+20 1.0 1000.0 0 0
112 10004.95 1e+20 1.0 1000.0 0 0
113 10004.95 1e+20 1.0 1000.0 0 0
114 10004.95 1e+20 1.0 1000.0 0 0
115 10004.95 1e+20 1.0 1000.0 0 0
116 10004.95 1e+20 1.0 1000.0 0 0
117 10004.95 1e+20 1.0 1000.0 0 0
118 10004.95 1e+20 1.0 1000.0 0 0
119 10004.95 1e+20 1.0 1000.0 0 0
120 10004.95 1e+20 1.0 1000.0 0 0
121 10004.95 1e+20 1.0 1000.0 0 0
122 10004.95 1e+20 1.0 1000.0 0 0
123 10004.95 1e+20 1.0 1000.0 0 0
124 10004.95 1e+20 1.0 1000.0 0 0
125 10004.95 1e+20 1.0 1000.0 0 0
126 10004.95 1e+20 1.0 1000.0 0 0
127 10004.95 1e+20 1.0 1000.0 0 0
128 10004.95 1e+20 1.0 1000.0 0 0
51515.15151515151
1 10005.049 1e+20 1.0 1000.0 0 0
2 10005.049 1e+20 1.0 1000.0 0 0
3 10005.049 1e+20 1.0 1000.0 0 0
4 10005.049 1e+20 1.0 1000.0 0 0
5 10005.049 1e+20 1.0 1000.0 0 0
6 10005.049 1e+20 1.0 1000.0 0 0
7 10005.049 1e+20 1.0 1000.0 0 0
8 10005.049 1e+20 1.0 1000.0 0 0
9 10005.049 1e+20 1.0 1000.0 0 0
10 10005.049 1e+20 1.0 1000.0 0 0
11 10005.049 1e+20 1.0 1000.0 0 0
12 10005.049 1e+20 1.0 1000.0 0 0
13 10005.049 1e+20 1.0 1000.0 0 0
14 10005.049 1e+20 1.0 1000.0 0 0
15 10005.049 1e+20 1.0 1000.0 0 0
16 10005.049 1e+20 1.0 1000.0 0 0
17 10005.049 1e+20 1.0 1000.0 0 0
18 10005.049 1e+20 1.0 1000.0 0 0
19 10005.049 1e+20 1.0 1000.0 0 0
20 10005.049 1e+20 1.0 1000.0 0 0
21 10005.049 1e+20 1.0 1000.0 0 0
22 10005.049 1e+20 1.0 1000.0 0 0
23 10005.049 1e+20 1.0 1000.0 0 0
24 10005.049 1e+20 1.0 1000.0 0 0
25 10005.049 1e+20 1.0 1000.0 0 0
26 10005.049 1e+20 1.0 1000.0 0 0
27 10005.049 1e+20 1.0 1000.0 0 0
28 10005.049 1e+20 1.0 1000.0 0 0
29 10005.049 1e+20 1.0 1000.0 0 0
30 10005.049 1e+20 1.0 1000.0 0 0
31 10005.049 1e+20 1.0 1000.0 0 0
32 10005.049 1e+20 1.0 1000.0 0 0
33 10005.049 1e+20 1.0 1000.0 0 0
34 10005.049 1e+20 1.0 1000.0 0 0
35 10005.049 1e+20 1.0 1000.0 0 0
36 10005.049 1e+20 1.0 1000.0 0 0
37 10005.049 1e+20 1.0 1000.0 0 0
38 10005.049 1e+20 1.0 1000.0 0 0
39 10005.049 1e+20 1.0 1000.0 0 0
40 10005.049 1e+20 1.0 1000.0 0 0
41 10005.049 1e+20 1.0 1000.0 0 0
42 10005.049 1e+20 1.0 1000.0 0 0
43 10005.049 1e+20 1.0 1000.0 0 0
44 10005.049 1e+20 1.0 1000.0 0 0
45 10005.049 1e+20 1.0 1000.0 0 0
46 10005.049 1e+20 1.0 1000.0 0 0
47 10005.049 1e+20 1.0 1000.0 0 0
48 10005.049 1e+20 1.0 1000.0 0 0
49 10005.049 1e+20 1.0 1000.0 0 0
50 10005.049 1e+20 1.0 1000.0 0 0
51 10005.049 1e+20 1.0 1000.0 0 0
52 10005.049 1e+20 1.0 1000.0 0 0
53 10005.049 1e+20 1.0 1000.0 0 0
54 10005.049 1e+20 1.0 1000.0 0 0
55 10005.049 1e+20 1.0 1000.0 0 0
56 10005.049 1e+20 1.0 1000.0 0 0
57 10005.049 1e+20 1.0 1000.0 0 0
58 10005.049 1e+20 1.0 1000.0 0 0
59 10005.049 1e+20 1.0 1000.0 0 0
60 10005.049 1e+20 1.0 1000.0 0 0
61 10005.049 1e+20 1.0 1000.0 0 0
62 10005.049 1e+20 1.0 1000.0 0 0
63 10005.049 1e+20 1.0 1000.0 0 0
64 10005.049 1e+20 1.0 1000.0 0 0
65 10005.049 1e+20 1.0 1000.0 0 0
66 10005.049 1e+20 1.0 1000.0 0 0
67 10005.049 1e+20 1.0 1000.0 0 0
68 10005.049 1e+20 1.0 1000.0 0 0
69 10005.049 1e+20 1.0 1000.0 0 0
70 10005.049 1e+20 1.0 1000.0 0 0
71 10005.049 1e+20 1.0 1000.0 0 0
72 10005.049 1e+20 1.0 1000.0 0 0
73 10005.049 1e+20 1.0 1000.0 0 0
74 10005.049 1e+20 1.0 1000.0 0 0
75 10005.049 1e+20 1.0 1000.0 0 0
76 10005.049 1e+20 1.0 1000.0 0 0
77 10005.049 1e+20 1.0 1000.0 0 0
78 10005.049 1e+20 1.0 1000.0 0 0
79 10005.049 1e+20 1.0 1000.0 0 0
80 10005.049 1e+20 1.0 1000.0 0 0
81 10005.049 1e+20 1.0 1000.0 0 0
82 10005.049 1e+20 1.0 1000.0 0 0
83 10005.049 1e+20 1.0 1000.0 0 0
84 10005.049 1e+20 1.0 1000.0 0 0
85 10005.049 1e+20 1.0 1000.0 0 0
86 10005.049 1e+20 1.0 1000.0 0 0
87 10005.049 1e+20 1.0 1000.0 0 0
88 10005.049 1e+20 1.0 1000.0 0 0
89 10005.049 1e+20 1.0 1000.0 0 0
90 10005.049 1e+20 1.0 1000.0 0 0
91 10005.049 1e+20 1.0 1000.0 0 0
92 10005.049 1e+20 1.0 1000.0 0 0
93 10005.049 1e+20 1.0 1000.0 0 0
94 10005.049 1e+20 1.0 1000.0 0 0
95 10005.049 1e+20 1.0 1000.0 0 0
96 10005.049 1e+20 1.0 1000.0 0 0
97 10005.049 1e+20 1.0 1000.0 0 0
98 10005.049 1e+20 1.0 1000.0 0 0
99 10005.049 1e+20 1.0 1000.0 0 0
100 10005.049 1e+20 1.0 1000.0 0 0
101 10005.049 1e+20 1.0 1000.0 0 0
102 10005.049 1e+20 1.0 1000.0 0 0
103 10005.049 1e+20 1.0 1000.0 0 0
104 10005.049 1e+20 1.0 1000.0 0 0
105 10005.049 1e+20 1.0 1000.0 0 0
106 10005.049 1e+20 1.0 1000.0 0 0
107 10005.049 1e+20 1.0 1000.0 0 0
108 10005.049 1e+20 1.0 1000.0 0 0
109 10005.049 1e+20 1.0 1000.0 0 0
110 10005.049 1e+20 1.0 1000.0 0 0
111 10005.049 1e+20 1.0 1000.0 0 0
112 10005.049 1e+20 1.0 1000.0 0 0
113 10005.049 1e+20 1.0 1000.0 0 0
114 10005.049 1e+20 1.0 1000.0 0 0
115 10005.049 1e+20 1.0 1000.0 0 0
116 10005.049 1e+20 1.0 1000.0 0 0
117 10005.049 1e+20 1.0 1000.0 0 0
118 10005.049 1e+20 1.0 1000.0 0 0
119 10005.049 1e+20 1.0 1000.0 0 0
120 10005.049 1e+20 1.0 1000.0 0 0
121 10005.049 1e+20 1.0 1000.0 0 0
122 10005.049 1e+20 1.0 1000.0 0 0
123 10005.049 1e+20 1.0 1000.0 0 0
124 10005.049 1e+20 1.0 1000.0 0 0
125 10005.049 1e+20 1.0 1000.0 0 0
126 10005.049 1e+20 1.0 1000.0 0 0
127 10005.049 1e+20 1.0 1000.0 0 0
128 10005.049 1e+20 1.0 1000.0 0 0
52525.25252525252
1 10005.148 1e+20 1.0 1000.0 0 0
2 10005.148 1e+20 1.0 1000.0 0 0
3 10005.148 1e+20 1.0 1000.0 0 0
4 10005.148 1e+20 1.0 1000.0 0 0
5 10005.148 1e+20 1.0 1000.0 0 0
6 10005.148 1e+20 1.0 1000.0 0 0
7 10005.148 1e+20 1.0 1000.0 0 0
8 10005.148 1e+20 1.0 1000.0 0 0
9 10005.148 1e+20 1.0 1000.0 0 0
10 10005.148 1e+20 1.0 1000.0 0 0
11 10005.148 1e+20 1.0 1000.0 0 0
12 10005.148 1e+20 1.0 1000.0 0 0
13 10005.148 1e+20 1.0 1000.0 0 0
14 10005.148 1e+20 1.0 1000.0 0 0
15 10005.148 1e+20 1.0 1000.0 0 0
16 10005.148 1e+20 1.0 1000.0 0 0
17 10005.148 1e+20 1.0 1000.0 0 0
18 10005.148 1e+20 1.0 1000.0 0 0
19 10005.148 1e+20 1.0 1000.0 0 0
20 10005.148 1e+20 1.0 1000.0 0 0
21 10005.148 1e+20 1.0 1000.0 0 0
22 10005.148 1e+20 1.0 1000.0 0 0
23 10005.148 1e+20 1.0 1000.0 0 0
24 10005.148 1e+20 1.0 1000.0 0 0
25 10005.148 1e+20 1.0 1000.0 0 0
26 10005.148 1e+20 1.0 1000.0 0 0
27 10005.148 1e+20 1.0 1000.0 0 0
28 10005.148 1e+20 1.0 1000.0 0 0
29 10005.148 1e+20 1.0 1000.0 0 0
30 10005.148 1e+20 1.0 1000.0 0 0
31 10005.148 1e+20 1.0 1000.0 0 0
32 10005.148 1e+20 1.0 1000.0 0 0
33 10005.148 1e+20 1.0 1000.0 0 0
34 10005.148 1e+20 1.0 1000.0 0 0
35 10005.148 1e+20 1.0 1000.0 0 0
36 10005.148 1e+20 1.0 1000.0 0 0
37 10005.148 1e+20 1.0 1000.0 0 0
38 10005.148 1e+20 1.0 1000.0 0 0
39 10005.148 1e+20 1.0 1000.0 0 0
40 10005.148 1e+20 1.0 1000.0 0 0
41 10005.148 1e+20 1.0 1000.0 0 0
42 10005.148 1e+20 1.0 1000.0 0 0
43 10005.148 1e+20 1.0 1000.0 0 0
44 10005.148 1e+20 1.0 1000.0 0 0
45 10005.148 1e+20 1.0 1000.0 0 0
46 10005.148 1e+20 1.0 1000.0 0 0
47 10005.148 1e+20 1.0 1000.0 0 0
48 10005.148 1e+20 1.0 1000.0 0 0
49 10005.148 1e+20 1.0 1000.0 0 0
50 10005.148 1e+20 1.0 1000.0 0 0
51 10005.148 1e+20 1.0 1000.0 0 0
52 10005.148 1e+20 1.0 1000.0 0 0
53 10005.148 1e+20 1.0 1000.0 0 0
54 10005.148 1e+20 1.0 1000.0 0 0
55 10005.148 1e+20 1.0 1000.0 0 0
56 10005.148 1e+20 1.0 1000.0 0 0
57 10005.148 1e+20 1.0 1000.0 0 0
58 10005.148 1e+20 1.0 1000.0 0 0
59 10005.148 1e+20 1.0 1000.0 0 0
60 10005.148 1e+20 1.0 1000.0 0 0
61 10005.148 1e+20 1.0 1000.0 0 0
62 10005.148 1e+20 1.0 1000.0 0 0
63 10005.148 1e+20 1.0 1000.0 0 0
64 10005.148 1e+20 1.0 1000.0 0 0
65 10005.148 1e+20 1.0 1000.0 0 0
66 10005.148 1e+20 1.0 1000.0 0 0
67 10005.148 1e+20 1.0 1000.0 0 0
68 10005.148 1e+20 1.0 1000.0 0 0
69 10005.148 1e+20 1.0 1000.0 0 0
70 10005.148 1e+20 1.0 1000.0 0 0
71 10005.148 1e+20 1.0 1000.0 0 0
72 10005.148 1e+20 1.0 1000.0 0 0
73 10005.148 1e+20 1.0 1000.0 0 0
74 10005.148 1e+20 1.0 1000.0 0 0
75 10005.148 1e+20 1.0 1000.0 0 0
76 10005.148 1e+20 1.0 1000.0 0 0
77 10005.148 1e+20 1.0 1000.0 0 0
78 10005.148 1e+20 1.0 1000.0 0 0
79 10005.148 1e+20 1.0 1000.0 0 0
80 10005.148 1e+20 1.0 1000.0 0 0
81 10005.148 1e+20 1.0 1000.0 0 0
82 10005.148 1e+20 1.0 1000.0 0 0
83 10005.148 1e+20 1.0 1000.0 0 0
84 10005.148 1e+20 1.0 1000.0 0 0
85 10005.148 1e+20 1.0 1000.0 0 0
86 10005.148 1e+20 1.0 1000.0 0 0
87 10005.148 1e+20 1.0 1000.0 0 0
88 10005.148 1e+20 1.0 1000.0 0 0
89 10005.148 1e+20 1.0 1000.0 0 0
90 10005.148 1e+20 1.0 1000.0 0 0
91 10005.148 1e+20 1.0 1000.0 0 0
92 10005.148 1e+20 1.0 1000.0 0 0
93 10005.148 1e+20 1.0 1000.0 0 0
94 10005.148 1e+20 1.0 1000.0 0 0
95 10005.148 1e+20 1.0 1000.0 0 0
96 10005.148 1e+20 1.0 1000.0 0 0
97 10005.148 1e+20 1.0 1000.0 0 0
98 10005.148 1e+20 1.0 1000.0 0 0
99 10005.148 1e+20 1.0 1000.0 0 0
100 10005.148 1e+20 1.0 1000.0 0 0
101 10005.148 1e+20 1.0 1000.0 0 0
102 10005.148 1e+20 1.0 1000.0 0 0
103 10005.148 1e+20 1.0 1000.0 0 0
104 10005.148 1e+20 1.0 1000.0 0 0
105 10005.148 1e+20 1.0 1000.0 0 0
106 10005.148 1e+20 1.0 1000.0 0 0
107 10005.148 1e+20 1.0 1000.0 0 0
108 10005.148 1e+20 1.0 1000.0 0 0
109 10005.148 1e+20 1.0 1000.0 0 0
110 10005.148 1e+20 1.0 1000.0 0 0
111 10005.148 1e+20 1.0 1000.0 0 0
112 10005.148 1e+20 1.0 1000.0 0 0
113 10005.148 1e+20 1.0 1000.0 0 0
114 10005.148 1e+20 1.0 1000.0 0 0
115 10005.148 1e+20 1.0 1000.0 0 0
116 10005.148 1e+20 1.0 1000.0 0 0
117 10005.148 1e+20 1.0 1000.0 0 0
118 10005.148 1e+20 1.0 1000.0 0 0
119 10005.148 1e+20 1.0 1000.0 0 0
120 10005.148 1e+20 1.0 1000.0 0 0
121 10005.148 1e+20 1.0 1000.0 0 0
122 10005.148 1e+20 1.0 1000.0 0 0
123 10005.148 1e+20 1.0 1000.0 0 0
124 10005.148 1e+20 1.0 1000.0 0 0
125 10005.148 1e+20 1.0 1000.0 0 0
126 10005.148 1e+20 1.0 1000.0 0 0
127 10005.148 1e+20 1.0 1000.0 0 0
128 10005.148 1e+20 1.0 1000.0 0 0
53535.35353535353
1 10005.247 1e+20 1.0 1000.0 0 0
2 10005.247 1e+20 1.0 1000.0 0 0
3 10005.247 1e+20 1.0 1000.0 0 0
4 10005.247 1e+20 1.0 1000.0 0 0
5 10005.247 1e+20 1.0 1000.0 0 0
6 10005.247 1e+20 1.0 1000.0 0 0
7 10005.247 1e+20 1.0 1000.0 0 0
8 10005.247 1e+20 1.0 1000.0 0 0
9 10005.247 1e+20 1.0 1000.0 0 0
10 10005.247 1e+20 1.0 1000.0 0 0
11 10005.247 1e+20 1.0 1000.0 0 0
12 10005.247 1e+20 1.0 1000.0 0 0
13 10005.247 1e+20 1.0 1000.0 0 0
14 10005.247 1e+20 1.0 1000.0 0 0
15 10005.247 1e+20 1.0 1000.0 0 0
16 10005.247 1e+20 1.0 1000.0 0 0
17 10005.247 1e+20 1.0 1000.0 0 0
18 10005.247 1e+20 1.0 1000.0 0 0
19 10005.247 1e+20 1.0 1000.0 0 0
20 10005.247 1e+20 1.0 1000.0 0 0
21 10005.247 1e+20 1.0 1000.0 0 0
22 10005.247 1e+20 1.0 1000.0 0 0
23 10005.247 1e+20 1.0 1000.0 0 0
24 10005.247 1e+20 1.0 1000.0 0 0
25 10005.247 1e+20 1.0 1000.0 0 0
26 10005.247 1e+20 1.0 1000.0 0 0
27 10005.247 1e+20 1.0 1000.0 0 0
28 10005.247 1e+20 1.0 1000.0 0 0
29 10005.247 1e+20 1.0 1000.0 0 0
30 10005.247 1e+20 1.0 1000.0 0 0
31 10005.247 1e+20 1.0 1000.0 0 0
32 10005.247 1e+20 1.0 1000.0 0 0
33 10005.247 1e+20 1.0 1000.0 0 0
34 10005.247 1e+20 1.0 1000.0 0 0
35 10005.247 1e+20 1.0 1000.0 0 0
36 10005.247 1e+20 1.0 1000.0 0 0
37 10005.247 1e+20 1.0 1000.0 0 0
38 10005.247 1e+20 1.0 1000.0 0 0
39 10005.247 1e+20 1.0 1000.0 0 0
40 10005.247 1e+20 1.0 1000.0 0 0
41 10005.247 1e+20 1.0 1000.0 0 0
42 10005.247 1e+20 1.0 1000.0 0 0
43 10005.247 1e+20 1.0 1000.0 0 0
44 10005.247 1e+20 1.0 1000.0 0 0
45 10005.247 1e+20 1.0 1000.0 0 0
46 10005.247 1e+20 1.0 1000.0 0 0
47 10005.247 1e+20 1.0 1000.0 0 0
48 10005.247 1e+20 1.0 1000.0 0 0
49 10005.247 1e+20 1.0 1000.0 0 0
50 10005.247 1e+20 1.0 1000.0 0 0
51 10005.247 1e+20 1.0 1000.0 0 0
52 10005.247 1e+20 1.0 1000.0 0 0
53 10005.247 1e+20 1.0 1000.0 0 0
54 10005.247 1e+20 1.0 1000.0 0 0
55 10005.247 1e+20 1.0 1000.0 0 0
56 10005.247 1e+20 1.0 1000.0 0 0
57 10005.247 1e+20 1.0 1000.0 0 0
58 10005.247 1e+20 1.0 1000.0 0 0
59 10005.247 1e+20 1.0 1000.0 0 0
60 10005.247 1e+20 1.0 1000.0 0 0
61 10005.247 1e+20 1.0 1000.0 0 0
62 10005.247 1e+20 1.0 1000.0 0 0
63 10005.247 1e+20 1.0 1000.0 0 0
64 10005.247 1e+20 1.0 1000.0 0 0
65 10005.247 1e+20 1.0 1000.0 0 0
66 10005.247 1e+20 1.0 1000.0 0 0
67 10005.247 1e+20 1.0 1000.0 0 0
68 10005.247 1e+20 1.0 1000.0 0 0
69 10005.247 1e+20 1.0 1000.0 0 0
70 10005.247 1e+20 1.0 1000.0 0 0
71 10005.247 1e+20 1.0 1000.0 0 0
72 10005.247 1e+20 1.0 1000.0 0 0
73 10005.247 1e+20 1.0 1000.0 0 0
74 10005.247 1e+20 1.0 1000.0 0 0
75 10005.247 1e+20 1.0 1000.0 0 0
76 10005.247 1e+20 1.0 1000.0 0 0
77 10005.247 1e+20 1.0 1000.0 0 0
78 10005.247 1e+20 1.0 1000.0 0 0
79 10005.247 1e+20 1.0 1000.0 0 0
80 10005.247 1e+20 1.0 1000.0 0 0
81 10005.247 1e+20 1.0 1000.0 0 0
82 10005.247 1e+20 1.0 1000.0 0 0
83 10005.247 1e+20 1.0 1000.0 0 0
84 10005.247 1e+20 1.0 1000.0 0 0
85 10005.247 1e+20 1.0 1000.0 0 0
86 10005.247 1e+20 1.0 1000.0 0 0
87 10005.247 1e+20 1.0 1000.0 0 0
88 10005.247 1e+20 1.0 1000.0 0 0
89 10005.247 1e+20 1.0 1000.0 0 0
90 10005.247 1e+20 1.0 1000.0 0 0
91 10005.247 1e+20 1.0 1000.0 0 0
92 10005.247 1e+20 1.0 1000.0 0 0
93 10005.247 1e+20 1.0 1000.0 0 0
94 10005.247 1e+20 1.0 1000.0 0 0
95 10005.247 1e+20 1.0 1000.0 0 0
96 10005.247 1e+20 1.0 1000.0 0 0
97 10005.247 1e+20 1.0 1000.0 0 0
98 10005.247 1e+20 1.0 1000.0 0 0
99 10005.247 1e+20 1.0 1000.0 0 0
100 10005.247 1e+20 1.0 1000.0 0 0
101 10005.247 1e+20 1.0 1000.0 0 0
102 10005.247 1e+20 1.0 1000.0 0 0
103 10005.247 1e+20 1.0 1000.0 0 0
104 10005.247 1e+20 1.0 1000.0 0 0
105 10005.247 1e+20 1.0 1000.0 0 0
106 10005.247 1e+20 1.0 1000.0 0 0
107 10005.247 1e+20 1.0 1000.0 0 0
108 10005.247 1e+20 1.0 1000.0 0 0
109 10005.247 1e+20 1.0 1000.0 0 0
110 10005.247 1e+20 1.0 1000.0 0 0
111 10005.247 1e+20 1.0 1000.0 0 0
112 10005.247 1e+20 1.0 1000.0 0 0
113 10005.247 1e+20 1.0 1000.0 0 0
114 10005.247 1e+20 1.0 1000.0 0 0
115 10005.247 1e+20 1.0 1000.0 0 0
116 10005.247 1e+20 1.0 1000.0 0 0
117 10005.247 1e+20 1.0 1000.0 0 0
118 10005.247 1e+20 1.0 1000.0 0 0
119 10005.247 1e+20 1.0 1000.0 0 0
120 10005.247 1e+20 1.0 1000.0 0 0
121 10005.247 1e+20 1.0 1000.0 0 0
122 10005.247 1e+20 1.0 1000.0 0 0
123 10005.247 1e+20 1.0 1000.0 0 0
124 10005.247 1e+20 1.0 1000.0 0 0
125 10005.247 1e+20 1.0 1000.0 0 0
126 10005.247 1e+20 1.0 1000.0 0 0
127 10005.247 1e+20 1.0 1000.0 0 0
128 10005.247 1e+20 1.0 1000.0 0 0
54545.454545454544
1 10005.346 1e+20 1.0 1000.0 0 0
2 10005.346 1e+20 1.0 1000.0 0 0
3 10005.346 1e+20 1.0 1000.0 0 0
4 10005.346 1e+20 1.0 1000.0 0 0
5 10005.346 1e+20 1.0 1000.0 0 0
6 10005.346 1e+20 1.0 1000.0 0 0
7 10005.346 1e+20 1.0 1000.0 0 0
8 10005.346 1e+20 1.0 1000.0 0 0
9 10005.346 1e+20 1.0 1000.0 0 0
10 10005.346 1e+20 1.0 1000.0 0 0
11 10005.346 1e+20 1.0 1000.0 0 0
12 10005.346 1e+20 1.0 1000.0 0 0
13 10005.346 1e+20 1.0 1000.0 0 0
14 10005.346 1e+20 1.0 1000.0 0 0
15 10005.346 1e+20 1.0 1000.0 0 0
16 10005.346 1e+20 1.0 1000.0 0 0
17 10005.346 1e+20 1.0 1000.0 0 0
18 10005.346 1e+20 1.0 1000.0 0 0
19 10005.346 1e+20 1.0 1000.0 0 0
20 10005.346 1e+20 1.0 1000.0 0 0
21 10005.346 1e+20 1.0 1000.0 0 0
22 10005.346 1e+20 1.0 1000.0 0 0
23 10005.346 1e+20 1.0 1000.0 0 0
24 10005.346 1e+20 1.0 1000.0 0 0
25 10005.346 1e+20 1.0 1000.0 0 0
26 10005.346 1e+20 1.0 1000.0 0 0
27 10005.346 1e+20 1.0 1000.0 0 0
28 10005.346 1e+20 1.0 1000.0 0 0
29 10005.346 1e+20 1.0 1000.0 0 0
30 10005.346 1e+20 1.0 1000.0 0 0
31 10005.346 1e+20 1.0 1000.0 0 0
32 10005.346 1e+20 1.0 1000.0 0 0
33 10005.346 1e+20 1.0 1000.0 0 0
34 10005.346 1e+20 1.0 1000.0 0 0
35 10005.346 1e+20 1.0 1000.0 0 0
36 10005.346 1e+20 1.0 1000.0 0 0
37 10005.346 1e+20 1.0 1000.0 0 0
38 10005.346 1e+20 1.0 1000.0 0 0
39 10005.346 1e+20 1.0 1000.0 0 0
40 10005.346 1e+20 1.0 1000.0 0 0
41 10005.346 1e+20 1.0 1000.0 0 0
42 10005.346 1e+20 1.0 1000.0 0 0
43 10005.346 1e+20 1.0 1000.0 0 0
44 10005.346 1e+20 1.0 1000.0 0 0
45 10005.346 1e+20 1.0 1000.0 0 0
46 10005.346 1e+20 1.0 1000.0 0 0
47 10005.346 1e+20 1.0 1000.0 0 0
48 10005.346 1e+20 1.0 1000.0 0 0
49 10005.346 1e+20 1.0 1000.0 0 0
50 10005.346 1e+20 1.0 1000.0 0 0
51 10005.346 1e+20 1.0 1000.0 0 0
52 10005.346 1e+20 1.0 1000.0 0 0
53 10005.346 1e+20 1.0 1000.0 0 0
54 10005.346 1e+20 1.0 1000.0 0 0
55 10005.346 1e+20 1.0 1000.0 0 0
56 10005.346 1e+20 1.0 1000.0 0 0
57 10005.346 1e+20 1.0 1000.0 0 0
58 10005.346 1e+20 1.0 1000.0 0 0
59 10005.346 1e+20 1.0 1000.0 0 0
60 10005.346 1e+20 1.0 1000.0 0 0
61 10005.346 1e+20 1.0 1000.0 0 0
62 10005.346 1e+20 1.0 1000.0 0 0
63 10005.346 1e+20 1.0 1000.0 0 0
64 10005.346 1e+20 1.0 1000.0 0 0
65 10005.346 1e+20 1.0 1000.0 0 0
66 10005.346 1e+20 1.0 1000.0 0 0
67 10005.346 1e+20 1.0 1000.0 0 0
68 10005.346 1e+20 1.0 1000.0 0 0
69 10005.346 1e+20 1.0 1000.0 0 0
70 10005.346 1e+20 1.0 1000.0 0 0
71 10005.346 1e+20 1.0 1000.0 0 0
72 10005.346 1e+20 1.0 1000.0 0 0
73 10005.346 1e+20 1.0 1000.0 0 0
74 10005.346 1e+20 1.0 1000.0 0 0
75 10005.346 1e+20 1.0 1000.0 0 0
76 10005.346 1e+20 1.0 1000.0 0 0
77 10005.346 1e+20 1.0 1000.0 0 0
78 10005.346 1e+20 1.0 1000.0 0 0
79 10005.346 1e+20 1.0 1000.0 0 0
80 10005.346 1e+20 1.0 1000.0 0 0
81 10005.346 1e+20 1.0 1000.0 0 0
82 10005.346 1e+20 1.0 1000.0 0 0
83 10005.346 1e+20 1.0 1000.0 0 0
84 10005.346 1e+20 1.0 1000.0 0 0
85 10005.346 1e+20 1.0 1000.0 0 0
86 10005.346 1e+20 1.0 1000.0 0 0
87 10005.346 1e+20 1.0 1000.0 0 0
88 10005.346 1e+20 1.0 1000.0 0 0
89 10005.346 1e+20 1.0 1000.0 0 0
90 10005.346 1e+20 1.0 1000.0 0 0
91 10005.346 1e+20 1.0 1000.0 0 0
92 10005.346 1e+20 1.0 1000.0 0 0
93 10005.346 1e+20 1.0 1000.0 0 0
94 10005.346 1e+20 1.0 1000.0 0 0
95 10005.346 1e+20 1.0 1000.0 0 0
96 10005.346 1e+20 1.0 1000.0 0 0
97 10005.346 1e+20 1.0 1000.0 0 0
98 10005.346 1e+20 1.0 1000.0 0 0
99 10005.346 1e+20 1.0 1000.0 0 0
100 10005.346 1e+20 1.0 1000.0 0 0
101 10005.346 1e+20 1.0 1000.0 0 0
102 10005.346 1e+20 1.0 1000.0 0 0
103 10005.346 1e+20 1.0 1000.0 0 0
104 10005.346 1e+20 1.0 1000.0 0 0
105 10005.346 1e+20 1.0 1000.0 0 0
106 10005.346 1e+20 1.0 1000.0 0 0
107 10005.346 1e+20 1.0 1000.0 0 0
108 10005.346 1e+20 1.0 1000.0 0 0
109 10005.346 1e+20 1.0 1000.0 0 0
110 10005.346 1e+20 1.0 1000.0 0 0
111 10005.346 1e+20 1.0 1000.0 0 0
112 10005.346 1e+20 1.0 1000.0 0 0
113 10005.346 1e+20 1.0 1000.0 0 0
114 10005.346 1e+20 1.0 1000.0 0 0
115 10005.346 1e+20 1.0 1000.0 0 0
116 10005.346 1e+20 1.0 1000.0 0 0
117 10005.346 1e+20 1.0 1000.0 0 0
118 10005.346 1e+20 1.0 1000.0 0 0
119 10005.346 1e+20 1.0 1000.0 0 0
120 10005.346 1e+20 1.0 1000.0 0 0
121 10005.346 1e+20 1.0 1000.0 0 0
122 10005.346 1e+20 1.0 1000.0 0 0
123 10005.346 1e+20 1.0 1000.0 0 0
124 10005.346 1e+20 1.0 1000.0 0 0
125 10005.346 1e+20 1.0 1000.0 0 0
126 10005.346 1e+20 1.0 1000.0 0 0
127 10005.346 1e+20 1.0 1000.0 0 0
128 10005.346 1e+20 1.0 1000.0 0 0
55555.555555555555
1 10005.445 1e+20 1.0 1000.0 0 0
2 10005.445 1e+20 1.0 1000.0 0 0
3 10005.445 1e+20 1.0 1000.0 0 0
4 10005.445 1e+20 1.0 1000.0 0 0
5 10005.445 1e+20 1.0 1000.0 0 0
6 10005.445 1e+20 1.0 1000.0 0 0
7 10005.445 1e+20 1.0 1000.0 0 0
8 10005.445 1e+20 1.0 1000.0 0 0
9 10005.445 1e+20 1.0 1000.0 0 0
10 10005.445 1e+20 1.0 1000.0 0 0
11 10005.445 1e+20 1.0 1000.0 0 0
12 10005.445 1e+20 1.0 1000.0 0 0
13 10005.445 1e+20 1.0 1000.0 0 0
14 10005.445 1e+20 1.0 1000.0 0 0
15 10005.445 1e+20 1.0 1000.0 0 0
16 10005.445 1e+20 1.0 1000.0 0 0
17 10005.445 1e+20 1.0 1000.0 0 0
18 10005.445 1e+20 1.0 1000.0 0 0
19 10005.445 1e+20 1.0 1000.0 0 0
20 10005.445 1e+20 1.0 1000.0 0 0
21 10005.445 1e+20 1.0 1000.0 0 0
22 10005.445 1e+20 1.0 1000.0 0 0
23 10005.445 1e+20 1.0 1000.0 0 0
24 10005.445 1e+20 1.0 1000.0 0 0
25 10005.445 1e+20 1.0 1000.0 0 0
26 10005.445 1e+20 1.0 1000.0 0 0
27 10005.445 1e+20 1.0 1000.0 0 0
28 10005.445 1e+20 1.0 1000.0 0 0
29 10005.445 1e+20 1.0 1000.0 0 0
30 10005.445 1e+20 1.0 1000.0 0 0
31 10005.445 1e+20 1.0 1000.0 0 0
32 10005.445 1e+20 1.0 1000.0 0 0
33 10005.445 1e+20 1.0 1000.0 0 0
34 10005.445 1e+20 1.0 1000.0 0 0
35 10005.445 1e+20 1.0 1000.0 0 0
36 10005.445 1e+20 1.0 1000.0 0 0
37 10005.445 1e+20 1.0 1000.0 0 0
38 10005.445 1e+20 1.0 1000.0 0 0
39 10005.445 1e+20 1.0 1000.0 0 0
40 10005.445 1e+20 1.0 1000.0 0 0
41 10005.445 1e+20 1.0 1000.0 0 0
42 10005.445 1e+20 1.0 1000.0 0 0
43 10005.445 1e+20 1.0 1000.0 0 0
44 10005.445 1e+20 1.0 1000.0 0 0
45 10005.445 1e+20 1.0 1000.0 0 0
46 10005.445 1e+20 1.0 1000.0 0 0
47 10005.445 1e+20 1.0 1000.0 0 0
48 10005.445 1e+20 1.0 1000.0 0 0
49 10005.445 1e+20 1.0 1000.0 0 0
50 10005.445 1e+20 1.0 1000.0 0 0
51 10005.445 1e+20 1.0 1000.0 0 0
52 10005.445 1e+20 1.0 1000.0 0 0
53 10005.445 1e+20 1.0 1000.0 0 0
54 10005.445 1e+20 1.0 1000.0 0 0
55 10005.445 1e+20 1.0 1000.0 0 0
56 10005.445 1e+20 1.0 1000.0 0 0
57 10005.445 1e+20 1.0 1000.0 0 0
58 10005.445 1e+20 1.0 1000.0 0 0
59 10005.445 1e+20 1.0 1000.0 0 0
60 10005.445 1e+20 1.0 1000.0 0 0
61 10005.445 1e+20 1.0 1000.0 0 0
62 10005.445 1e+20 1.0 1000.0 0 0
63 10005.445 1e+20 1.0 1000.0 0 0
64 10005.445 1e+20 1.0 1000.0 0 0
65 10005.445 1e+20 1.0 1000.0 0 0
66 10005.445 1e+20 1.0 1000.0 0 0
67 10005.445 1e+20 1.0 1000.0 0 0
68 10005.445 1e+20 1.0 1000.0 0 0
69 10005.445 1e+20 1.0 1000.0 0 0
70 10005.445 1e+20 1.0 1000.0 0 0
71 10005.445 1e+20 1.0 1000.0 0 0
72 10005.445 1e+20 1.0 1000.0 0 0
73 10005.445 1e+20 1.0 1000.0 0 0
74 10005.445 1e+20 1.0 1000.0 0 0
75 10005.445 1e+20 1.0 1000.0 0 0
76 10005.445 1e+20 1.0 1000.0 0 0
77 10005.445 1e+20 1.0 1000.0 0 0
78 10005.445 1e+20 1.0 1000.0 0 0
79 10005.445 1e+20 1.0 1000.0 0 0
80 10005.445 1e+20 1.0 1000.0 0 0
81 10005.445 1e+20 1.0 1000.0 0 0
82 10005.445 1e+20 1.0 1000.0 0 0
83 10005.445 1e+20 1.0 1000.0 0 0
84 10005.445 1e+20 1.0 1000.0 0 0
85 10005.445 1e+20 1.0 1000.0 0 0
86 10005.445 1e+20 1.0 1000.0 0 0
87 10005.445 1e+20 1.0 1000.0 0 0
88 10005.445 1e+20 1.0 1000.0 0 0
89 10005.445 1e+20 1.0 1000.0 0 0
90 10005.445 1e+20 1.0 1000.0 0 0
91 10005.445 1e+20 1.0 1000.0 0 0
92 10005.445 1e+20 1.0 1000.0 0 0
93 10005.445 1e+20 1.0 1000.0 0 0
94 10005.445 1e+20 1.0 1000.0 0 0
95 10005.445 1e+20 1.0 1000.0 0 0
96 10005.445 1e+20 1.0 1000.0 0 0
97 10005.445 1e+20 1.0 1000.0 0 0
98 10005.445 1e+20 1.0 1000.0 0 0
99 10005.445 1e+20 1.0 1000.0 0 0
100 10005.445 1e+20 1.0 1000.0 0 0
101 10005.445 1e+20 1.0 1000.0 0 0
102 10005.445 1e+20 1.0 1000.0 0 0
103 10005.445 1e+20 1.0 1000.0 0 0
104 10005.445 1e+20 1.0 1000.0 0 0
105 10005.445 1e+20 1.0 1000.0 0 0
106 10005.445 1e+20 1.0 1000.0 0 0
107 10005.445 1e+20 1.0 1000.0 0 0
108 10005.445 1e+20 1.0 1000.0 0 0
109 10005.445 1e+20 1.0 1000.0 0 0
110 10005.445 1e+20 1.0 1000.0 0 0
111 10005.445 1e+20 1.0 1000.0 0 0
112 10005.445 1e+20 1.0 1000.0 0 0
113 10005.445 1e+20 1.0 1000.0 0 0
114 10005.445 1e+20 1.0 1000.0 0 0
115 10005.445 1e+20 1.0 1000.0 0 0
116 10005.445 1e+20 1.0 1000.0 0 0
117 10005.445 1e+20 1.0 1000.0 0 0
118 10005.445 1e+20 1.0 1000.0 0 0
119 10005.445 1e+20 1.0 1000.0 0 0
120 10005.445 1e+20 1.0 1000.0 0 0
121 10005.445 1e+20 1.0 1000.0 0 0
122 10005.445 1e+20 1.0 1000.0 0 0
123 10005.445 1e+20 1.0 1000.0 0 0
124 10005.445 1e+20 1.0 1000.0 0 0
125 10005.445 1e+20 1.0 1000.0 0 0
126 10005.445 1e+20 1.0 1000.0 0 0
127 10005.445 1e+20 1.0 1000.0 0 0
128 10005.445 1e+20 1.0 1000.0 0 0
56565.656565656565
1 10005.544 1e+20 1.0 1000.0 0 0
2 10005.544 1e+20 1.0 1000.0 0 0
3 10005.544 1e+20 1.0 1000.0 0 0
4 10005.544 1e+20 1.0 1000.0 0 0
5 10005.544 1e+20 1.0 1000.0 0 0
6 10005.544 1e+20 1.0 1000.0 0 0
7 10005.544 1e+20 1.0 1000.0 0 0
8 10005.544 1e+20 1.0 1000.0 0 0
9 10005.544 1e+20 1.0 1000.0 0 0
10 10005.544 1e+20 1.0 1000.0 0 0
11 10005.544 1e+20 1.0 1000.0 0 0
12 10005.544 1e+20 1.0 1000.0 0 0
13 10005.544 1e+20 1.0 1000.0 0 0
14 10005.544 1e+20 1.0 1000.0 0 0
15 10005.544 1e+20 1.0 1000.0 0 0
16 10005.544 1e+20 1.0 1000.0 0 0
17 10005.544 1e+20 1.0 1000.0 0 0
18 10005.544 1e+20 1.0 1000.0 0 0
19 10005.544 1e+20 1.0 1000.0 0 0
20 10005.544 1e+20 1.0 1000.0 0 0
21 10005.544 1e+20 1.0 1000.0 0 0
22 10005.544 1e+20 1.0 1000.0 0 0
23 10005.544 1e+20 1.0 1000.0 0 0
24 10005.544 1e+20 1.0 1000.0 0 0
25 10005.544 1e+20 1.0 1000.0 0 0
26 10005.544 1e+20 1.0 1000.0 0 0
27 10005.544 1e+20 1.0 1000.0 0 0
28 10005.544 1e+20 1.0 1000.0 0 0
29 10005.544 1e+20 1.0 1000.0 0 0
30 10005.544 1e+20 1.0 1000.0 0 0
31 10005.544 1e+20 1.0 1000.0 0 0
32 10005.544 1e+20 1.0 1000.0 0 0
33 10005.544 1e+20 1.0 1000.0 0 0
34 10005.544 1e+20 1.0 1000.0 0 0
35 10005.544 1e+20 1.0 1000.0 0 0
36 10005.544 1e+20 1.0 1000.0 0 0
37 10005.544 1e+20 1.0 1000.0 0 0
38 10005.544 1e+20 1.0 1000.0 0 0
39 10005.544 1e+20 1.0 1000.0 0 0
40 10005.544 1e+20 1.0 1000.0 0 0
41 10005.544 1e+20 1.0 1000.0 0 0
42 10005.544 1e+20 1.0 1000.0 0 0
43 10005.544 1e+20 1.0 1000.0 0 0
44 10005.544 1e+20 1.0 1000.0 0 0
45 10005.544 1e+20 1.0 1000.0 0 0
46 10005.544 1e+20 1.0 1000.0 0 0
47 10005.544 1e+20 1.0 1000.0 0 0
48 10005.544 1e+20 1.0 1000.0 0 0
49 10005.544 1e+20 1.0 1000.0 0 0
50 10005.544 1e+20 1.0 1000.0 0 0
51 10005.544 1e+20 1.0 1000.0 0 0
52 10005.544 1e+20 1.0 1000.0 0 0
53 10005.544 1e+20 1.0 1000.0 0 0
54 10005.544 1e+20 1.0 1000.0 0 0
55 10005.544 1e+20 1.0 1000.0 0 0
56 10005.544 1e+20 1.0 1000.0 0 0
57 10005.544 1e+20 1.0 1000.0 0 0
58 10005.544 1e+20 1.0 1000.0 0 0
59 10005.544 1e+20 1.0 1000.0 0 0
60 10005.544 1e+20 1.0 1000.0 0 0
61 10005.544 1e+20 1.0 1000.0 0 0
62 10005.544 1e+20 1.0 1000.0 0 0
63 10005.544 1e+20 1.0 1000.0 0 0
64 10005.544 1e+20 1.0 1000.0 0 0
65 10005.544 1e+20 1.0 1000.0 0 0
66 10005.544 1e+20 1.0 1000.0 0 0
67 10005.544 1e+20 1.0 1000.0 0 0
68 10005.544 1e+20 1.0 1000.0 0 0
69 10005.544 1e+20 1.0 1000.0 0 0
70 10005.544 1e+20 1.0 1000.0 0 0
71 10005.544 1e+20 1.0 1000.0 0 0
72 10005.544 1e+20 1.0 1000.0 0 0
73 10005.544 1e+20 1.0 1000.0 0 0
74 10005.544 1e+20 1.0 1000.0 0 0
75 10005.544 1e+20 1.0 1000.0 0 0
76 10005.544 1e+20 1.0 1000.0 0 0
77 10005.544 1e+20 1.0 1000.0 0 0
78 10005.544 1e+20 1.0 1000.0 0 0
79 10005.544 1e+20 1.0 1000.0 0 0
80 10005.544 1e+20 1.0 1000.0 0 0
81 10005.544 1e+20 1.0 1000.0 0 0
82 10005.544 1e+20 1.0 1000.0 0 0
83 10005.544 1e+20 1.0 1000.0 0 0
84 10005.544 1e+20 1.0 1000.0 0 0
85 10005.544 1e+20 1.0 1000.0 0 0
86 10005.544 1e+20 1.0 1000.0 0 0
87 10005.544 1e+20 1.0 1000.0 0 0
88 10005.544 1e+20 1.0 1000.0 0 0
89 10005.544 1e+20 1.0 1000.0 0 0
90 10005.544 1e+20 1.0 1000.0 0 0
91 10005.544 1e+20 1.0 1000.0 0 0
92 10005.544 1e+20 1.0 1000.0 0 0
93 10005.544 1e+20 1.0 1000.0 0 0
94 10005.544 1e+20 1.0 1000.0 0 0
95 10005.544 1e+20 1.0 1000.0 0 0
96 10005.544 1e+20 1.0 1000.0 0 0
97 10005.544 1e+20 1.0 1000.0 0 0
98 10005.544 1e+20 1.0 1000.0 0 0
99 10005.544 1e+20 1.0 1000.0 0 0
100 10005.544 1e+20 1.0 1000.0 0 0
101 10005.544 1e+20 1.0 1000.0 0 0
102 10005.544 1e+20 1.0 1000.0 0 0
103 10005.544 1e+20 1.0 1000.0 0 0
104 10005.544 1e+20 1.0 1000.0 0 0
105 10005.544 1e+20 1.0 1000.0 0 0
106 10005.544 1e+20 1.0 1000.0 0 0
107 10005.544 1e+20 1.0 1000.0 0 0
108 10005.544 1e+20 1.0 1000.0 0 0
109 10005.544 1e+20 1.0 1000.0 0 0
110 10005.544 1e+20 1.0 1000.0 0 0
111 10005.544 1e+20 1.0 1000.0 0 0
112 10005.544 1e+20 1.0 1000.0 0 0
113 10005.544 1e+20 1.0 1000.0 0 0
114 10005.544 1e+20 1.0 1000.0 0 0
115 10005.544 1e+20 1.0 1000.0 0 0
116 10005.544 1e+20 1.0 1000.0 0 0
117 10005.544 1e+20 1.0 1000.0 0 0
118 10005.544 1e+20 1.0 1000.0 0 0
119 10005.544 1e+20 1.0 1000.0 0 0
120 10005.544 1e+20 1.0 1000.0 0 0
121 10005.544 1e+20 1.0 1000.0 0 0
122 10005.544 1e+20 1.0 1000.0 0 0
123 10005.544 1e+20 1.0 1000.0 0 0
124 10005.544 1e+20 1.0 1000.0 0 0
125 10005.544 1e+20 1.0 1000.0 0 0
126 10005.544 1e+20 1.0 1000.0 0 0
127 10005.544 1e+20 1.0 1000.0 0 0
128 10005.544 1e+20 1.0 1000.0 0 0
57575.757575757576
1 10005.643 1e+20 1.0 1000.0 0 0
2 10005.643 1e+20 1.0 1000.0 0 0
3 10005.643 1e+20 1.0 1000.0 0 0
4 10005.643 1e+20 1.0 1000.0 0 0
5 10005.643 1e+20 1.0 1000.0 0 0
6 10005.643 1e+20 1.0 1000.0 0 0
7 10005.643 1e+20 1.0 1000.0 0 0
8 10005.643 1e+20 1.0 1000.0 0 0
9 10005.643 1e+20 1.0 1000.0 0 0
10 10005.643 1e+20 1.0 1000.0 0 0
11 10005.643 1e+20 1.0 1000.0 0 0
12 10005.643 1e+20 1.0 1000.0 0 0
13 10005.643 1e+20 1.0 1000.0 0 0
14 10005.643 1e+20 1.0 1000.0 0 0
15 10005.643 1e+20 1.0 1000.0 0 0
16 10005.643 1e+20 1.0 1000.0 0 0
17 10005.643 1e+20 1.0 1000.0 0 0
18 10005.643 1e+20 1.0 1000.0 0 0
19 10005.643 1e+20 1.0 1000.0 0 0
20 10005.643 1e+20 1.0 1000.0 0 0
21 10005.643 1e+20 1.0 1000.0 0 0
22 10005.643 1e+20 1.0 1000.0 0 0
23 10005.643 1e+20 1.0 1000.0 0 0
24 10005.643 1e+20 1.0 1000.0 0 0
25 10005.643 1e+20 1.0 1000.0 0 0
26 10005.643 1e+20 1.0 1000.0 0 0
27 10005.643 1e+20 1.0 1000.0 0 0
28 10005.643 1e+20 1.0 1000.0 0 0
29 10005.643 1e+20 1.0 1000.0 0 0
30 10005.643 1e+20 1.0 1000.0 0 0
31 10005.643 1e+20 1.0 1000.0 0 0
32 10005.643 1e+20 1.0 1000.0 0 0
33 10005.643 1e+20 1.0 1000.0 0 0
34 10005.643 1e+20 1.0 1000.0 0 0
35 10005.643 1e+20 1.0 1000.0 0 0
36 10005.643 1e+20 1.0 1000.0 0 0
37 10005.643 1e+20 1.0 1000.0 0 0
38 10005.643 1e+20 1.0 1000.0 0 0
39 10005.643 1e+20 1.0 1000.0 0 0
40 10005.643 1e+20 1.0 1000.0 0 0
41 10005.643 1e+20 1.0 1000.0 0 0
42 10005.643 1e+20 1.0 1000.0 0 0
43 10005.643 1e+20 1.0 1000.0 0 0
44 10005.643 1e+20 1.0 1000.0 0 0
45 10005.643 1e+20 1.0 1000.0 0 0
46 10005.643 1e+20 1.0 1000.0 0 0
47 10005.643 1e+20 1.0 1000.0 0 0
48 10005.643 1e+20 1.0 1000.0 0 0
49 10005.643 1e+20 1.0 1000.0 0 0
50 10005.643 1e+20 1.0 1000.0 0 0
51 10005.643 1e+20 1.0 1000.0 0 0
52 10005.643 1e+20 1.0 1000.0 0 0
53 10005.643 1e+20 1.0 1000.0 0 0
54 10005.643 1e+20 1.0 1000.0 0 0
55 10005.643 1e+20 1.0 1000.0 0 0
56 10005.643 1e+20 1.0 1000.0 0 0
57 10005.643 1e+20 1.0 1000.0 0 0
58 10005.643 1e+20 1.0 1000.0 0 0
59 10005.643 1e+20 1.0 1000.0 0 0
60 10005.643 1e+20 1.0 1000.0 0 0
61 10005.643 1e+20 1.0 1000.0 0 0
62 10005.643 1e+20 1.0 1000.0 0 0
63 10005.643 1e+20 1.0 1000.0 0 0
64 10005.643 1e+20 1.0 1000.0 0 0
65 10005.643 1e+20 1.0 1000.0 0 0
66 10005.643 1e+20 1.0 1000.0 0 0
67 10005.643 1e+20 1.0 1000.0 0 0
68 10005.643 1e+20 1.0 1000.0 0 0
69 10005.643 1e+20 1.0 1000.0 0 0
70 10005.643 1e+20 1.0 1000.0 0 0
71 10005.643 1e+20 1.0 1000.0 0 0
72 10005.643 1e+20 1.0 1000.0 0 0
73 10005.643 1e+20 1.0 1000.0 0 0
74 10005.643 1e+20 1.0 1000.0 0 0
75 10005.643 1e+20 1.0 1000.0 0 0
76 10005.643 1e+20 1.0 1000.0 0 0
77 10005.643 1e+20 1.0 1000.0 0 0
78 10005.643 1e+20 1.0 1000.0 0 0
79 10005.643 1e+20 1.0 1000.0 0 0
80 10005.643 1e+20 1.0 1000.0 0 0
81 10005.643 1e+20 1.0 1000.0 0 0
82 10005.643 1e+20 1.0 1000.0 0 0
83 10005.643 1e+20 1.0 1000.0 0 0
84 10005.643 1e+20 1.0 1000.0 0 0
85 10005.643 1e+20 1.0 1000.0 0 0
86 10005.643 1e+20 1.0 1000.0 0 0
87 10005.643 1e+20 1.0 1000.0 0 0
88 10005.643 1e+20 1.0 1000.0 0 0
89 10005.643 1e+20 1.0 1000.0 0 0
90 10005.643 1e+20 1.0 1000.0 0 0
91 10005.643 1e+20 1.0 1000.0 0 0
92 10005.643 1e+20 1.0 1000.0 0 0
93 10005.643 1e+20 1.0 1000.0 0 0
94 10005.643 1e+20 1.0 1000.0 0 0
95 10005.643 1e+20 1.0 1000.0 0 0
96 10005.643 1e+20 1.0 1000.0 0 0
97 10005.643 1e+20 1.0 1000.0 0 0
98 10005.643 1e+20 1.0 1000.0 0 0
99 10005.643 1e+20 1.0 1000.0 0 0
100 10005.643 1e+20 1.0 1000.0 0 0
101 10005.643 1e+20 1.0 1000.0 0 0
102 10005.643 1e+20 1.0 1000.0 0 0
103 10005.643 1e+20 1.0 1000.0 0 0
104 10005.643 1e+20 1.0 1000.0 0 0
105 10005.643 1e+20 1.0 1000.0 0 0
106 10005.643 1e+20 1.0 1000.0 0 0
107 10005.643 1e+20 1.0 1000.0 0 0
108 10005.643 1e+20 1.0 1000.0 0 0
109 10005.643 1e+20 1.0 1000.0 0 0
110 10005.643 1e+20 1.0 1000.0 0 0
111 10005.643 1e+20 1.0 1000.0 0 0
112 10005.643 1e+20 1.0 1000.0 0 0
113 10005.643 1e+20 1.0 1000.0 0 0
114 10005.643 1e+20 1.0 1000.0 0 0
115 10005.643 1e+20 1.0 1000.0 0 0
116 10005.643 1e+20 1.0 1000.0 0 0
117 10005.643 1e+20 1.0 1000.0 0 0
118 10005.643 1e+20 1.0 1000.0 0 0
119 10005.643 1e+20 1.0 1000.0 0 0
120 10005.643 1e+20 1.0 1000.0 0 0
121 10005.643 1e+20 1.0 1000.0 0 0
122 10005.643 1e+20 1.0 1000.0 0 0
123 10005.643 1e+20 1.0 1000.0 0 0
124 10005.643 1e+20 1.0 1000.0 0 0
125 10005.643 1e+20 1.0 1000.0 0 0
126 10005.643 1e+20 1.0 1000.0 0 0
127 10005.643 1e+20 1.0 1000.0 0 0
128 10005.643 1e+20 1.0 1000.0 0 0
58585.85858585858
1 10005.742 1e+20 1.0 1000.0 0 0
2 10005.742 1e+20 1.0 1000.0 0 0
3 10005.742 1e+20 1.0 1000.0 0 0
4 10005.742 1e+20 1.0 1000.0 0 0
5 10005.742 1e+20 1.0 1000.0 0 0
6 10005.742 1e+20 1.0 1000.0 0 0
7 10005.742 1e+20 1.0 1000.0 0 0
8 10005.742 1e+20 1.0 1000.0 0 0
9 10005.742 1e+20 1.0 1000.0 0 0
10 10005.742 1e+20 1.0 1000.0 0 0
11 10005.742 1e+20 1.0 1000.0 0 0
12 10005.742 1e+20 1.0 1000.0 0 0
13 10005.742 1e+20 1.0 1000.0 0 0
14 10005.742 1e+20 1.0 1000.0 0 0
15 10005.742 1e+20 1.0 1000.0 0 0
16 10005.742 1e+20 1.0 1000.0 0 0
17 10005.742 1e+20 1.0 1000.0 0 0
18 10005.742 1e+20 1.0 1000.0 0 0
19 10005.742 1e+20 1.0 1000.0 0 0
20 10005.742 1e+20 1.0 1000.0 0 0
21 10005.742 1e+20 1.0 1000.0 0 0
22 10005.742 1e+20 1.0 1000.0 0 0
23 10005.742 1e+20 1.0 1000.0 0 0
24 10005.742 1e+20 1.0 1000.0 0 0
25 10005.742 1e+20 1.0 1000.0 0 0
26 10005.742 1e+20 1.0 1000.0 0 0
27 10005.742 1e+20 1.0 1000.0 0 0
28 10005.742 1e+20 1.0 1000.0 0 0
29 10005.742 1e+20 1.0 1000.0 0 0
30 10005.742 1e+20 1.0 1000.0 0 0
31 10005.742 1e+20 1.0 1000.0 0 0
32 10005.742 1e+20 1.0 1000.0 0 0
33 10005.742 1e+20 1.0 1000.0 0 0
34 10005.742 1e+20 1.0 1000.0 0 0
35 10005.742 1e+20 1.0 1000.0 0 0
36 10005.742 1e+20 1.0 1000.0 0 0
37 10005.742 1e+20 1.0 1000.0 0 0
38 10005.742 1e+20 1.0 1000.0 0 0
39 10005.742 1e+20 1.0 1000.0 0 0
40 10005.742 1e+20 1.0 1000.0 0 0
41 10005.742 1e+20 1.0 1000.0 0 0
42 10005.742 1e+20 1.0 1000.0 0 0
43 10005.742 1e+20 1.0 1000.0 0 0
44 10005.742 1e+20 1.0 1000.0 0 0
45 10005.742 1e+20 1.0 1000.0 0 0
46 10005.742 1e+20 1.0 1000.0 0 0
47 10005.742 1e+20 1.0 1000.0 0 0
48 10005.742 1e+20 1.0 1000.0 0 0
49 10005.742 1e+20 1.0 1000.0 0 0
50 10005.742 1e+20 1.0 1000.0 0 0
51 10005.742 1e+20 1.0 1000.0 0 0
52 10005.742 1e+20 1.0 1000.0 0 0
53 10005.742 1e+20 1.0 1000.0 0 0
54 10005.742 1e+20 1.0 1000.0 0 0
55 10005.742 1e+20 1.0 1000.0 0 0
56 10005.742 1e+20 1.0 1000.0 0 0
57 10005.742 1e+20 1.0 1000.0 0 0
58 10005.742 1e+20 1.0 1000.0 0 0
59 10005.742 1e+20 1.0 1000.0 0 0
60 10005.742 1e+20 1.0 1000.0 0 0
61 10005.742 1e+20 1.0 1000.0 0 0
62 10005.742 1e+20 1.0 1000.0 0 0
63 10005.742 1e+20 1.0 1000.0 0 0
64 10005.742 1e+20 1.0 1000.0 0 0
65 10005.742 1e+20 1.0 1000.0 0 0
66 10005.742 1e+20 1.0 1000.0 0 0
67 10005.742 1e+20 1.0 1000.0 0 0
68 10005.742 1e+20 1.0 1000.0 0 0
69 10005.742 1e+20 1.0 1000.0 0 0
70 10005.742 1e+20 1.0 1000.0 0 0
71 10005.742 1e+20 1.0 1000.0 0 0
72 10005.742 1e+20 1.0 1000.0 0 0
73 10005.742 1e+20 1.0 1000.0 0 0
74 10005.742 1e+20 1.0 1000.0 0 0
75 10005.742 1e+20 1.0 1000.0 0 0
76 10005.742 1e+20 1.0 1000.0 0 0
77 10005.742 1e+20 1.0 1000.0 0 0
78 10005.742 1e+20 1.0 1000.0 0 0
79 10005.742 1e+20 1.0 1000.0 0 0
80 10005.742 1e+20 1.0 1000.0 0 0
81 10005.742 1e+20 1.0 1000.0 0 0
82 10005.742 1e+20 1.0 1000.0 0 0
83 10005.742 1e+20 1.0 1000.0 0 0
84 10005.742 1e+20 1.0 1000.0 0 0
85 10005.742 1e+20 1.0 1000.0 0 0
86 10005.742 1e+20 1.0 1000.0 0 0
87 10005.742 1e+20 1.0 1000.0 0 0
88 10005.742 1e+20 1.0 1000.0 0 0
89 10005.742 1e+20 1.0 1000.0 0 0
90 10005.742 1e+20 1.0 1000.0 0 0
91 10005.742 1e+20 1.0 1000.0 0 0
92 10005.742 1e+20 1.0 1000.0 0 0
93 10005.742 1e+20 1.0 1000.0 0 0
94 10005.742 1e+20 1.0 1000.0 0 0
95 10005.742 1e+20 1.0 1000.0 0 0
96 10005.742 1e+20 1.0 1000.0 0 0
97 10005.742 1e+20 1.0 1000.0 0 0
98 10005.742 1e+20 1.0 1000.0 0 0
99 10005.742 1e+20 1.0 1000.0 0 0
100 10005.742 1e+20 1.0 1000.0 0 0
101 10005.742 1e+20 1.0 1000.0 0 0
102 10005.742 1e+20 1.0 1000.0 0 0
103 10005.742 1e+20 1.0 1000.0 0 0
104 10005.742 1e+20 1.0 1000.0 0 0
105 10005.742 1e+20 1.0 1000.0 0 0
106 10005.742 1e+20 1.0 1000.0 0 0
107 10005.742 1e+20 1.0 1000.0 0 0
108 10005.742 1e+20 1.0 1000.0 0 0
109 10005.742 1e+20 1.0 1000.0 0 0
110 10005.742 1e+20 1.0 1000.0 0 0
111 10005.742 1e+20 1.0 1000.0 0 0
112 10005.742 1e+20 1.0 1000.0 0 0
113 10005.742 1e+20 1.0 1000.0 0 0
114 10005.742 1e+20 1.0 1000.0 0 0
115 10005.742 1e+20 1.0 1000.0 0 0
116 10005.742 1e+20 1.0 1000.0 0 0
117 10005.742 1e+20 1.0 1000.0 0 0
118 10005.742 1e+20 1.0 1000.0 0 0
119 10005.742 1e+20 1.0 1000.0 0 0
120 10005.742 1e+20 1.0 1000.0 0 0
121 10005.742 1e+20 1.0 1000.0 0 0
122 10005.742 1e+20 1.0 1000.0 0 0
123 10005.742 1e+20 1.0 1000.0 0 0
124 10005.742 1e+20 1.0 1000.0 0 0
125 10005.742 1e+20 1.0 1000.0 0 0
126 10005.742 1e+20 1.0 1000.0 0 0
127 10005.742 1e+20 1.0 1000.0 0 0
128 10005.742 1e+20 1.0 1000.0 0 0
59595.95959595959
1 10005.841 1e+20 1.0 1000.0 0 0
2 10005.841 1e+20 1.0 1000.0 0 0
3 10005.841 1e+20 1.0 1000.0 0 0
4 10005.841 1e+20 1.0 1000.0 0 0
5 10005.841 1e+20 1.0 1000.0 0 0
6 10005.841 1e+20 1.0 1000.0 0 0
7 10005.841 1e+20 1.0 1000.0 0 0
8 10005.841 1e+20 1.0 1000.0 0 0
9 10005.841 1e+20 1.0 1000.0 0 0
10 10005.841 1e+20 1.0 1000.0 0 0
11 10005.841 1e+20 1.0 1000.0 0 0
12 10005.841 1e+20 1.0 1000.0 0 0
13 10005.841 1e+20 1.0 1000.0 0 0
14 10005.841 1e+20 1.0 1000.0 0 0
15 10005.841 1e+20 1.0 1000.0 0 0
16 10005.841 1e+20 1.0 1000.0 0 0
17 10005.841 1e+20 1.0 1000.0 0 0
18 10005.841 1e+20 1.0 1000.0 0 0
19 10005.841 1e+20 1.0 1000.0 0 0
20 10005.841 1e+20 1.0 1000.0 0 0
21 10005.841 1e+20 1.0 1000.0 0 0
22 10005.841 1e+20 1.0 1000.0 0 0
23 10005.841 1e+20 1.0 1000.0 0 0
24 10005.841 1e+20 1.0 1000.0 0 0
25 10005.841 1e+20 1.0 1000.0 0 0
26 10005.841 1e+20 1.0 1000.0 0 0
27 10005.841 1e+20 1.0 1000.0 0 0
28 10005.841 1e+20 1.0 1000.0 0 0
29 10005.841 1e+20 1.0 1000.0 0 0
30 10005.841 1e+20 1.0 1000.0 0 0
31 10005.841 1e+20 1.0 1000.0 0 0
32 10005.841 1e+20 1.0 1000.0 0 0
33 10005.841 1e+20 1.0 1000.0 0 0
34 10005.841 1e+20 1.0 1000.0 0 0
35 10005.841 1e+20 1.0 1000.0 0 0
36 10005.841 1e+20 1.0 1000.0 0 0
37 10005.841 1e+20 1.0 1000.0 0 0
38 10005.841 1e+20 1.0 1000.0 0 0
39 10005.841 1e+20 1.0 1000.0 0 0
40 10005.841 1e+20 1.0 1000.0 0 0
41 10005.841 1e+20 1.0 1000.0 0 0
42 10005.841 1e+20 1.0 1000.0 0 0
43 10005.841 1e+20 1.0 1000.0 0 0
44 10005.841 1e+20 1.0 1000.0 0 0
45 10005.841 1e+20 1.0 1000.0 0 0
46 10005.841 1e+20 1.0 1000.0 0 0
47 10005.841 1e+20 1.0 1000.0 0 0
48 10005.841 1e+20 1.0 1000.0 0 0
49 10005.841 1e+20 1.0 1000.0 0 0
50 10005.841 1e+20 1.0 1000.0 0 0
51 10005.841 1e+20 1.0 1000.0 0 0
52 10005.841 1e+20 1.0 1000.0 0 0
53 10005.841 1e+20 1.0 1000.0 0 0
54 10005.841 1e+20 1.0 1000.0 0 0
55 10005.841 1e+20 1.0 1000.0 0 0
56 10005.841 1e+20 1.0 1000.0 0 0
57 10005.841 1e+20 1.0 1000.0 0 0
58 10005.841 1e+20 1.0 1000.0 0 0
59 10005.841 1e+20 1.0 1000.0 0 0
60 10005.841 1e+20 1.0 1000.0 0 0
61 10005.841 1e+20 1.0 1000.0 0 0
62 10005.841 1e+20 1.0 1000.0 0 0
63 10005.841 1e+20 1.0 1000.0 0 0
64 10005.841 1e+20 1.0 1000.0 0 0
65 10005.841 1e+20 1.0 1000.0 0 0
66 10005.841 1e+20 1.0 1000.0 0 0
67 10005.841 1e+20 1.0 1000.0 0 0
68 10005.841 1e+20 1.0 1000.0 0 0
69 10005.841 1e+20 1.0 1000.0 0 0
70 10005.841 1e+20 1.0 1000.0 0 0
71 10005.841 1e+20 1.0 1000.0 0 0
72 10005.841 1e+20 1.0 1000.0 0 0
73 10005.841 1e+20 1.0 1000.0 0 0
74 10005.841 1e+20 1.0 1000.0 0 0
75 10005.841 1e+20 1.0 1000.0 0 0
76 10005.841 1e+20 1.0 1000.0 0 0
77 10005.841 1e+20 1.0 1000.0 0 0
78 10005.841 1e+20 1.0 1000.0 0 0
79 10005.841 1e+20 1.0 1000.0 0 0
80 10005.841 1e+20 1.0 1000.0 0 0
81 10005.841 1e+20 1.0 1000.0 0 0
82 10005.841 1e+20 1.0 1000.0 0 0
83 10005.841 1e+20 1.0 1000.0 0 0
84 10005.841 1e+20 1.0 1000.0 0 0
85 10005.841 1e+20 1.0 1000.0 0 0
86 10005.841 1e+20 1.0 1000.0 0 0
87 10005.841 1e+20 1.0 1000.0 0 0
88 10005.841 1e+20 1.0 1000.0 0 0
89 10005.841 1e+20 1.0 1000.0 0 0
90 10005.841 1e+20 1.0 1000.0 0 0
91 10005.841 1e+20 1.0 1000.0 0 0
92 10005.841 1e+20 1.0 1000.0 0 0
93 10005.841 1e+20 1.0 1000.0 0 0
94 10005.841 1e+20 1.0 1000.0 0 0
95 10005.841 1e+20 1.0 1000.0 0 0
96 10005.841 1e+20 1.0 1000.0 0 0
97 10005.841 1e+20 1.0 1000.0 0 0
98 10005.841 1e+20 1.0 1000.0 0 0
99 10005.841 1e+20 1.0 1000.0 0 0
100 10005.841 1e+20 1.0 1000.0 0 0
101 10005.841 1e+20 1.0 1000.0 0 0
102 10005.841 1e+20 1.0 1000.0 0 0
103 10005.841 1e+20 1.0 1000.0 0 0
104 10005.841 1e+20 1.0 1000.0 0 0
105 10005.841 1e+20 1.0 1000.0 0 0
106 10005.841 1e+20 1.0 1000.0 0 0
107 10005.841 1e+20 1.0 1000.0 0 0
108 10005.841 1e+20 1.0 1000.0 0 0
109 10005.841 1e+20 1.0 1000.0 0 0
110 10005.841 1e+20 1.0 1000.0 0 0
111 10005.841 1e+20 1.0 1000.0 0 0
112 10005.841 1e+20 1.0 1000.0 0 0
113 10005.841 1e+20 1.0 1000.0 0 0
114 10005.841 1e+20 1.0 1000.0 0 0
115 10005.841 1e+20 1.0 1000.0 0 0
116 10005.841 1e+20 1.0 1000.0 0 0
117 10005.841 1e+20 1.0 1000.0 0 0
118 10005.841 1e+20 1.0 1000.0 0 0
119 10005.841 1e+20 1.0 1000.0 0 0
120 10005.841 1e+20 1.0 1000.0 0 0
121 10005.841 1e+20 1.0 1000.0 0 0
122 10005.841 1e+20 1.0 1000.0 0 0
123 10005.841 1e+20 1.0 1000.0 0 0
124 10005.841 1e+20 1.0 1000.0 0 0
125 10005.841 1e+20 1.0 1000.0 0 0
126 10005.841 1e+20 1.0 1000.0 0 0
127 10005.841 1e+20 1.0 1000.0 0 0
128 10005.841 1e+20 1.0 1000.0 0 0
60606.0606060606
1 10005.94 1e+20 1.0 1000.0 0 0
2 10005.94 1e+20 1.0 1000.0 0 0
3 10005.94 1e+20 1.0 1000.0 0 0
4 10005.94 1e+20 1.0 1000.0 0 0
5 10005.94 1e+20 1.0 1000.0 0 0
6 10005.94 1e+20 1.0 1000.0 0 0
7 10005.94 1e+20 1.0 1000.0 0 0
8 10005.94 1e+20 1.0 1000.0 0 0
9 10005.94 1e+20 1.0 1000.0 0 0
10 10005.94 1e+20 1.0 1000.0 0 0
11 10005.94 1e+20 1.0 1000.0 0 0
12 10005.94 1e+20 1.0 1000.0 0 0
13 10005.94 1e+20 1.0 1000.0 0 0
14 10005.94 1e+20 1.0 1000.0 0 0
15 10005.94 1e+20 1.0 1000.0 0 0
16 10005.94 1e+20 1.0 1000.0 0 0
17 10005.94 1e+20 1.0 1000.0 0 0
18 10005.94 1e+20 1.0 1000.0 0 0
19 10005.94 1e+20 1.0 1000.0 0 0
20 10005.94 1e+20 1.0 1000.0 0 0
21 10005.94 1e+20 1.0 1000.0 0 0
22 10005.94 1e+20 1.0 1000.0 0 0
23 10005.94 1e+20 1.0 1000.0 0 0
24 10005.94 1e+20 1.0 1000.0 0 0
25 10005.94 1e+20 1.0 1000.0 0 0
26 10005.94 1e+20 1.0 1000.0 0 0
27 10005.94 1e+20 1.0 1000.0 0 0
28 10005.94 1e+20 1.0 1000.0 0 0
29 10005.94 1e+20 1.0 1000.0 0 0
30 10005.94 1e+20 1.0 1000.0 0 0
31 10005.94 1e+20 1.0 1000.0 0 0
32 10005.94 1e+20 1.0 1000.0 0 0
33 10005.94 1e+20 1.0 1000.0 0 0
34 10005.94 1e+20 1.0 1000.0 0 0
35 10005.94 1e+20 1.0 1000.0 0 0
36 10005.94 1e+20 1.0 1000.0 0 0
37 10005.94 1e+20 1.0 1000.0 0 0
38 10005.94 1e+20 1.0 1000.0 0 0
39 10005.94 1e+20 1.0 1000.0 0 0
40 10005.94 1e+20 1.0 1000.0 0 0
41 10005.94 1e+20 1.0 1000.0 0 0
42 10005.94 1e+20 1.0 1000.0 0 0
43 10005.94 1e+20 1.0 1000.0 0 0
44 10005.94 1e+20 1.0 1000.0 0 0
45 10005.94 1e+20 1.0 1000.0 0 0
46 10005.94 1e+20 1.0 1000.0 0 0
47 10005.94 1e+20 1.0 1000.0 0 0
48 10005.94 1e+20 1.0 1000.0 0 0
49 10005.94 1e+20 1.0 1000.0 0 0
50 10005.94 1e+20 1.0 1000.0 0 0
51 10005.94 1e+20 1.0 1000.0 0 0
52 10005.94 1e+20 1.0 1000.0 0 0
53 10005.94 1e+20 1.0 1000.0 0 0
54 10005.94 1e+20 1.0 1000.0 0 0
55 10005.94 1e+20 1.0 1000.0 0 0
56 10005.94 1e+20 1.0 1000.0 0 0
57 10005.94 1e+20 1.0 1000.0 0 0
58 10005.94 1e+20 1.0 1000.0 0 0
59 10005.94 1e+20 1.0 1000.0 0 0
60 10005.94 1e+20 1.0 1000.0 0 0
61 10005.94 1e+20 1.0 1000.0 0 0
62 10005.94 1e+20 1.0 1000.0 0 0
63 10005.94 1e+20 1.0 1000.0 0 0
64 10005.94 1e+20 1.0 1000.0 0 0
65 10005.94 1e+20 1.0 1000.0 0 0
66 10005.94 1e+20 1.0 1000.0 0 0
67 10005.94 1e+20 1.0 1000.0 0 0
68 10005.94 1e+20 1.0 1000.0 0 0
69 10005.94 1e+20 1.0 1000.0 0 0
70 10005.94 1e+20 1.0 1000.0 0 0
71 10005.94 1e+20 1.0 1000.0 0 0
72 10005.94 1e+20 1.0 1000.0 0 0
73 10005.94 1e+20 1.0 1000.0 0 0
74 10005.94 1e+20 1.0 1000.0 0 0
75 10005.94 1e+20 1.0 1000.0 0 0
76 10005.94 1e+20 1.0 1000.0 0 0
77 10005.94 1e+20 1.0 1000.0 0 0
78 10005.94 1e+20 1.0 1000.0 0 0
79 10005.94 1e+20 1.0 1000.0 0 0
80 10005.94 1e+20 1.0 1000.0 0 0
81 10005.94 1e+20 1.0 1000.0 0 0
82 10005.94 1e+20 1.0 1000.0 0 0
83 10005.94 1e+20 1.0 1000.0 0 0
84 10005.94 1e+20 1.0 1000.0 0 0
85 10005.94 1e+20 1.0 1000.0 0 0
86 10005.94 1e+20 1.0 1000.0 0 0
87 10005.94 1e+20 1.0 1000.0 0 0
88 10005.94 1e+20 1.0 1000.0 0 0
89 10005.94 1e+20 1.0 1000.0 0 0
90 10005.94 1e+20 1.0 1000.0 0 0
91 10005.94 1e+20 1.0 1000.0 0 0
92 10005.94 1e+20 1.0 1000.0 0 0
93 10005.94 1e+20 1.0 1000.0 0 0
94 10005.94 1e+20 1.0 1000.0 0 0
95 10005.94 1e+20 1.0 1000.0 0 0
96 10005.94 1e+20 1.0 1000.0 0 0
97 10005.94 1e+20 1.0 1000.0 0 0
98 10005.94 1e+20 1.0 1000.0 0 0
99 10005.94 1e+20 1.0 1000.0 0 0
100 10005.94 1e+20 1.0 1000.0 0 0
101 10005.94 1e+20 1.0 1000.0 0 0
102 10005.94 1e+20 1.0 1000.0 0 0
103 10005.94 1e+20 1.0 1000.0 0 0
104 10005.94 1e+20 1.0 1000.0 0 0
105 10005.94 1e+20 1.0 1000.0 0 0
106 10005.94 1e+20 1.0 1000.0 0 0
107 10005.94 1e+20 1.0 1000.0 0 0
108 10005.94 1e+20 1.0 1000.0 0 0
109 10005.94 1e+20 1.0 1000.0 0 0
110 10005.94 1e+20 1.0 1000.0 0 0
111 10005.94 1e+20 1.0 1000.0 0 0
112 10005.94 1e+20 1.0 1000.0 0 0
113 10005.94 1e+20 1.0 1000.0 0 0
114 10005.94 1e+20 1.0 1000.0 0 0
115 10005.94 1e+20 1.0 1000.0 0 0
116 10005.94 1e+20 1.0 1000.0 0 0
117 10005.94 1e+20 1.0 1000.0 0 0
118 10005.94 1e+20 1.0 1000.0 0 0
119 10005.94 1e+20 1.0 1000.0 0 0
120 10005.94 1e+20 1.0 1000.0 0 0
121 10005.94 1e+20 1.0 1000.0 0 0
122 10005.94 1e+20 1.0 1000.0 0 0
123 10005.94 1e+20 1.0 1000.0 0 0
124 10005.94 1e+20 1.0 1000.0 0 0
125 10005.94 1e+20 1.0 1000.0 0 0
126 10005.94 1e+20 1.0 1000.0 0 0
127 10005.94 1e+20 1.0 1000.0 0 0
128 10005.94 1e+20 1.0 1000.0 0 0
61616.16161616161
1 10006.039 1e+20 1.0 1000.0 0 0
2 10006.039 1e+20 1.0 1000.0 0 0
3 10006.039 1e+20 1.0 1000.0 0 0
4 10006.039 1e+20 1.0 1000.0 0 0
5 10006.039 1e+20 1.0 1000.0 0 0
6 10006.039 1e+20 1.0 1000.0 0 0
7 10006.039 1e+20 1.0 1000.0 0 0
8 10006.039 1e+20 1.0 1000.0 0 0
9 10006.039 1e+20 1.0 1000.0 0 0
10 10006.039 1e+20 1.0 1000.0 0 0
11 10006.039 1e+20 1.0 1000.0 0 0
12 10006.039 1e+20 1.0 1000.0 0 0
13 10006.039 1e+20 1.0 1000.0 0 0
14 10006.039 1e+20 1.0 1000.0 0 0
15 10006.039 1e+20 1.0 1000.0 0 0
16 10006.039 1e+20 1.0 1000.0 0 0
17 10006.039 1e+20 1.0 1000.0 0 0
18 10006.039 1e+20 1.0 1000.0 0 0
19 10006.039 1e+20 1.0 1000.0 0 0
20 10006.039 1e+20 1.0 1000.0 0 0
21 10006.039 1e+20 1.0 1000.0 0 0
22 10006.039 1e+20 1.0 1000.0 0 0
23 10006.039 1e+20 1.0 1000.0 0 0
24 10006.039 1e+20 1.0 1000.0 0 0
25 10006.039 1e+20 1.0 1000.0 0 0
26 10006.039 1e+20 1.0 1000.0 0 0
27 10006.039 1e+20 1.0 1000.0 0 0
28 10006.039 1e+20 1.0 1000.0 0 0
29 10006.039 1e+20 1.0 1000.0 0 0
30 10006.039 1e+20 1.0 1000.0 0 0
31 10006.039 1e+20 1.0 1000.0 0 0
32 10006.039 1e+20 1.0 1000.0 0 0
33 10006.039 1e+20 1.0 1000.0 0 0
34 10006.039 1e+20 1.0 1000.0 0 0
35 10006.039 1e+20 1.0 1000.0 0 0
36 10006.039 1e+20 1.0 1000.0 0 0
37 10006.039 1e+20 1.0 1000.0 0 0
38 10006.039 1e+20 1.0 1000.0 0 0
39 10006.039 1e+20 1.0 1000.0 0 0
40 10006.039 1e+20 1.0 1000.0 0 0
41 10006.039 1e+20 1.0 1000.0 0 0
42 10006.039 1e+20 1.0 1000.0 0 0
43 10006.039 1e+20 1.0 1000.0 0 0
44 10006.039 1e+20 1.0 1000.0 0 0
45 10006.039 1e+20 1.0 1000.0 0 0
46 10006.039 1e+20 1.0 1000.0 0 0
47 10006.039 1e+20 1.0 1000.0 0 0
48 10006.039 1e+20 1.0 1000.0 0 0
49 10006.039 1e+20 1.0 1000.0 0 0
50 10006.039 1e+20 1.0 1000.0 0 0
51 10006.039 1e+20 1.0 1000.0 0 0
52 10006.039 1e+20 1.0 1000.0 0 0
53 10006.039 1e+20 1.0 1000.0 0 0
54 10006.039 1e+20 1.0 1000.0 0 0
55 10006.039 1e+20 1.0 1000.0 0 0
56 10006.039 1e+20 1.0 1000.0 0 0
57 10006.039 1e+20 1.0 1000.0 0 0
58 10006.039 1e+20 1.0 1000.0 0 0
59 10006.039 1e+20 1.0 1000.0 0 0
60 10006.039 1e+20 1.0 1000.0 0 0
61 10006.039 1e+20 1.0 1000.0 0 0
62 10006.039 1e+20 1.0 1000.0 0 0
63 10006.039 1e+20 1.0 1000.0 0 0
64 10006.039 1e+20 1.0 1000.0 0 0
65 10006.039 1e+20 1.0 1000.0 0 0
66 10006.039 1e+20 1.0 1000.0 0 0
67 10006.039 1e+20 1.0 1000.0 0 0
68 10006.039 1e+20 1.0 1000.0 0 0
69 10006.039 1e+20 1.0 1000.0 0 0
70 10006.039 1e+20 1.0 1000.0 0 0
71 10006.039 1e+20 1.0 1000.0 0 0
72 10006.039 1e+20 1.0 1000.0 0 0
73 10006.039 1e+20 1.0 1000.0 0 0
74 10006.039 1e+20 1.0 1000.0 0 0
75 10006.039 1e+20 1.0 1000.0 0 0
76 10006.039 1e+20 1.0 1000.0 0 0
77 10006.039 1e+20 1.0 1000.0 0 0
78 10006.039 1e+20 1.0 1000.0 0 0
79 10006.039 1e+20 1.0 1000.0 0 0
80 10006.039 1e+20 1.0 1000.0 0 0
81 10006.039 1e+20 1.0 1000.0 0 0
82 10006.039 1e+20 1.0 1000.0 0 0
83 10006.039 1e+20 1.0 1000.0 0 0
84 10006.039 1e+20 1.0 1000.0 0 0
85 10006.039 1e+20 1.0 1000.0 0 0
86 10006.039 1e+20 1.0 1000.0 0 0
87 10006.039 1e+20 1.0 1000.0 0 0
88 10006.039 1e+20 1.0 1000.0 0 0
89 10006.039 1e+20 1.0 1000.0 0 0
90 10006.039 1e+20 1.0 1000.0 0 0
91 10006.039 1e+20 1.0 1000.0 0 0
92 10006.039 1e+20 1.0 1000.0 0 0
93 10006.039 1e+20 1.0 1000.0 0 0
94 10006.039 1e+20 1.0 1000.0 0 0
95 10006.039 1e+20 1.0 1000.0 0 0
96 10006.039 1e+20 1.0 1000.0 0 0
97 10006.039 1e+20 1.0 1000.0 0 0
98 10006.039 1e+20 1.0 1000.0 0 0
99 10006.039 1e+20 1.0 1000.0 0 0
100 10006.039 1e+20 1.0 1000.0 0 0
101 10006.039 1e+20 1.0 1000.0 0 0
102 10006.039 1e+20 1.0 1000.0 0 0
103 10006.039 1e+20 1.0 1000.0 0 0
104 10006.039 1e+20 1.0 1000.0 0 0
105 10006.039 1e+20 1.0 1000.0 0 0
106 10006.039 1e+20 1.0 1000.0 0 0
107 10006.039 1e+20 1.0 1000.0 0 0
108 10006.039 1e+20 1.0 1000.0 0 0
109 10006.039 1e+20 1.0 1000.0 0 0
110 10006.039 1e+20 1.0 1000.0 0 0
111 10006.039 1e+20 1.0 1000.0 0 0
112 10006.039 1e+20 1.0 1000.0 0 0
113 10006.039 1e+20 1.0 1000.0 0 0
114 10006.039 1e+20 1.0 1000.0 0 0
115 10006.039 1e+20 1.0 1000.0 0 0
116 10006.039 1e+20 1.0 1000.0 0 0
117 10006.039 1e+20 1.0 1000.0 0 0
118 10006.039 1e+20 1.0 1000.0 0 0
119 10006.039 1e+20 1.0 1000.0 0 0
120 10006.039 1e+20 1.0 1000.0 0 0
121 10006.039 1e+20 1.0 1000.0 0 0
122 10006.039 1e+20 1.0 1000.0 0 0
123 10006.039 1e+20 1.0 1000.0 0 0
124 10006.039 1e+20 1.0 1000.0 0 0
125 10006.039 1e+20 1.0 1000.0 0 0
126 10006.039 1e+20 1.0 1000.0 0 0
127 10006.039 1e+20 1.0 1000.0 0 0
128 10006.039 1e+20 1.0 1000.0 0 0
62626.26262626262
1 10006.138 1e+20 1.0 1000.0 0 0
2 10006.138 1e+20 1.0 1000.0 0 0
3 10006.138 1e+20 1.0 1000.0 0 0
4 10006.138 1e+20 1.0 1000.0 0 0
5 10006.138 1e+20 1.0 1000.0 0 0
6 10006.138 1e+20 1.0 1000.0 0 0
7 10006.138 1e+20 1.0 1000.0 0 0
8 10006.138 1e+20 1.0 1000.0 0 0
9 10006.138 1e+20 1.0 1000.0 0 0
10 10006.138 1e+20 1.0 1000.0 0 0
11 10006.138 1e+20 1.0 1000.0 0 0
12 10006.138 1e+20 1.0 1000.0 0 0
13 10006.138 1e+20 1.0 1000.0 0 0
14 10006.138 1e+20 1.0 1000.0 0 0
15 10006.138 1e+20 1.0 1000.0 0 0
16 10006.138 1e+20 1.0 1000.0 0 0
17 10006.138 1e+20 1.0 1000.0 0 0
18 10006.138 1e+20 1.0 1000.0 0 0
19 10006.138 1e+20 1.0 1000.0 0 0
20 10006.138 1e+20 1.0 1000.0 0 0
21 10006.138 1e+20 1.0 1000.0 0 0
22 10006.138 1e+20 1.0 1000.0 0 0
23 10006.138 1e+20 1.0 1000.0 0 0
24 10006.138 1e+20 1.0 1000.0 0 0
25 10006.138 1e+20 1.0 1000.0 0 0
26 10006.138 1e+20 1.0 1000.0 0 0
27 10006.138 1e+20 1.0 1000.0 0 0
28 10006.138 1e+20 1.0 1000.0 0 0
29 10006.138 1e+20 1.0 1000.0 0 0
30 10006.138 1e+20 1.0 1000.0 0 0
31 10006.138 1e+20 1.0 1000.0 0 0
32 10006.138 1e+20 1.0 1000.0 0 0
33 10006.138 1e+20 1.0 1000.0 0 0
34 10006.138 1e+20 1.0 1000.0 0 0
35 10006.138 1e+20 1.0 1000.0 0 0
36 10006.138 1e+20 1.0 1000.0 0 0
37 10006.138 1e+20 1.0 1000.0 0 0
38 10006.138 1e+20 1.0 1000.0 0 0
39 10006.138 1e+20 1.0 1000.0 0 0
40 10006.138 1e+20 1.0 1000.0 0 0
41 10006.138 1e+20 1.0 1000.0 0 0
42 10006.138 1e+20 1.0 1000.0 0 0
43 10006.138 1e+20 1.0 1000.0 0 0
44 10006.138 1e+20 1.0 1000.0 0 0
45 10006.138 1e+20 1.0 1000.0 0 0
46 10006.138 1e+20 1.0 1000.0 0 0
47 10006.138 1e+20 1.0 1000.0 0 0
48 10006.138 1e+20 1.0 1000.0 0 0
49 10006.138 1e+20 1.0 1000.0 0 0
50 10006.138 1e+20 1.0 1000.0 0 0
51 10006.138 1e+20 1.0 1000.0 0 0
52 10006.138 1e+20 1.0 1000.0 0 0
53 10006.138 1e+20 1.0 1000.0 0 0
54 10006.138 1e+20 1.0 1000.0 0 0
55 10006.138 1e+20 1.0 1000.0 0 0
56 10006.138 1e+20 1.0 1000.0 0 0
57 10006.138 1e+20 1.0 1000.0 0 0
58 10006.138 1e+20 1.0 1000.0 0 0
59 10006.138 1e+20 1.0 1000.0 0 0
60 10006.138 1e+20 1.0 1000.0 0 0
61 10006.138 1e+20 1.0 1000.0 0 0
62 10006.138 1e+20 1.0 1000.0 0 0
63 10006.138 1e+20 1.0 1000.0 0 0
64 10006.138 1e+20 1.0 1000.0 0 0
65 10006.138 1e+20 1.0 1000.0 0 0
66 10006.138 1e+20 1.0 1000.0 0 0
67 10006.138 1e+20 1.0 1000.0 0 0
68 10006.138 1e+20 1.0 1000.0 0 0
69 10006.138 1e+20 1.0 1000.0 0 0
70 10006.138 1e+20 1.0 1000.0 0 0
71 10006.138 1e+20 1.0 1000.0 0 0
72 10006.138 1e+20 1.0 1000.0 0 0
73 10006.138 1e+20 1.0 1000.0 0 0
74 10006.138 1e+20 1.0 1000.0 0 0
75 10006.138 1e+20 1.0 1000.0 0 0
76 10006.138 1e+20 1.0 1000.0 0 0
77 10006.138 1e+20 1.0 1000.0 0 0
78 10006.138 1e+20 1.0 1000.0 0 0
79 10006.138 1e+20 1.0 1000.0 0 0
80 10006.138 1e+20 1.0 1000.0 0 0
81 10006.138 1e+20 1.0 1000.0 0 0
82 10006.138 1e+20 1.0 1000.0 0 0
83 10006.138 1e+20 1.0 1000.0 0 0
84 10006.138 1e+20 1.0 1000.0 0 0
85 10006.138 1e+20 1.0 1000.0 0 0
86 10006.138 1e+20 1.0 1000.0 0 0
87 10006.138 1e+20 1.0 1000.0 0 0
88 10006.138 1e+20 1.0 1000.0 0 0
89 10006.138 1e+20 1.0 1000.0 0 0
90 10006.138 1e+20 1.0 1000.0 0 0
91 10006.138 1e+20 1.0 1000.0 0 0
92 10006.138 1e+20 1.0 1000.0 0 0
93 10006.138 1e+20 1.0 1000.0 0 0
94 10006.138 1e+20 1.0 1000.0 0 0
95 10006.138 1e+20 1.0 1000.0 0 0
96 10006.138 1e+20 1.0 1000.0 0 0
97 10006.138 1e+20 1.0 1000.0 0 0
98 10006.138 1e+20 1.0 1000.0 0 0
99 10006.138 1e+20 1.0 1000.0 0 0
100 10006.138 1e+20 1.0 1000.0 0 0
101 10006.138 1e+20 1.0 1000.0 0 0
102 10006.138 1e+20 1.0 1000.0 0 0
103 10006.138 1e+20 1.0 1000.0 0 0
104 10006.138 1e+20 1.0 1000.0 0 0
105 10006.138 1e+20 1.0 1000.0 0 0
106 10006.138 1e+20 1.0 1000.0 0 0
107 10006.138 1e+20 1.0 1000.0 0 0
108 10006.138 1e+20 1.0 1000.0 0 0
109 10006.138 1e+20 1.0 1000.0 0 0
110 10006.138 1e+20 1.0 1000.0 0 0
111 10006.138 1e+20 1.0 1000.0 0 0
112 10006.138 1e+20 1.0 1000.0 0 0
113 10006.138 1e+20 1.0 1000.0 0 0
114 10006.138 1e+20 1.0 1000.0 0 0
115 10006.138 1e+20 1.0 1000.0 0 0
116 10006.138 1e+20 1.0 1000.0 0 0
117 10006.138 1e+20 1.0 1000.0 0 0
118 10006.138 1e+20 1.0 1000.0 0 0
119 10006.138 1e+20 1.0 1000.0 0 0
120 10006.138 1e+20 1.0 1000.0 0 0
121 10006.138 1e+20 1.0 1000.0 0 0
122 10006.138 1e+20 1.0 1000.0 0 0
123 10006.138 1e+20 1.0 1000.0 0 0
124 10006.138 1e+20 1.0 1000.0 0 0
125 10006.138 1e+20 1.0 1000.0 0 0
126 10006.138 1e+20 1.0 1000.0 0 0
127 10006.138 1e+20 1.0 1000.0 0 0
128 10006.138 1e+20 1.0 1000.0 0 0
63636.36363636363
1 10006.237 1e+20 1.0 1000.0 0 0
2 10006.237 1e+20 1.0 1000.0 0 0
3 10006.237 1e+20 1.0 1000.0 0 0
4 10006.237 1e+20 1.0 1000.0 0 0
5 10006.237 1e+20 1.0 1000.0 0 0
6 10006.237 1e+20 1.0 1000.0 0 0
7 10006.237 1e+20 1.0 1000.0 0 0
8 10006.237 1e+20 1.0 1000.0 0 0
9 10006.237 1e+20 1.0 1000.0 0 0
10 10006.237 1e+20 1.0 1000.0 0 0
11 10006.237 1e+20 1.0 1000.0 0 0
12 10006.237 1e+20 1.0 1000.0 0 0
13 10006.237 1e+20 1.0 1000.0 0 0
14 10006.237 1e+20 1.0 1000.0 0 0
15 10006.237 1e+20 1.0 1000.0 0 0
16 10006.237 1e+20 1.0 1000.0 0 0
17 10006.237 1e+20 1.0 1000.0 0 0
18 10006.237 1e+20 1.0 1000.0 0 0
19 10006.237 1e+20 1.0 1000.0 0 0
20 10006.237 1e+20 1.0 1000.0 0 0
21 10006.237 1e+20 1.0 1000.0 0 0
22 10006.237 1e+20 1.0 1000.0 0 0
23 10006.237 1e+20 1.0 1000.0 0 0
24 10006.237 1e+20 1.0 1000.0 0 0
25 10006.237 1e+20 1.0 1000.0 0 0
26 10006.237 1e+20 1.0 1000.0 0 0
27 10006.237 1e+20 1.0 1000.0 0 0
28 10006.237 1e+20 1.0 1000.0 0 0
29 10006.237 1e+20 1.0 1000.0 0 0
30 10006.237 1e+20 1.0 1000.0 0 0
31 10006.237 1e+20 1.0 1000.0 0 0
32 10006.237 1e+20 1.0 1000.0 0 0
33 10006.237 1e+20 1.0 1000.0 0 0
34 10006.237 1e+20 1.0 1000.0 0 0
35 10006.237 1e+20 1.0 1000.0 0 0
36 10006.237 1e+20 1.0 1000.0 0 0
37 10006.237 1e+20 1.0 1000.0 0 0
38 10006.237 1e+20 1.0 1000.0 0 0
39 10006.237 1e+20 1.0 1000.0 0 0
40 10006.237 1e+20 1.0 1000.0 0 0
41 10006.237 1e+20 1.0 1000.0 0 0
42 10006.237 1e+20 1.0 1000.0 0 0
43 10006.237 1e+20 1.0 1000.0 0 0
44 10006.237 1e+20 1.0 1000.0 0 0
45 10006.237 1e+20 1.0 1000.0 0 0
46 10006.237 1e+20 1.0 1000.0 0 0
47 10006.237 1e+20 1.0 1000.0 0 0
48 10006.237 1e+20 1.0 1000.0 0 0
49 10006.237 1e+20 1.0 1000.0 0 0
50 10006.237 1e+20 1.0 1000.0 0 0
51 10006.237 1e+20 1.0 1000.0 0 0
52 10006.237 1e+20 1.0 1000.0 0 0
53 10006.237 1e+20 1.0 1000.0 0 0
54 10006.237 1e+20 1.0 1000.0 0 0
55 10006.237 1e+20 1.0 1000.0 0 0
56 10006.237 1e+20 1.0 1000.0 0 0
57 10006.237 1e+20 1.0 1000.0 0 0
58 10006.237 1e+20 1.0 1000.0 0 0
59 10006.237 1e+20 1.0 1000.0 0 0
60 10006.237 1e+20 1.0 1000.0 0 0
61 10006.237 1e+20 1.0 1000.0 0 0
62 10006.237 1e+20 1.0 1000.0 0 0
63 10006.237 1e+20 1.0 1000.0 0 0
64 10006.237 1e+20 1.0 1000.0 0 0
65 10006.237 1e+20 1.0 1000.0 0 0
66 10006.237 1e+20 1.0 1000.0 0 0
67 10006.237 1e+20 1.0 1000.0 0 0
68 10006.237 1e+20 1.0 1000.0 0 0
69 10006.237 1e+20 1.0 1000.0 0 0
70 10006.237 1e+20 1.0 1000.0 0 0
71 10006.237 1e+20 1.0 1000.0 0 0
72 10006.237 1e+20 1.0 1000.0 0 0
73 10006.237 1e+20 1.0 1000.0 0 0
74 10006.237 1e+20 1.0 1000.0 0 0
75 10006.237 1e+20 1.0 1000.0 0 0
76 10006.237 1e+20 1.0 1000.0 0 0
77 10006.237 1e+20 1.0 1000.0 0 0
78 10006.237 1e+20 1.0 1000.0 0 0
79 10006.237 1e+20 1.0 1000.0 0 0
80 10006.237 1e+20 1.0 1000.0 0 0
81 10006.237 1e+20 1.0 1000.0 0 0
82 10006.237 1e+20 1.0 1000.0 0 0
83 10006.237 1e+20 1.0 1000.0 0 0
84 10006.237 1e+20 1.0 1000.0 0 0
85 10006.237 1e+20 1.0 1000.0 0 0
86 10006.237 1e+20 1.0 1000.0 0 0
87 10006.237 1e+20 1.0 1000.0 0 0
88 10006.237 1e+20 1.0 1000.0 0 0
89 10006.237 1e+20 1.0 1000.0 0 0
90 10006.237 1e+20 1.0 1000.0 0 0
91 10006.237 1e+20 1.0 1000.0 0 0
92 10006.237 1e+20 1.0 1000.0 0 0
93 10006.237 1e+20 1.0 1000.0 0 0
94 10006.237 1e+20 1.0 1000.0 0 0
95 10006.237 1e+20 1.0 1000.0 0 0
96 10006.237 1e+20 1.0 1000.0 0 0
97 10006.237 1e+20 1.0 1000.0 0 0
98 10006.237 1e+20 1.0 1000.0 0 0
99 10006.237 1e+20 1.0 1000.0 0 0
100 10006.237 1e+20 1.0 1000.0 0 0
101 10006.237 1e+20 1.0 1000.0 0 0
102 10006.237 1e+20 1.0 1000.0 0 0
103 10006.237 1e+20 1.0 1000.0 0 0
104 10006.237 1e+20 1.0 1000.0 0 0
105 10006.237 1e+20 1.0 1000.0 0 0
106 10006.237 1e+20 1.0 1000.0 0 0
107 10006.237 1e+20 1.0 1000.0 0 0
108 10006.237 1e+20 1.0 1000.0 0 0
109 10006.237 1e+20 1.0 1000.0 0 0
110 10006.237 1e+20 1.0 1000.0 0 0
111 10006.237 1e+20 1.0 1000.0 0 0
112 10006.237 1e+20 1.0 1000.0 0 0
113 10006.237 1e+20 1.0 1000.0 0 0
114 10006.237 1e+20 1.0 1000.0 0 0
115 10006.237 1e+20 1.0 1000.0 0 0
116 10006.237 1e+20 1.0 1000.0 0 0
117 10006.237 1e+20 1.0 1000.0 0 0
118 10006.237 1e+20 1.0 1000.0 0 0
119 10006.237 1e+20 1.0 1000.0 0 0
120 10006.237 1e+20 1.0 1000.0 0 0
121 10006.237 1e+20 1.0 1000.0 0 0
122 10006.237 1e+20 1.0 1000.0 0 0
123 10006.237 1e+20 1.0 1000.0 0 0
124 10006.237 1e+20 1.0 1000.0 0 0
125 10006.237 1e+20 1.0 1000.0 0 0
126 10006.237 1e+20 1.0 1000.0 0 0
127 10006.237 1e+20 1.0 1000.0 0 0
128 10006.237 1e+20 1.0 1000.0 0 0
64646.46464646464
1 10006.336 1e+20 1.0 1000.0 0 0
2 10006.336 1e+20 1.0 1000.0 0 0
3 10006.336 1e+20 1.0 1000.0 0 0
4 10006.336 1e+20 1.0 1000.0 0 0
5 10006.336 1e+20 1.0 1000.0 0 0
6 10006.336 1e+20 1.0 1000.0 0 0
7 10006.336 1e+20 1.0 1000.0 0 0
8 10006.336 1e+20 1.0 1000.0 0 0
9 10006.336 1e+20 1.0 1000.0 0 0
10 10006.336 1e+20 1.0 1000.0 0 0
11 10006.336 1e+20 1.0 1000.0 0 0
12 10006.336 1e+20 1.0 1000.0 0 0
13 10006.336 1e+20 1.0 1000.0 0 0
14 10006.336 1e+20 1.0 1000.0 0 0
15 10006.336 1e+20 1.0 1000.0 0 0
16 10006.336 1e+20 1.0 1000.0 0 0
17 10006.336 1e+20 1.0 1000.0 0 0
18 10006.336 1e+20 1.0 1000.0 0 0
19 10006.336 1e+20 1.0 1000.0 0 0
20 10006.336 1e+20 1.0 1000.0 0 0
21 10006.336 1e+20 1.0 1000.0 0 0
22 10006.336 1e+20 1.0 1000.0 0 0
23 10006.336 1e+20 1.0 1000.0 0 0
24 10006.336 1e+20 1.0 1000.0 0 0
25 10006.336 1e+20 1.0 1000.0 0 0
26 10006.336 1e+20 1.0 1000.0 0 0
27 10006.336 1e+20 1.0 1000.0 0 0
28 10006.336 1e+20 1.0 1000.0 0 0
29 10006.336 1e+20 1.0 1000.0 0 0
30 10006.336 1e+20 1.0 1000.0 0 0
31 10006.336 1e+20 1.0 1000.0 0 0
32 10006.336 1e+20 1.0 1000.0 0 0
33 10006.336 1e+20 1.0 1000.0 0 0
34 10006.336 1e+20 1.0 1000.0 0 0
35 10006.336 1e+20 1.0 1000.0 0 0
36 10006.336 1e+20 1.0 1000.0 0 0
37 10006.336 1e+20 1.0 1000.0 0 0
38 10006.336 1e+20 1.0 1000.0 0 0
39 10006.336 1e+20 1.0 1000.0 0 0
40 10006.336 1e+20 1.0 1000.0 0 0
41 10006.336 1e+20 1.0 1000.0 0 0
42 10006.336 1e+20 1.0 1000.0 0 0
43 10006.336 1e+20 1.0 1000.0 0 0
44 10006.336 1e+20 1.0 1000.0 0 0
45 10006.336 1e+20 1.0 1000.0 0 0
46 10006.336 1e+20 1.0 1000.0 0 0
47 10006.336 1e+20 1.0 1000.0 0 0
48 10006.336 1e+20 1.0 1000.0 0 0
49 10006.336 1e+20 1.0 1000.0 0 0
50 10006.336 1e+20 1.0 1000.0 0 0
51 10006.336 1e+20 1.0 1000.0 0 0
52 10006.336 1e+20 1.0 1000.0 0 0
53 10006.336 1e+20 1.0 1000.0 0 0
54 10006.336 1e+20 1.0 1000.0 0 0
55 10006.336 1e+20 1.0 1000.0 0 0
56 10006.336 1e+20 1.0 1000.0 0 0
57 10006.336 1e+20 1.0 1000.0 0 0
58 10006.336 1e+20 1.0 1000.0 0 0
59 10006.336 1e+20 1.0 1000.0 0 0
60 10006.336 1e+20 1.0 1000.0 0 0
61 10006.336 1e+20 1.0 1000.0 0 0
62 10006.336 1e+20 1.0 1000.0 0 0
63 10006.336 1e+20 1.0 1000.0 0 0
64 10006.336 1e+20 1.0 1000.0 0 0
65 10006.336 1e+20 1.0 1000.0 0 0
66 10006.336 1e+20 1.0 1000.0 0 0
67 10006.336 1e+20 1.0 1000.0 0 0
68 10006.336 1e+20 1.0 1000.0 0 0
69 10006.336 1e+20 1.0 1000.0 0 0
70 10006.336 1e+20 1.0 1000.0 0 0
71 10006.336 1e+20 1.0 1000.0 0 0
72 10006.336 1e+20 1.0 1000.0 0 0
73 10006.336 1e+20 1.0 1000.0 0 0
74 10006.336 1e+20 1.0 1000.0 0 0
75 10006.336 1e+20 1.0 1000.0 0 0
76 10006.336 1e+20 1.0 1000.0 0 0
77 10006.336 1e+20 1.0 1000.0 0 0
78 10006.336 1e+20 1.0 1000.0 0 0
79 10006.336 1e+20 1.0 1000.0 0 0
80 10006.336 1e+20 1.0 1000.0 0 0
81 10006.336 1e+20 1.0 1000.0 0 0
82 10006.336 1e+20 1.0 1000.0 0 0
83 10006.336 1e+20 1.0 1000.0 0 0
84 10006.336 1e+20 1.0 1000.0 0 0
85 10006.336 1e+20 1.0 1000.0 0 0
86 10006.336 1e+20 1.0 1000.0 0 0
87 10006.336 1e+20 1.0 1000.0 0 0
88 10006.336 1e+20 1.0 1000.0 0 0
89 10006.336 1e+20 1.0 1000.0 0 0
90 10006.336 1e+20 1.0 1000.0 0 0
91 10006.336 1e+20 1.0 1000.0 0 0
92 10006.336 1e+20 1.0 1000.0 0 0
93 10006.336 1e+20 1.0 1000.0 0 0
94 10006.336 1e+20 1.0 1000.0 0 0
95 10006.336 1e+20 1.0 1000.0 0 0
96 10006.336 1e+20 1.0 1000.0 0 0
97 10006.336 1e+20 1.0 1000.0 0 0
98 10006.336 1e+20 1.0 1000.0 0 0
99 10006.336 1e+20 1.0 1000.0 0 0
100 10006.336 1e+20 1.0 1000.0 0 0
101 10006.336 1e+20 1.0 1000.0 0 0
102 10006.336 1e+20 1.0 1000.0 0 0
103 10006.336 1e+20 1.0 1000.0 0 0
104 10006.336 1e+20 1.0 1000.0 0 0
105 10006.336 1e+20 1.0 1000.0 0 0
106 10006.336 1e+20 1.0 1000.0 0 0
107 10006.336 1e+20 1.0 1000.0 0 0
108 10006.336 1e+20 1.0 1000.0 0 0
109 10006.336 1e+20 1.0 1000.0 0 0
110 10006.336 1e+20 1.0 1000.0 0 0
111 10006.336 1e+20 1.0 1000.0 0 0
112 10006.336 1e+20 1.0 1000.0 0 0
113 10006.336 1e+20 1.0 1000.0 0 0
114 10006.336 1e+20 1.0 1000.0 0 0
115 10006.336 1e+20 1.0 1000.0 0 0
116 10006.336 1e+20 1.0 1000.0 0 0
117 10006.336 1e+20 1.0 1000.0 0 0
118 10006.336 1e+20 1.0 1000.0 0 0
119 10006.336 1e+20 1.0 1000.0 0 0
120 10006.336 1e+20 1.0 1000.0 0 0
121 10006.336 1e+20 1.0 1000.0 0 0
122 10006.336 1e+20 1.0 1000.0 0 0
123 10006.336 1e+20 1.0 1000.0 0 0
124 10006.336 1e+20 1.0 1000.0 0 0
125 10006.336 1e+20 1.0 1000.0 0 0
126 10006.336 1e+20 1.0 1000.0 0 0
127 10006.336 1e+20 1.0 1000.0 0 0
128 10006.336 1e+20 1.0 1000.0 0 0
65656.56565656565
1 10006.435 1e+20 1.0 1000.0 0 0
2 10006.435 1e+20 1.0 1000.0 0 0
3 10006.435 1e+20 1.0 1000.0 0 0
4 10006.435 1e+20 1.0 1000.0 0 0
5 10006.435 1e+20 1.0 1000.0 0 0
6 10006.435 1e+20 1.0 1000.0 0 0
7 10006.435 1e+20 1.0 1000.0 0 0
8 10006.435 1e+20 1.0 1000.0 0 0
9 10006.435 1e+20 1.0 1000.0 0 0
10 10006.435 1e+20 1.0 1000.0 0 0
11 10006.435 1e+20 1.0 1000.0 0 0
12 10006.435 1e+20 1.0 1000.0 0 0
13 10006.435 1e+20 1.0 1000.0 0 0
14 10006.435 1e+20 1.0 1000.0 0 0
15 10006.435 1e+20 1.0 1000.0 0 0
16 10006.435 1e+20 1.0 1000.0 0 0
17 10006.435 1e+20 1.0 1000.0 0 0
18 10006.435 1e+20 1.0 1000.0 0 0
19 10006.435 1e+20 1.0 1000.0 0 0
20 10006.435 1e+20 1.0 1000.0 0 0
21 10006.435 1e+20 1.0 1000.0 0 0
22 10006.435 1e+20 1.0 1000.0 0 0
23 10006.435 1e+20 1.0 1000.0 0 0
24 10006.435 1e+20 1.0 1000.0 0 0
25 10006.435 1e+20 1.0 1000.0 0 0
26 10006.435 1e+20 1.0 1000.0 0 0
27 10006.435 1e+20 1.0 1000.0 0 0
28 10006.435 1e+20 1.0 1000.0 0 0
29 10006.435 1e+20 1.0 1000.0 0 0
30 10006.435 1e+20 1.0 1000.0 0 0
31 10006.435 1e+20 1.0 1000.0 0 0
32 10006.435 1e+20 1.0 1000.0 0 0
33 10006.435 1e+20 1.0 1000.0 0 0
34 10006.435 1e+20 1.0 1000.0 0 0
35 10006.435 1e+20 1.0 1000.0 0 0
36 10006.435 1e+20 1.0 1000.0 0 0
37 10006.435 1e+20 1.0 1000.0 0 0
38 10006.435 1e+20 1.0 1000.0 0 0
39 10006.435 1e+20 1.0 1000.0 0 0
40 10006.435 1e+20 1.0 1000.0 0 0
41 10006.435 1e+20 1.0 1000.0 0 0
42 10006.435 1e+20 1.0 1000.0 0 0
43 10006.435 1e+20 1.0 1000.0 0 0
44 10006.435 1e+20 1.0 1000.0 0 0
45 10006.435 1e+20 1.0 1000.0 0 0
46 10006.435 1e+20 1.0 1000.0 0 0
47 10006.435 1e+20 1.0 1000.0 0 0
48 10006.435 1e+20 1.0 1000.0 0 0
49 10006.435 1e+20 1.0 1000.0 0 0
50 10006.435 1e+20 1.0 1000.0 0 0
51 10006.435 1e+20 1.0 1000.0 0 0
52 10006.435 1e+20 1.0 1000.0 0 0
53 10006.435 1e+20 1.0 1000.0 0 0
54 10006.435 1e+20 1.0 1000.0 0 0
55 10006.435 1e+20 1.0 1000.0 0 0
56 10006.435 1e+20 1.0 1000.0 0 0
57 10006.435 1e+20 1.0 1000.0 0 0
58 10006.435 1e+20 1.0 1000.0 0 0
59 10006.435 1e+20 1.0 1000.0 0 0
60 10006.435 1e+20 1.0 1000.0 0 0
61 10006.435 1e+20 1.0 1000.0 0 0
62 10006.435 1e+20 1.0 1000.0 0 0
63 10006.435 1e+20 1.0 1000.0 0 0
64 10006.435 1e+20 1.0 1000.0 0 0
65 10006.435 1e+20 1.0 1000.0 0 0
66 10006.435 1e+20 1.0 1000.0 0 0
67 10006.435 1e+20 1.0 1000.0 0 0
68 10006.435 1e+20 1.0 1000.0 0 0
69 10006.435 1e+20 1.0 1000.0 0 0
70 10006.435 1e+20 1.0 1000.0 0 0
71 10006.435 1e+20 1.0 1000.0 0 0
72 10006.435 1e+20 1.0 1000.0 0 0
73 10006.435 1e+20 1.0 1000.0 0 0
74 10006.435 1e+20 1.0 1000.0 0 0
75 10006.435 1e+20 1.0 1000.0 0 0
76 10006.435 1e+20 1.0 1000.0 0 0
77 10006.435 1e+20 1.0 1000.0 0 0
78 10006.435 1e+20 1.0 1000.0 0 0
79 10006.435 1e+20 1.0 1000.0 0 0
80 10006.435 1e+20 1.0 1000.0 0 0
81 10006.435 1e+20 1.0 1000.0 0 0
82 10006.435 1e+20 1.0 1000.0 0 0
83 10006.435 1e+20 1.0 1000.0 0 0
84 10006.435 1e+20 1.0 1000.0 0 0
85 10006.435 1e+20 1.0 1000.0 0 0
86 10006.435 1e+20 1.0 1000.0 0 0
87 10006.435 1e+20 1.0 1000.0 0 0
88 10006.435 1e+20 1.0 1000.0 0 0
89 10006.435 1e+20 1.0 1000.0 0 0
90 10006.435 1e+20 1.0 1000.0 0 0
91 10006.435 1e+20 1.0 1000.0 0 0
92 10006.435 1e+20 1.0 1000.0 0 0
93 10006.435 1e+20 1.0 1000.0 0 0
94 10006.435 1e+20 1.0 1000.0 0 0
95 10006.435 1e+20 1.0 1000.0 0 0
96 10006.435 1e+20 1.0 1000.0 0 0
97 10006.435 1e+20 1.0 1000.0 0 0
98 10006.435 1e+20 1.0 1000.0 0 0
99 10006.435 1e+20 1.0 1000.0 0 0
100 10006.435 1e+20 1.0 1000.0 0 0
101 10006.435 1e+20 1.0 1000.0 0 0
102 10006.435 1e+20 1.0 1000.0 0 0
103 10006.435 1e+20 1.0 1000.0 0 0
104 10006.435 1e+20 1.0 1000.0 0 0
105 10006.435 1e+20 1.0 1000.0 0 0
106 10006.435 1e+20 1.0 1000.0 0 0
107 10006.435 1e+20 1.0 1000.0 0 0
108 10006.435 1e+20 1.0 1000.0 0 0
109 10006.435 1e+20 1.0 1000.0 0 0
110 10006.435 1e+20 1.0 1000.0 0 0
111 10006.435 1e+20 1.0 1000.0 0 0
112 10006.435 1e+20 1.0 1000.0 0 0
113 10006.435 1e+20 1.0 1000.0 0 0
114 10006.435 1e+20 1.0 1000.0 0 0
115 10006.435 1e+20 1.0 1000.0 0 0
116 10006.435 1e+20 1.0 1000.0 0 0
117 10006.435 1e+20 1.0 1000.0 0 0
118 10006.435 1e+20 1.0 1000.0 0 0
119 10006.435 1e+20 1.0 1000.0 0 0
120 10006.435 1e+20 1.0 1000.0 0 0
121 10006.435 1e+20 1.0 1000.0 0 0
122 10006.435 1e+20 1.0 1000.0 0 0
123 10006.435 1e+20 1.0 1000.0 0 0
124 10006.435 1e+20 1.0 1000.0 0 0
125 10006.435 1e+20 1.0 1000.0 0 0
126 10006.435 1e+20 1.0 1000.0 0 0
127 10006.435 1e+20 1.0 1000.0 0 0
128 10006.435 1e+20 1.0 1000.0 0 0
66666.66666666666
1 10006.534 1e+20 1.0 1000.0 0 0
2 10006.534 1e+20 1.0 1000.0 0 0
3 10006.534 1e+20 1.0 1000.0 0 0
4 10006.534 1e+20 1.0 1000.0 0 0
5 10006.534 1e+20 1.0 1000.0 0 0
6 10006.534 1e+20 1.0 1000.0 0 0
7 10006.534 1e+20 1.0 1000.0 0 0
8 10006.534 1e+20 1.0 1000.0 0 0
9 10006.534 1e+20 1.0 1000.0 0 0
10 10006.534 1e+20 1.0 1000.0 0 0
11 10006.534 1e+20 1.0 1000.0 0 0
12 10006.534 1e+20 1.0 1000.0 0 0
13 10006.534 1e+20 1.0 1000.0 0 0
14 10006.534 1e+20 1.0 1000.0 0 0
15 10006.534 1e+20 1.0 1000.0 0 0
16 10006.534 1e+20 1.0 1000.0 0 0
17 10006.534 1e+20 1.0 1000.0 0 0
18 10006.534 1e+20 1.0 1000.0 0 0
19 10006.534 1e+20 1.0 1000.0 0 0
20 10006.534 1e+20 1.0 1000.0 0 0
21 10006.534 1e+20 1.0 1000.0 0 0
22 10006.534 1e+20 1.0 1000.0 0 0
23 10006.534 1e+20 1.0 1000.0 0 0
24 10006.534 1e+20 1.0 1000.0 0 0
25 10006.534 1e+20 1.0 1000.0 0 0
26 10006.534 1e+20 1.0 1000.0 0 0
27 10006.534 1e+20 1.0 1000.0 0 0
28 10006.534 1e+20 1.0 1000.0 0 0
29 10006.534 1e+20 1.0 1000.0 0 0
30 10006.534 1e+20 1.0 1000.0 0 0
31 10006.534 1e+20 1.0 1000.0 0 0
32 10006.534 1e+20 1.0 1000.0 0 0
33 10006.534 1e+20 1.0 1000.0 0 0
34 10006.534 1e+20 1.0 1000.0 0 0
35 10006.534 1e+20 1.0 1000.0 0 0
36 10006.534 1e+20 1.0 1000.0 0 0
37 10006.534 1e+20 1.0 1000.0 0 0
38 10006.534 1e+20 1.0 1000.0 0 0
39 10006.534 1e+20 1.0 1000.0 0 0
40 10006.534 1e+20 1.0 1000.0 0 0
41 10006.534 1e+20 1.0 1000.0 0 0
42 10006.534 1e+20 1.0 1000.0 0 0
43 10006.534 1e+20 1.0 1000.0 0 0
44 10006.534 1e+20 1.0 1000.0 0 0
45 10006.534 1e+20 1.0 1000.0 0 0
46 10006.534 1e+20 1.0 1000.0 0 0
47 10006.534 1e+20 1.0 1000.0 0 0
48 10006.534 1e+20 1.0 1000.0 0 0
49 10006.534 1e+20 1.0 1000.0 0 0
50 10006.534 1e+20 1.0 1000.0 0 0
51 10006.534 1e+20 1.0 1000.0 0 0
52 10006.534 1e+20 1.0 1000.0 0 0
53 10006.534 1e+20 1.0 1000.0 0 0
54 10006.534 1e+20 1.0 1000.0 0 0
55 10006.534 1e+20 1.0 1000.0 0 0
56 10006.534 1e+20 1.0 1000.0 0 0
57 10006.534 1e+20 1.0 1000.0 0 0
58 10006.534 1e+20 1.0 1000.0 0 0
59 10006.534 1e+20 1.0 1000.0 0 0
60 10006.534 1e+20 1.0 1000.0 0 0
61 10006.534 1e+20 1.0 1000.0 0 0
62 10006.534 1e+20 1.0 1000.0 0 0
63 10006.534 1e+20 1.0 1000.0 0 0
64 10006.534 1e+20 1.0 1000.0 0 0
65 10006.534 1e+20 1.0 1000.0 0 0
66 10006.534 1e+20 1.0 1000.0 0 0
67 10006.534 1e+20 1.0 1000.0 0 0
68 10006.534 1e+20 1.0 1000.0 0 0
69 10006.534 1e+20 1.0 1000.0 0 0
70 10006.534 1e+20 1.0 1000.0 0 0
71 10006.534 1e+20 1.0 1000.0 0 0
72 10006.534 1e+20 1.0 1000.0 0 0
73 10006.534 1e+20 1.0 1000.0 0 0
74 10006.534 1e+20 1.0 1000.0 0 0
75 10006.534 1e+20 1.0 1000.0 0 0
76 10006.534 1e+20 1.0 1000.0 0 0
77 10006.534 1e+20 1.0 1000.0 0 0
78 10006.534 1e+20 1.0 1000.0 0 0
79 10006.534 1e+20 1.0 1000.0 0 0
80 10006.534 1e+20 1.0 1000.0 0 0
81 10006.534 1e+20 1.0 1000.0 0 0
82 10006.534 1e+20 1.0 1000.0 0 0
83 10006.534 1e+20 1.0 1000.0 0 0
84 10006.534 1e+20 1.0 1000.0 0 0
85 10006.534 1e+20 1.0 1000.0 0 0
86 10006.534 1e+20 1.0 1000.0 0 0
87 10006.534 1e+20 1.0 1000.0 0 0
88 10006.534 1e+20 1.0 1000.0 0 0
89 10006.534 1e+20 1.0 1000.0 0 0
90 10006.534 1e+20 1.0 1000.0 0 0
91 10006.534 1e+20 1.0 1000.0 0 0
92 10006.534 1e+20 1.0 1000.0 0 0
93 10006.534 1e+20 1.0 1000.0 0 0
94 10006.534 1e+20 1.0 1000.0 0 0
95 10006.534 1e+20 1.0 1000.0 0 0
96 10006.534 1e+20 1.0 1000.0 0 0
97 10006.534 1e+20 1.0 1000.0 0 0
98 10006.534 1e+20 1.0 1000.0 0 0
99 10006.534 1e+20 1.0 1000.0 0 0
100 10006.534 1e+20 1.0 1000.0 0 0
101 10006.534 1e+20 1.0 1000.0 0 0
102 10006.534 1e+20 1.0 1000.0 0 0
103 10006.534 1e+20 1.0 1000.0 0 0
104 10006.534 1e+20 1.0 1000.0 0 0
105 10006.534 1e+20 1.0 1000.0 0 0
106 10006.534 1e+20 1.0 1000.0 0 0
107 10006.534 1e+20 1.0 1000.0 0 0
108 10006.534 1e+20 1.0 1000.0 0 0
109 10006.534 1e+20 1.0 1000.0 0 0
110 10006.534 1e+20 1.0 1000.0 0 0
111 10006.534 1e+20 1.0 1000.0 0 0
112 10006.534 1e+20 1.0 1000.0 0 0
113 10006.534 1e+20 1.0 1000.0 0 0
114 10006.534 1e+20 1.0 1000.0 0 0
115 10006.534 1e+20 1.0 1000.0 0 0
116 10006.534 1e+20 1.0 1000.0 0 0
117 10006.534 1e+20 1.0 1000.0 0 0
118 10006.534 1e+20 1.0 1000.0 0 0
119 10006.534 1e+20 1.0 1000.0 0 0
120 10006.534 1e+20 1.0 1000.0 0 0
121 10006.534 1e+20 1.0 1000.0 0 0
122 10006.534 1e+20 1.0 1000.0 0 0
123 10006.534 1e+20 1.0 1000.0 0 0
124 10006.534 1e+20 1.0 1000.0 0 0
125 10006.534 1e+20 1.0 1000.0 0 0
126 10006.534 1e+20 1.0 1000.0 0 0
127 10006.534 1e+20 1.0 1000.0 0 0
128 10006.534 1e+20 1.0 1000.0 0 0
67676.76767676767
1 10006.633 1e+20 1.0 1000.0 0 0
2 10006.633 1e+20 1.0 1000.0 0 0
3 10006.633 1e+20 1.0 1000.0 0 0
4 10006.633 1e+20 1.0 1000.0 0 0
5 10006.633 1e+20 1.0 1000.0 0 0
6 10006.633 1e+20 1.0 1000.0 0 0
7 10006.633 1e+20 1.0 1000.0 0 0
8 10006.633 1e+20 1.0 1000.0 0 0
9 10006.633 1e+20 1.0 1000.0 0 0
10 10006.633 1e+20 1.0 1000.0 0 0
11 10006.633 1e+20 1.0 1000.0 0 0
12 10006.633 1e+20 1.0 1000.0 0 0
13 10006.633 1e+20 1.0 1000.0 0 0
14 10006.633 1e+20 1.0 1000.0 0 0
15 10006.633 1e+20 1.0 1000.0 0 0
16 10006.633 1e+20 1.0 1000.0 0 0
17 10006.633 1e+20 1.0 1000.0 0 0
18 10006.633 1e+20 1.0 1000.0 0 0
19 10006.633 1e+20 1.0 1000.0 0 0
20 10006.633 1e+20 1.0 1000.0 0 0
21 10006.633 1e+20 1.0 1000.0 0 0
22 10006.633 1e+20 1.0 1000.0 0 0
23 10006.633 1e+20 1.0 1000.0 0 0
24 10006.633 1e+20 1.0 1000.0 0 0
25 10006.633 1e+20 1.0 1000.0 0 0
26 10006.633 1e+20 1.0 1000.0 0 0
27 10006.633 1e+20 1.0 1000.0 0 0
28 10006.633 1e+20 1.0 1000.0 0 0
29 10006.633 1e+20 1.0 1000.0 0 0
30 10006.633 1e+20 1.0 1000.0 0 0
31 10006.633 1e+20 1.0 1000.0 0 0
32 10006.633 1e+20 1.0 1000.0 0 0
33 10006.633 1e+20 1.0 1000.0 0 0
34 10006.633 1e+20 1.0 1000.0 0 0
35 10006.633 1e+20 1.0 1000.0 0 0
36 10006.633 1e+20 1.0 1000.0 0 0
37 10006.633 1e+20 1.0 1000.0 0 0
38 10006.633 1e+20 1.0 1000.0 0 0
39 10006.633 1e+20 1.0 1000.0 0 0
40 10006.633 1e+20 1.0 1000.0 0 0
41 10006.633 1e+20 1.0 1000.0 0 0
42 10006.633 1e+20 1.0 1000.0 0 0
43 10006.633 1e+20 1.0 1000.0 0 0
44 10006.633 1e+20 1.0 1000.0 0 0
45 10006.633 1e+20 1.0 1000.0 0 0
46 10006.633 1e+20 1.0 1000.0 0 0
47 10006.633 1e+20 1.0 1000.0 0 0
48 10006.633 1e+20 1.0 1000.0 0 0
49 10006.633 1e+20 1.0 1000.0 0 0
50 10006.633 1e+20 1.0 1000.0 0 0
51 10006.633 1e+20 1.0 1000.0 0 0
52 10006.633 1e+20 1.0 1000.0 0 0
53 10006.633 1e+20 1.0 1000.0 0 0
54 10006.633 1e+20 1.0 1000.0 0 0
55 10006.633 1e+20 1.0 1000.0 0 0
56 10006.633 1e+20 1.0 1000.0 0 0
57 10006.633 1e+20 1.0 1000.0 0 0
58 10006.633 1e+20 1.0 1000.0 0 0
59 10006.633 1e+20 1.0 1000.0 0 0
60 10006.633 1e+20 1.0 1000.0 0 0
61 10006.633 1e+20 1.0 1000.0 0 0
62 10006.633 1e+20 1.0 1000.0 0 0
63 10006.633 1e+20 1.0 1000.0 0 0
64 10006.633 1e+20 1.0 1000.0 0 0
65 10006.633 1e+20 1.0 1000.0 0 0
66 10006.633 1e+20 1.0 1000.0 0 0
67 10006.633 1e+20 1.0 1000.0 0 0
68 10006.633 1e+20 1.0 1000.0 0 0
69 10006.633 1e+20 1.0 1000.0 0 0
70 10006.633 1e+20 1.0 1000.0 0 0
71 10006.633 1e+20 1.0 1000.0 0 0
72 10006.633 1e+20 1.0 1000.0 0 0
73 10006.633 1e+20 1.0 1000.0 0 0
74 10006.633 1e+20 1.0 1000.0 0 0
75 10006.633 1e+20 1.0 1000.0 0 0
76 10006.633 1e+20 1.0 1000.0 0 0
77 10006.633 1e+20 1.0 1000.0 0 0
78 10006.633 1e+20 1.0 1000.0 0 0
79 10006.633 1e+20 1.0 1000.0 0 0
80 10006.633 1e+20 1.0 1000.0 0 0
81 10006.633 1e+20 1.0 1000.0 0 0
82 10006.633 1e+20 1.0 1000.0 0 0
83 10006.633 1e+20 1.0 1000.0 0 0
84 10006.633 1e+20 1.0 1000.0 0 0
85 10006.633 1e+20 1.0 1000.0 0 0
86 10006.633 1e+20 1.0 1000.0 0 0
87 10006.633 1e+20 1.0 1000.0 0 0
88 10006.633 1e+20 1.0 1000.0 0 0
89 10006.633 1e+20 1.0 1000.0 0 0
90 10006.633 1e+20 1.0 1000.0 0 0
91 10006.633 1e+20 1.0 1000.0 0 0
92 10006.633 1e+20 1.0 1000.0 0 0
93 10006.633 1e+20 1.0 1000.0 0 0
94 10006.633 1e+20 1.0 1000.0 0 0
95 10006.633 1e+20 1.0 1000.0 0 0
96 10006.633 1e+20 1.0 1000.0 0 0
97 10006.633 1e+20 1.0 1000.0 0 0
98 10006.633 1e+20 1.0 1000.0 0 0
99 10006.633 1e+20 1.0 1000.0 0 0
100 10006.633 1e+20 1.0 1000.0 0 0
101 10006.633 1e+20 1.0 1000.0 0 0
102 10006.633 1e+20 1.0 1000.0 0 0
103 10006.633 1e+20 1.0 1000.0 0 0
104 10006.633 1e+20 1.0 1000.0 0 0
105 10006.633 1e+20 1.0 1000.0 0 0
106 10006.633 1e+20 1.0 1000.0 0 0
107 10006.633 1e+20 1.0 1000.0 0 0
108 10006.633 1e+20 1.0 1000.0 0 0
109 10006.633 1e+20 1.0 1000.0 0 0
110 10006.633 1e+20 1.0 1000.0 0 0
111 10006.633 1e+20 1.0 1000.0 0 0
112 10006.633 1e+20 1.0 1000.0 0 0
113 10006.633 1e+20 1.0 1000.0 0 0
114 10006.633 1e+20 1.0 1000.0 0 0
115 10006.633 1e+20 1.0 1000.0 0 0
116 10006.633 1e+20 1.0 1000.0 0 0
117 10006.633 1e+20 1.0 1000.0 0 0
118 10006.633 1e+20 1.0 1000.0 0 0
119 10006.633 1e+20 1.0 1000.0 0 0
120 10006.633 1e+20 1.0 1000.0 0 0
121 10006.633 1e+20 1.0 1000.0 0 0
122 10006.633 1e+20 1.0 1000.0 0 0
123 10006.633 1e+20 1.0 1000.0 0 0
124 10006.633 1e+20 1.0 1000.0 0 0
125 10006.633 1e+20 1.0 1000.0 0 0
126 10006.633 1e+20 1.0 1000.0 0 0
127 10006.633 1e+20 1.0 1000.0 0 0
128 10006.633 1e+20 1.0 1000.0 0 0
68686.86868686868
1 10006.732 1e+20 1.0 1000.0 0 0
2 10006.732 1e+20 1.0 1000.0 0 0
3 10006.732 1e+20 1.0 1000.0 0 0
4 10006.732 1e+20 1.0 1000.0 0 0
5 10006.732 1e+20 1.0 1000.0 0 0
6 10006.732 1e+20 1.0 1000.0 0 0
7 10006.732 1e+20 1.0 1000.0 0 0
8 10006.732 1e+20 1.0 1000.0 0 0
9 10006.732 1e+20 1.0 1000.0 0 0
10 10006.732 1e+20 1.0 1000.0 0 0
11 10006.732 1e+20 1.0 1000.0 0 0
12 10006.732 1e+20 1.0 1000.0 0 0
13 10006.732 1e+20 1.0 1000.0 0 0
14 10006.732 1e+20 1.0 1000.0 0 0
15 10006.732 1e+20 1.0 1000.0 0 0
16 10006.732 1e+20 1.0 1000.0 0 0
17 10006.732 1e+20 1.0 1000.0 0 0
18 10006.732 1e+20 1.0 1000.0 0 0
19 10006.732 1e+20 1.0 1000.0 0 0
20 10006.732 1e+20 1.0 1000.0 0 0
21 10006.732 1e+20 1.0 1000.0 0 0
22 10006.732 1e+20 1.0 1000.0 0 0
23 10006.732 1e+20 1.0 1000.0 0 0
24 10006.732 1e+20 1.0 1000.0 0 0
25 10006.732 1e+20 1.0 1000.0 0 0
26 10006.732 1e+20 1.0 1000.0 0 0
27 10006.732 1e+20 1.0 1000.0 0 0
28 10006.732 1e+20 1.0 1000.0 0 0
29 10006.732 1e+20 1.0 1000.0 0 0
30 10006.732 1e+20 1.0 1000.0 0 0
31 10006.732 1e+20 1.0 1000.0 0 0
32 10006.732 1e+20 1.0 1000.0 0 0
33 10006.732 1e+20 1.0 1000.0 0 0
34 10006.732 1e+20 1.0 1000.0 0 0
35 10006.732 1e+20 1.0 1000.0 0 0
36 10006.732 1e+20 1.0 1000.0 0 0
37 10006.732 1e+20 1.0 1000.0 0 0
38 10006.732 1e+20 1.0 1000.0 0 0
39 10006.732 1e+20 1.0 1000.0 0 0
40 10006.732 1e+20 1.0 1000.0 0 0
41 10006.732 1e+20 1.0 1000.0 0 0
42 10006.732 1e+20 1.0 1000.0 0 0
43 10006.732 1e+20 1.0 1000.0 0 0
44 10006.732 1e+20 1.0 1000.0 0 0
45 10006.732 1e+20 1.0 1000.0 0 0
46 10006.732 1e+20 1.0 1000.0 0 0
47 10006.732 1e+20 1.0 1000.0 0 0
48 10006.732 1e+20 1.0 1000.0 0 0
49 10006.732 1e+20 1.0 1000.0 0 0
50 10006.732 1e+20 1.0 1000.0 0 0
51 10006.732 1e+20 1.0 1000.0 0 0
52 10006.732 1e+20 1.0 1000.0 0 0
53 10006.732 1e+20 1.0 1000.0 0 0
54 10006.732 1e+20 1.0 1000.0 0 0
55 10006.732 1e+20 1.0 1000.0 0 0
56 10006.732 1e+20 1.0 1000.0 0 0
57 10006.732 1e+20 1.0 1000.0 0 0
58 10006.732 1e+20 1.0 1000.0 0 0
59 10006.732 1e+20 1.0 1000.0 0 0
60 10006.732 1e+20 1.0 1000.0 0 0
61 10006.732 1e+20 1.0 1000.0 0 0
62 10006.732 1e+20 1.0 1000.0 0 0
63 10006.732 1e+20 1.0 1000.0 0 0
64 10006.732 1e+20 1.0 1000.0 0 0
65 10006.732 1e+20 1.0 1000.0 0 0
66 10006.732 1e+20 1.0 1000.0 0 0
67 10006.732 1e+20 1.0 1000.0 0 0
68 10006.732 1e+20 1.0 1000.0 0 0
69 10006.732 1e+20 1.0 1000.0 0 0
70 10006.732 1e+20 1.0 1000.0 0 0
71 10006.732 1e+20 1.0 1000.0 0 0
72 10006.732 1e+20 1.0 1000.0 0 0
73 10006.732 1e+20 1.0 1000.0 0 0
74 10006.732 1e+20 1.0 1000.0 0 0
75 10006.732 1e+20 1.0 1000.0 0 0
76 10006.732 1e+20 1.0 1000.0 0 0
77 10006.732 1e+20 1.0 1000.0 0 0
78 10006.732 1e+20 1.0 1000.0 0 0
79 10006.732 1e+20 1.0 1000.0 0 0
80 10006.732 1e+20 1.0 1000.0 0 0
81 10006.732 1e+20 1.0 1000.0 0 0
82 10006.732 1e+20 1.0 1000.0 0 0
83 10006.732 1e+20 1.0 1000.0 0 0
84 10006.732 1e+20 1.0 1000.0 0 0
85 10006.732 1e+20 1.0 1000.0 0 0
86 10006.732 1e+20 1.0 1000.0 0 0
87 10006.732 1e+20 1.0 1000.0 0 0
88 10006.732 1e+20 1.0 1000.0 0 0
89 10006.732 1e+20 1.0 1000.0 0 0
90 10006.732 1e+20 1.0 1000.0 0 0
91 10006.732 1e+20 1.0 1000.0 0 0
92 10006.732 1e+20 1.0 1000.0 0 0
93 10006.732 1e+20 1.0 1000.0 0 0
94 10006.732 1e+20 1.0 1000.0 0 0
95 10006.732 1e+20 1.0 1000.0 0 0
96 10006.732 1e+20 1.0 1000.0 0 0
97 10006.732 1e+20 1.0 1000.0 0 0
98 10006.732 1e+20 1.0 1000.0 0 0
99 10006.732 1e+20 1.0 1000.0 0 0
100 10006.732 1e+20 1.0 1000.0 0 0
101 10006.732 1e+20 1.0 1000.0 0 0
102 10006.732 1e+20 1.0 1000.0 0 0
103 10006.732 1e+20 1.0 1000.0 0 0
104 10006.732 1e+20 1.0 1000.0 0 0
105 10006.732 1e+20 1.0 1000.0 0 0
106 10006.732 1e+20 1.0 1000.0 0 0
107 10006.732 1e+20 1.0 1000.0 0 0
108 10006.732 1e+20 1.0 1000.0 0 0
109 10006.732 1e+20 1.0 1000.0 0 0
110 10006.732 1e+20 1.0 1000.0 0 0
111 10006.732 1e+20 1.0 1000.0 0 0
112 10006.732 1e+20 1.0 1000.0 0 0
113 10006.732 1e+20 1.0 1000.0 0 0
114 10006.732 1e+20 1.0 1000.0 0 0
115 10006.732 1e+20 1.0 1000.0 0 0
116 10006.732 1e+20 1.0 1000.0 0 0
117 10006.732 1e+20 1.0 1000.0 0 0
118 10006.732 1e+20 1.0 1000.0 0 0
119 10006.732 1e+20 1.0 1000.0 0 0
120 10006.732 1e+20 1.0 1000.0 0 0
121 10006.732 1e+20 1.0 1000.0 0 0
122 10006.732 1e+20 1.0 1000.0 0 0
123 10006.732 1e+20 1.0 1000.0 0 0
124 10006.732 1e+20 1.0 1000.0 0 0
125 10006.732 1e+20 1.0 1000.0 0 0
126 10006.732 1e+20 1.0 1000.0 0 0
127 10006.732 1e+20 1.0 1000.0 0 0
128 10006.732 1e+20 1.0 1000.0 0 0
69696.9696969697
1 10006.831 1e+20 1.0 1000.0 0 0
2 10006.831 1e+20 1.0 1000.0 0 0
3 10006.831 1e+20 1.0 1000.0 0 0
4 10006.831 1e+20 1.0 1000.0 0 0
5 10006.831 1e+20 1.0 1000.0 0 0
6 10006.831 1e+20 1.0 1000.0 0 0
7 10006.831 1e+20 1.0 1000.0 0 0
8 10006.831 1e+20 1.0 1000.0 0 0
9 10006.831 1e+20 1.0 1000.0 0 0
10 10006.831 1e+20 1.0 1000.0 0 0
11 10006.831 1e+20 1.0 1000.0 0 0
12 10006.831 1e+20 1.0 1000.0 0 0
13 10006.831 1e+20 1.0 1000.0 0 0
14 10006.831 1e+20 1.0 1000.0 0 0
15 10006.831 1e+20 1.0 1000.0 0 0
16 10006.831 1e+20 1.0 1000.0 0 0
17 10006.831 1e+20 1.0 1000.0 0 0
18 10006.831 1e+20 1.0 1000.0 0 0
19 10006.831 1e+20 1.0 1000.0 0 0
20 10006.831 1e+20 1.0 1000.0 0 0
21 10006.831 1e+20 1.0 1000.0 0 0
22 10006.831 1e+20 1.0 1000.0 0 0
23 10006.831 1e+20 1.0 1000.0 0 0
24 10006.831 1e+20 1.0 1000.0 0 0
25 10006.831 1e+20 1.0 1000.0 0 0
26 10006.831 1e+20 1.0 1000.0 0 0
27 10006.831 1e+20 1.0 1000.0 0 0
28 10006.831 1e+20 1.0 1000.0 0 0
29 10006.831 1e+20 1.0 1000.0 0 0
30 10006.831 1e+20 1.0 1000.0 0 0
31 10006.831 1e+20 1.0 1000.0 0 0
32 10006.831 1e+20 1.0 1000.0 0 0
33 10006.831 1e+20 1.0 1000.0 0 0
34 10006.831 1e+20 1.0 1000.0 0 0
35 10006.831 1e+20 1.0 1000.0 0 0
36 10006.831 1e+20 1.0 1000.0 0 0
37 10006.831 1e+20 1.0 1000.0 0 0
38 10006.831 1e+20 1.0 1000.0 0 0
39 10006.831 1e+20 1.0 1000.0 0 0
40 10006.831 1e+20 1.0 1000.0 0 0
41 10006.831 1e+20 1.0 1000.0 0 0
42 10006.831 1e+20 1.0 1000.0 0 0
43 10006.831 1e+20 1.0 1000.0 0 0
44 10006.831 1e+20 1.0 1000.0 0 0
45 10006.831 1e+20 1.0 1000.0 0 0
46 10006.831 1e+20 1.0 1000.0 0 0
47 10006.831 1e+20 1.0 1000.0 0 0
48 10006.831 1e+20 1.0 1000.0 0 0
49 10006.831 1e+20 1.0 1000.0 0 0
50 10006.831 1e+20 1.0 1000.0 0 0
51 10006.831 1e+20 1.0 1000.0 0 0
52 10006.831 1e+20 1.0 1000.0 0 0
53 10006.831 1e+20 1.0 1000.0 0 0
54 10006.831 1e+20 1.0 1000.0 0 0
55 10006.831 1e+20 1.0 1000.0 0 0
56 10006.831 1e+20 1.0 1000.0 0 0
57 10006.831 1e+20 1.0 1000.0 0 0
58 10006.831 1e+20 1.0 1000.0 0 0
59 10006.831 1e+20 1.0 1000.0 0 0
60 10006.831 1e+20 1.0 1000.0 0 0
61 10006.831 1e+20 1.0 1000.0 0 0
62 10006.831 1e+20 1.0 1000.0 0 0
63 10006.831 1e+20 1.0 1000.0 0 0
64 10006.831 1e+20 1.0 1000.0 0 0
65 10006.831 1e+20 1.0 1000.0 0 0
66 10006.831 1e+20 1.0 1000.0 0 0
67 10006.831 1e+20 1.0 1000.0 0 0
68 10006.831 1e+20 1.0 1000.0 0 0
69 10006.831 1e+20 1.0 1000.0 0 0
70 10006.831 1e+20 1.0 1000.0 0 0
71 10006.831 1e+20 1.0 1000.0 0 0
72 10006.831 1e+20 1.0 1000.0 0 0
73 10006.831 1e+20 1.0 1000.0 0 0
74 10006.831 1e+20 1.0 1000.0 0 0
75 10006.831 1e+20 1.0 1000.0 0 0
76 10006.831 1e+20 1.0 1000.0 0 0
77 10006.831 1e+20 1.0 1000.0 0 0
78 10006.831 1e+20 1.0 1000.0 0 0
79 10006.831 1e+20 1.0 1000.0 0 0
80 10006.831 1e+20 1.0 1000.0 0 0
81 10006.831 1e+20 1.0 1000.0 0 0
82 10006.831 1e+20 1.0 1000.0 0 0
83 10006.831 1e+20 1.0 1000.0 0 0
84 10006.831 1e+20 1.0 1000.0 0 0
85 10006.831 1e+20 1.0 1000.0 0 0
86 10006.831 1e+20 1.0 1000.0 0 0
87 10006.831 1e+20 1.0 1000.0 0 0
88 10006.831 1e+20 1.0 1000.0 0 0
89 10006.831 1e+20 1.0 1000.0 0 0
90 10006.831 1e+20 1.0 1000.0 0 0
91 10006.831 1e+20 1.0 1000.0 0 0
92 10006.831 1e+20 1.0 1000.0 0 0
93 10006.831 1e+20 1.0 1000.0 0 0
94 10006.831 1e+20 1.0 1000.0 0 0
95 10006.831 1e+20 1.0 1000.0 0 0
96 10006.831 1e+20 1.0 1000.0 0 0
97 10006.831 1e+20 1.0 1000.0 0 0
98 10006.831 1e+20 1.0 1000.0 0 0
99 10006.831 1e+20 1.0 1000.0 0 0
100 10006.831 1e+20 1.0 1000.0 0 0
101 10006.831 1e+20 1.0 1000.0 0 0
102 10006.831 1e+20 1.0 1000.0 0 0
103 10006.831 1e+20 1.0 1000.0 0 0
104 10006.831 1e+20 1.0 1000.0 0 0
105 10006.831 1e+20 1.0 1000.0 0 0
106 10006.831 1e+20 1.0 1000.0 0 0
107 10006.831 1e+20 1.0 1000.0 0 0
108 10006.831 1e+20 1.0 1000.0 0 0
109 10006.831 1e+20 1.0 1000.0 0 0
110 10006.831 1e+20 1.0 1000.0 0 0
111 10006.831 1e+20 1.0 1000.0 0 0
112 10006.831 1e+20 1.0 1000.0 0 0
113 10006.831 1e+20 1.0 1000.0 0 0
114 10006.831 1e+20 1.0 1000.0 0 0
115 10006.831 1e+20 1.0 1000.0 0 0
116 10006.831 1e+20 1.0 1000.0 0 0
117 10006.831 1e+20 1.0 1000.0 0 0
118 10006.831 1e+20 1.0 1000.0 0 0
119 10006.831 1e+20 1.0 1000.0 0 0
120 10006.831 1e+20 1.0 1000.0 0 0
121 10006.831 1e+20 1.0 1000.0 0 0
122 10006.831 1e+20 1.0 1000.0 0 0
123 10006.831 1e+20 1.0 1000.0 0 0
124 10006.831 1e+20 1.0 1000.0 0 0
125 10006.831 1e+20 1.0 1000.0 0 0
126 10006.831 1e+20 1.0 1000.0 0 0
127 10006.831 1e+20 1.0 1000.0 0 0
128 10006.831 1e+20 1.0 1000.0 0 0
70707.0707070707
1 10006.93 1e+20 1.0 1000.0 0 0
2 10006.93 1e+20 1.0 1000.0 0 0
3 10006.93 1e+20 1.0 1000.0 0 0
4 10006.93 1e+20 1.0 1000.0 0 0
5 10006.93 1e+20 1.0 1000.0 0 0
6 10006.93 1e+20 1.0 1000.0 0 0
7 10006.93 1e+20 1.0 1000.0 0 0
8 10006.93 1e+20 1.0 1000.0 0 0
9 10006.93 1e+20 1.0 1000.0 0 0
10 10006.93 1e+20 1.0 1000.0 0 0
11 10006.93 1e+20 1.0 1000.0 0 0
12 10006.93 1e+20 1.0 1000.0 0 0
13 10006.93 1e+20 1.0 1000.0 0 0
14 10006.93 1e+20 1.0 1000.0 0 0
15 10006.93 1e+20 1.0 1000.0 0 0
16 10006.93 1e+20 1.0 1000.0 0 0
17 10006.93 1e+20 1.0 1000.0 0 0
18 10006.93 1e+20 1.0 1000.0 0 0
19 10006.93 1e+20 1.0 1000.0 0 0
20 10006.93 1e+20 1.0 1000.0 0 0
21 10006.93 1e+20 1.0 1000.0 0 0
22 10006.93 1e+20 1.0 1000.0 0 0
23 10006.93 1e+20 1.0 1000.0 0 0
24 10006.93 1e+20 1.0 1000.0 0 0
25 10006.93 1e+20 1.0 1000.0 0 0
26 10006.93 1e+20 1.0 1000.0 0 0
27 10006.93 1e+20 1.0 1000.0 0 0
28 10006.93 1e+20 1.0 1000.0 0 0
29 10006.93 1e+20 1.0 1000.0 0 0
30 10006.93 1e+20 1.0 1000.0 0 0
31 10006.93 1e+20 1.0 1000.0 0 0
32 10006.93 1e+20 1.0 1000.0 0 0
33 10006.93 1e+20 1.0 1000.0 0 0
34 10006.93 1e+20 1.0 1000.0 0 0
35 10006.93 1e+20 1.0 1000.0 0 0
36 10006.93 1e+20 1.0 1000.0 0 0
37 10006.93 1e+20 1.0 1000.0 0 0
38 10006.93 1e+20 1.0 1000.0 0 0
39 10006.93 1e+20 1.0 1000.0 0 0
40 10006.93 1e+20 1.0 1000.0 0 0
41 10006.93 1e+20 1.0 1000.0 0 0
42 10006.93 1e+20 1.0 1000.0 0 0
43 10006.93 1e+20 1.0 1000.0 0 0
44 10006.93 1e+20 1.0 1000.0 0 0
45 10006.93 1e+20 1.0 1000.0 0 0
46 10006.93 1e+20 1.0 1000.0 0 0
47 10006.93 1e+20 1.0 1000.0 0 0
48 10006.93 1e+20 1.0 1000.0 0 0
49 10006.93 1e+20 1.0 1000.0 0 0
50 10006.93 1e+20 1.0 1000.0 0 0
51 10006.93 1e+20 1.0 1000.0 0 0
52 10006.93 1e+20 1.0 1000.0 0 0
53 10006.93 1e+20 1.0 1000.0 0 0
54 10006.93 1e+20 1.0 1000.0 0 0
55 10006.93 1e+20 1.0 1000.0 0 0
56 10006.93 1e+20 1.0 1000.0 0 0
57 10006.93 1e+20 1.0 1000.0 0 0
58 10006.93 1e+20 1.0 1000.0 0 0
59 10006.93 1e+20 1.0 1000.0 0 0
60 10006.93 1e+20 1.0 1000.0 0 0
61 10006.93 1e+20 1.0 1000.0 0 0
62 10006.93 1e+20 1.0 1000.0 0 0
63 10006.93 1e+20 1.0 1000.0 0 0
64 10006.93 1e+20 1.0 1000.0 0 0
65 10006.93 1e+20 1.0 1000.0 0 0
66 10006.93 1e+20 1.0 1000.0 0 0
67 10006.93 1e+20 1.0 1000.0 0 0
68 10006.93 1e+20 1.0 1000.0 0 0
69 10006.93 1e+20 1.0 1000.0 0 0
70 10006.93 1e+20 1.0 1000.0 0 0
71 10006.93 1e+20 1.0 1000.0 0 0
72 10006.93 1e+20 1.0 1000.0 0 0
73 10006.93 1e+20 1.0 1000.0 0 0
74 10006.93 1e+20 1.0 1000.0 0 0
75 10006.93 1e+20 1.0 1000.0 0 0
76 10006.93 1e+20 1.0 1000.0 0 0
77 10006.93 1e+20 1.0 1000.0 0 0
78 10006.93 1e+20 1.0 1000.0 0 0
79 10006.93 1e+20 1.0 1000.0 0 0
80 10006.93 1e+20 1.0 1000.0 0 0
81 10006.93 1e+20 1.0 1000.0 0 0
82 10006.93 1e+20 1.0 1000.0 0 0
83 10006.93 1e+20 1.0 1000.0 0 0
84 10006.93 1e+20 1.0 1000.0 0 0
85 10006.93 1e+20 1.0 1000.0 0 0
86 10006.93 1e+20 1.0 1000.0 0 0
87 10006.93 1e+20 1.0 1000.0 0 0
88 10006.93 1e+20 1.0 1000.0 0 0
89 10006.93 1e+20 1.0 1000.0 0 0
90 10006.93 1e+20 1.0 1000.0 0 0
91 10006.93 1e+20 1.0 1000.0 0 0
92 10006.93 1e+20 1.0 1000.0 0 0
93 10006.93 1e+20 1.0 1000.0 0 0
94 10006.93 1e+20 1.0 1000.0 0 0
95 10006.93 1e+20 1.0 1000.0 0 0
96 10006.93 1e+20 1.0 1000.0 0 0
97 10006.93 1e+20 1.0 1000.0 0 0
98 10006.93 1e+20 1.0 1000.0 0 0
99 10006.93 1e+20 1.0 1000.0 0 0
100 10006.93 1e+20 1.0 1000.0 0 0
101 10006.93 1e+20 1.0 1000.0 0 0
102 10006.93 1e+20 1.0 1000.0 0 0
103 10006.93 1e+20 1.0 1000.0 0 0
104 10006.93 1e+20 1.0 1000.0 0 0
105 10006.93 1e+20 1.0 1000.0 0 0
106 10006.93 1e+20 1.0 1000.0 0 0
107 10006.93 1e+20 1.0 1000.0 0 0
108 10006.93 1e+20 1.0 1000.0 0 0
109 10006.93 1e+20 1.0 1000.0 0 0
110 10006.93 1e+20 1.0 1000.0 0 0
111 10006.93 1e+20 1.0 1000.0 0 0
112 10006.93 1e+20 1.0 1000.0 0 0
113 10006.93 1e+20 1.0 1000.0 0 0
114 10006.93 1e+20 1.0 1000.0 0 0
115 10006.93 1e+20 1.0 1000.0 0 0
116 10006.93 1e+20 1.0 1000.0 0 0
117 10006.93 1e+20 1.0 1000.0 0 0
118 10006.93 1e+20 1.0 1000.0 0 0
119 10006.93 1e+20 1.0 1000.0 0 0
120 10006.93 1e+20 1.0 1000.0 0 0
121 10006.93 1e+20 1.0 1000.0 0 0
122 10006.93 1e+20 1.0 1000.0 0 0
123 10006.93 1e+20 1.0 1000.0 0 0
124 10006.93 1e+20 1.0 1000.0 0 0
125 10006.93 1e+20 1.0 1000.0 0 0
126 10006.93 1e+20 1.0 1000.0 0 0
127 10006.93 1e+20 1.0 1000.0 0 0
128 10006.93 1e+20 1.0 1000.0 0 0
71717.17171717172
1 10007.029 1e+20 1.0 1000.0 0 0
2 10007.029 1e+20 1.0 1000.0 0 0
3 10007.029 1e+20 1.0 1000.0 0 0
4 10007.029 1e+20 1.0 1000.0 0 0
5 10007.029 1e+20 1.0 1000.0 0 0
6 10007.029 1e+20 1.0 1000.0 0 0
7 10007.029 1e+20 1.0 1000.0 0 0
8 10007.029 1e+20 1.0 1000.0 0 0
9 10007.029 1e+20 1.0 1000.0 0 0
10 10007.029 1e+20 1.0 1000.0 0 0
11 10007.029 1e+20 1.0 1000.0 0 0
12 10007.029 1e+20 1.0 1000.0 0 0
13 10007.029 1e+20 1.0 1000.0 0 0
14 10007.029 1e+20 1.0 1000.0 0 0
15 10007.029 1e+20 1.0 1000.0 0 0
16 10007.029 1e+20 1.0 1000.0 0 0
17 10007.029 1e+20 1.0 1000.0 0 0
18 10007.029 1e+20 1.0 1000.0 0 0
19 10007.029 1e+20 1.0 1000.0 0 0
20 10007.029 1e+20 1.0 1000.0 0 0
21 10007.029 1e+20 1.0 1000.0 0 0
22 10007.029 1e+20 1.0 1000.0 0 0
23 10007.029 1e+20 1.0 1000.0 0 0
24 10007.029 1e+20 1.0 1000.0 0 0
25 10007.029 1e+20 1.0 1000.0 0 0
26 10007.029 1e+20 1.0 1000.0 0 0
27 10007.029 1e+20 1.0 1000.0 0 0
28 10007.029 1e+20 1.0 1000.0 0 0
29 10007.029 1e+20 1.0 1000.0 0 0
30 10007.029 1e+20 1.0 1000.0 0 0
31 10007.029 1e+20 1.0 1000.0 0 0
32 10007.029 1e+20 1.0 1000.0 0 0
33 10007.029 1e+20 1.0 1000.0 0 0
34 10007.029 1e+20 1.0 1000.0 0 0
35 10007.029 1e+20 1.0 1000.0 0 0
36 10007.029 1e+20 1.0 1000.0 0 0
37 10007.029 1e+20 1.0 1000.0 0 0
38 10007.029 1e+20 1.0 1000.0 0 0
39 10007.029 1e+20 1.0 1000.0 0 0
40 10007.029 1e+20 1.0 1000.0 0 0
41 10007.029 1e+20 1.0 1000.0 0 0
42 10007.029 1e+20 1.0 1000.0 0 0
43 10007.029 1e+20 1.0 1000.0 0 0
44 10007.029 1e+20 1.0 1000.0 0 0
45 10007.029 1e+20 1.0 1000.0 0 0
46 10007.029 1e+20 1.0 1000.0 0 0
47 10007.029 1e+20 1.0 1000.0 0 0
48 10007.029 1e+20 1.0 1000.0 0 0
49 10007.029 1e+20 1.0 1000.0 0 0
50 10007.029 1e+20 1.0 1000.0 0 0
51 10007.029 1e+20 1.0 1000.0 0 0
52 10007.029 1e+20 1.0 1000.0 0 0
53 10007.029 1e+20 1.0 1000.0 0 0
54 10007.029 1e+20 1.0 1000.0 0 0
55 10007.029 1e+20 1.0 1000.0 0 0
56 10007.029 1e+20 1.0 1000.0 0 0
57 10007.029 1e+20 1.0 1000.0 0 0
58 10007.029 1e+20 1.0 1000.0 0 0
59 10007.029 1e+20 1.0 1000.0 0 0
60 10007.029 1e+20 1.0 1000.0 0 0
61 10007.029 1e+20 1.0 1000.0 0 0
62 10007.029 1e+20 1.0 1000.0 0 0
63 10007.029 1e+20 1.0 1000.0 0 0
64 10007.029 1e+20 1.0 1000.0 0 0
65 10007.029 1e+20 1.0 1000.0 0 0
66 10007.029 1e+20 1.0 1000.0 0 0
67 10007.029 1e+20 1.0 1000.0 0 0
68 10007.029 1e+20 1.0 1000.0 0 0
69 10007.029 1e+20 1.0 1000.0 0 0
70 10007.029 1e+20 1.0 1000.0 0 0
71 10007.029 1e+20 1.0 1000.0 0 0
72 10007.029 1e+20 1.0 1000.0 0 0
73 10007.029 1e+20 1.0 1000.0 0 0
74 10007.029 1e+20 1.0 1000.0 0 0
75 10007.029 1e+20 1.0 1000.0 0 0
76 10007.029 1e+20 1.0 1000.0 0 0
77 10007.029 1e+20 1.0 1000.0 0 0
78 10007.029 1e+20 1.0 1000.0 0 0
79 10007.029 1e+20 1.0 1000.0 0 0
80 10007.029 1e+20 1.0 1000.0 0 0
81 10007.029 1e+20 1.0 1000.0 0 0
82 10007.029 1e+20 1.0 1000.0 0 0
83 10007.029 1e+20 1.0 1000.0 0 0
84 10007.029 1e+20 1.0 1000.0 0 0
85 10007.029 1e+20 1.0 1000.0 0 0
86 10007.029 1e+20 1.0 1000.0 0 0
87 10007.029 1e+20 1.0 1000.0 0 0
88 10007.029 1e+20 1.0 1000.0 0 0
89 10007.029 1e+20 1.0 1000.0 0 0
90 10007.029 1e+20 1.0 1000.0 0 0
91 10007.029 1e+20 1.0 1000.0 0 0
92 10007.029 1e+20 1.0 1000.0 0 0
93 10007.029 1e+20 1.0 1000.0 0 0
94 10007.029 1e+20 1.0 1000.0 0 0
95 10007.029 1e+20 1.0 1000.0 0 0
96 10007.029 1e+20 1.0 1000.0 0 0
97 10007.029 1e+20 1.0 1000.0 0 0
98 10007.029 1e+20 1.0 1000.0 0 0
99 10007.029 1e+20 1.0 1000.0 0 0
100 10007.029 1e+20 1.0 1000.0 0 0
101 10007.029 1e+20 1.0 1000.0 0 0
102 10007.029 1e+20 1.0 1000.0 0 0
103 10007.029 1e+20 1.0 1000.0 0 0
104 10007.029 1e+20 1.0 1000.0 0 0
105 10007.029 1e+20 1.0 1000.0 0 0
106 10007.029 1e+20 1.0 1000.0 0 0
107 10007.029 1e+20 1.0 1000.0 0 0
108 10007.029 1e+20 1.0 1000.0 0 0
109 10007.029 1e+20 1.0 1000.0 0 0
110 10007.029 1e+20 1.0 1000.0 0 0
111 10007.029 1e+20 1.0 1000.0 0 0
112 10007.029 1e+20 1.0 1000.0 0 0
113 10007.029 1e+20 1.0 1000.0 0 0
114 10007.029 1e+20 1.0 1000.0 0 0
115 10007.029 1e+20 1.0 1000.0 0 0
116 10007.029 1e+20 1.0 1000.0 0 0
117 10007.029 1e+20 1.0 1000.0 0 0
118 10007.029 1e+20 1.0 1000.0 0 0
119 10007.029 1e+20 1.0 1000.0 0 0
120 10007.029 1e+20 1.0 1000.0 0 0
121 10007.029 1e+20 1.0 1000.0 0 0
122 10007.029 1e+20 1.0 1000.0 0 0
123 10007.029 1e+20 1.0 1000.0 0 0
124 10007.029 1e+20 1.0 1000.0 0 0
125 10007.029 1e+20 1.0 1000.0 0 0
126 10007.029 1e+20 1.0 1000.0 0 0
127 10007.029 1e+20 1.0 1000.0 0 0
128 10007.029 1e+20 1.0 1000.0 0 0
72727.27272727272
1 10007.128 1e+20 1.0 1000.0 0 0
2 10007.128 1e+20 1.0 1000.0 0 0
3 10007.128 1e+20 1.0 1000.0 0 0
4 10007.128 1e+20 1.0 1000.0 0 0
5 10007.128 1e+20 1.0 1000.0 0 0
6 10007.128 1e+20 1.0 1000.0 0 0
7 10007.128 1e+20 1.0 1000.0 0 0
8 10007.128 1e+20 1.0 1000.0 0 0
9 10007.128 1e+20 1.0 1000.0 0 0
10 10007.128 1e+20 1.0 1000.0 0 0
11 10007.128 1e+20 1.0 1000.0 0 0
12 10007.128 1e+20 1.0 1000.0 0 0
13 10007.128 1e+20 1.0 1000.0 0 0
14 10007.128 1e+20 1.0 1000.0 0 0
15 10007.128 1e+20 1.0 1000.0 0 0
16 10007.128 1e+20 1.0 1000.0 0 0
17 10007.128 1e+20 1.0 1000.0 0 0
18 10007.128 1e+20 1.0 1000.0 0 0
19 10007.128 1e+20 1.0 1000.0 0 0
20 10007.128 1e+20 1.0 1000.0 0 0
21 10007.128 1e+20 1.0 1000.0 0 0
22 10007.128 1e+20 1.0 1000.0 0 0
23 10007.128 1e+20 1.0 1000.0 0 0
24 10007.128 1e+20 1.0 1000.0 0 0
25 10007.128 1e+20 1.0 1000.0 0 0
26 10007.128 1e+20 1.0 1000.0 0 0
27 10007.128 1e+20 1.0 1000.0 0 0
28 10007.128 1e+20 1.0 1000.0 0 0
29 10007.128 1e+20 1.0 1000.0 0 0
30 10007.128 1e+20 1.0 1000.0 0 0
31 10007.128 1e+20 1.0 1000.0 0 0
32 10007.128 1e+20 1.0 1000.0 0 0
33 10007.128 1e+20 1.0 1000.0 0 0
34 10007.128 1e+20 1.0 1000.0 0 0
35 10007.128 1e+20 1.0 1000.0 0 0
36 10007.128 1e+20 1.0 1000.0 0 0
37 10007.128 1e+20 1.0 1000.0 0 0
38 10007.128 1e+20 1.0 1000.0 0 0
39 10007.128 1e+20 1.0 1000.0 0 0
40 10007.128 1e+20 1.0 1000.0 0 0
41 10007.128 1e+20 1.0 1000.0 0 0
42 10007.128 1e+20 1.0 1000.0 0 0
43 10007.128 1e+20 1.0 1000.0 0 0
44 10007.128 1e+20 1.0 1000.0 0 0
45 10007.128 1e+20 1.0 1000.0 0 0
46 10007.128 1e+20 1.0 1000.0 0 0
47 10007.128 1e+20 1.0 1000.0 0 0
48 10007.128 1e+20 1.0 1000.0 0 0
49 10007.128 1e+20 1.0 1000.0 0 0
50 10007.128 1e+20 1.0 1000.0 0 0
51 10007.128 1e+20 1.0 1000.0 0 0
52 10007.128 1e+20 1.0 1000.0 0 0
53 10007.128 1e+20 1.0 1000.0 0 0
54 10007.128 1e+20 1.0 1000.0 0 0
55 10007.128 1e+20 1.0 1000.0 0 0
56 10007.128 1e+20 1.0 1000.0 0 0
57 10007.128 1e+20 1.0 1000.0 0 0
58 10007.128 1e+20 1.0 1000.0 0 0
59 10007.128 1e+20 1.0 1000.0 0 0
60 10007.128 1e+20 1.0 1000.0 0 0
61 10007.128 1e+20 1.0 1000.0 0 0
62 10007.128 1e+20 1.0 1000.0 0 0
63 10007.128 1e+20 1.0 1000.0 0 0
64 10007.128 1e+20 1.0 1000.0 0 0
65 10007.128 1e+20 1.0 1000.0 0 0
66 10007.128 1e+20 1.0 1000.0 0 0
67 10007.128 1e+20 1.0 1000.0 0 0
68 10007.128 1e+20 1.0 1000.0 0 0
69 10007.128 1e+20 1.0 1000.0 0 0
70 10007.128 1e+20 1.0 1000.0 0 0
71 10007.128 1e+20 1.0 1000.0 0 0
72 10007.128 1e+20 1.0 1000.0 0 0
73 10007.128 1e+20 1.0 1000.0 0 0
74 10007.128 1e+20 1.0 1000.0 0 0
75 10007.128 1e+20 1.0 1000.0 0 0
76 10007.128 1e+20 1.0 1000.0 0 0
77 10007.128 1e+20 1.0 1000.0 0 0
78 10007.128 1e+20 1.0 1000.0 0 0
79 10007.128 1e+20 1.0 1000.0 0 0
80 10007.128 1e+20 1.0 1000.0 0 0
81 10007.128 1e+20 1.0 1000.0 0 0
82 10007.128 1e+20 1.0 1000.0 0 0
83 10007.128 1e+20 1.0 1000.0 0 0
84 10007.128 1e+20 1.0 1000.0 0 0
85 10007.128 1e+20 1.0 1000.0 0 0
86 10007.128 1e+20 1.0 1000.0 0 0
87 10007.128 1e+20 1.0 1000.0 0 0
88 10007.128 1e+20 1.0 1000.0 0 0
89 10007.128 1e+20 1.0 1000.0 0 0
90 10007.128 1e+20 1.0 1000.0 0 0
91 10007.128 1e+20 1.0 1000.0 0 0
92 10007.128 1e+20 1.0 1000.0 0 0
93 10007.128 1e+20 1.0 1000.0 0 0
94 10007.128 1e+20 1.0 1000.0 0 0
95 10007.128 1e+20 1.0 1000.0 0 0
96 10007.128 1e+20 1.0 1000.0 0 0
97 10007.128 1e+20 1.0 1000.0 0 0
98 10007.128 1e+20 1.0 1000.0 0 0
99 10007.128 1e+20 1.0 1000.0 0 0
100 10007.128 1e+20 1.0 1000.0 0 0
101 10007.128 1e+20 1.0 1000.0 0 0
102 10007.128 1e+20 1.0 1000.0 0 0
103 10007.128 1e+20 1.0 1000.0 0 0
104 10007.128 1e+20 1.0 1000.0 0 0
105 10007.128 1e+20 1.0 1000.0 0 0
106 10007.128 1e+20 1.0 1000.0 0 0
107 10007.128 1e+20 1.0 1000.0 0 0
108 10007.128 1e+20 1.0 1000.0 0 0
109 10007.128 1e+20 1.0 1000.0 0 0
110 10007.128 1e+20 1.0 1000.0 0 0
111 10007.128 1e+20 1.0 1000.0 0 0
112 10007.128 1e+20 1.0 1000.0 0 0
113 10007.128 1e+20 1.0 1000.0 0 0
114 10007.128 1e+20 1.0 1000.0 0 0
115 10007.128 1e+20 1.0 1000.0 0 0
116 10007.128 1e+20 1.0 1000.0 0 0
117 10007.128 1e+20 1.0 1000.0 0 0
118 10007.128 1e+20 1.0 1000.0 0 0
119 10007.128 1e+20 1.0 1000.0 0 0
120 10007.128 1e+20 1.0 1000.0 0 0
121 10007.128 1e+20 1.0 1000.0 0 0
122 10007.128 1e+20 1.0 1000.0 0 0
123 10007.128 1e+20 1.0 1000.0 0 0
124 10007.128 1e+20 1.0 1000.0 0 0
125 10007.128 1e+20 1.0 1000.0 0 0
126 10007.128 1e+20 1.0 1000.0 0 0
127 10007.128 1e+20 1.0 1000.0 0 0
128 10007.128 1e+20 1.0 1000.0 0 0
73737.37373737374
1 10007.227 1e+20 1.0 1000.0 0 0
2 10007.227 1e+20 1.0 1000.0 0 0
3 10007.227 1e+20 1.0 1000.0 0 0
4 10007.227 1e+20 1.0 1000.0 0 0
5 10007.227 1e+20 1.0 1000.0 0 0
6 10007.227 1e+20 1.0 1000.0 0 0
7 10007.227 1e+20 1.0 1000.0 0 0
8 10007.227 1e+20 1.0 1000.0 0 0
9 10007.227 1e+20 1.0 1000.0 0 0
10 10007.227 1e+20 1.0 1000.0 0 0
11 10007.227 1e+20 1.0 1000.0 0 0
12 10007.227 1e+20 1.0 1000.0 0 0
13 10007.227 1e+20 1.0 1000.0 0 0
14 10007.227 1e+20 1.0 1000.0 0 0
15 10007.227 1e+20 1.0 1000.0 0 0
16 10007.227 1e+20 1.0 1000.0 0 0
17 10007.227 1e+20 1.0 1000.0 0 0
18 10007.227 1e+20 1.0 1000.0 0 0
19 10007.227 1e+20 1.0 1000.0 0 0
20 10007.227 1e+20 1.0 1000.0 0 0
21 10007.227 1e+20 1.0 1000.0 0 0
22 10007.227 1e+20 1.0 1000.0 0 0
23 10007.227 1e+20 1.0 1000.0 0 0
24 10007.227 1e+20 1.0 1000.0 0 0
25 10007.227 1e+20 1.0 1000.0 0 0
26 10007.227 1e+20 1.0 1000.0 0 0
27 10007.227 1e+20 1.0 1000.0 0 0
28 10007.227 1e+20 1.0 1000.0 0 0
29 10007.227 1e+20 1.0 1000.0 0 0
30 10007.227 1e+20 1.0 1000.0 0 0
31 10007.227 1e+20 1.0 1000.0 0 0
32 10007.227 1e+20 1.0 1000.0 0 0
33 10007.227 1e+20 1.0 1000.0 0 0
34 10007.227 1e+20 1.0 1000.0 0 0
35 10007.227 1e+20 1.0 1000.0 0 0
36 10007.227 1e+20 1.0 1000.0 0 0
37 10007.227 1e+20 1.0 1000.0 0 0
38 10007.227 1e+20 1.0 1000.0 0 0
39 10007.227 1e+20 1.0 1000.0 0 0
40 10007.227 1e+20 1.0 1000.0 0 0
41 10007.227 1e+20 1.0 1000.0 0 0
42 10007.227 1e+20 1.0 1000.0 0 0
43 10007.227 1e+20 1.0 1000.0 0 0
44 10007.227 1e+20 1.0 1000.0 0 0
45 10007.227 1e+20 1.0 1000.0 0 0
46 10007.227 1e+20 1.0 1000.0 0 0
47 10007.227 1e+20 1.0 1000.0 0 0
48 10007.227 1e+20 1.0 1000.0 0 0
49 10007.227 1e+20 1.0 1000.0 0 0
50 10007.227 1e+20 1.0 1000.0 0 0
51 10007.227 1e+20 1.0 1000.0 0 0
52 10007.227 1e+20 1.0 1000.0 0 0
53 10007.227 1e+20 1.0 1000.0 0 0
54 10007.227 1e+20 1.0 1000.0 0 0
55 10007.227 1e+20 1.0 1000.0 0 0
56 10007.227 1e+20 1.0 1000.0 0 0
57 10007.227 1e+20 1.0 1000.0 0 0
58 10007.227 1e+20 1.0 1000.0 0 0
59 10007.227 1e+20 1.0 1000.0 0 0
60 10007.227 1e+20 1.0 1000.0 0 0
61 10007.227 1e+20 1.0 1000.0 0 0
62 10007.227 1e+20 1.0 1000.0 0 0
63 10007.227 1e+20 1.0 1000.0 0 0
64 10007.227 1e+20 1.0 1000.0 0 0
65 10007.227 1e+20 1.0 1000.0 0 0
66 10007.227 1e+20 1.0 1000.0 0 0
67 10007.227 1e+20 1.0 1000.0 0 0
68 10007.227 1e+20 1.0 1000.0 0 0
69 10007.227 1e+20 1.0 1000.0 0 0
70 10007.227 1e+20 1.0 1000.0 0 0
71 10007.227 1e+20 1.0 1000.0 0 0
72 10007.227 1e+20 1.0 1000.0 0 0
73 10007.227 1e+20 1.0 1000.0 0 0
74 10007.227 1e+20 1.0 1000.0 0 0
75 10007.227 1e+20 1.0 1000.0 0 0
76 10007.227 1e+20 1.0 1000.0 0 0
77 10007.227 1e+20 1.0 1000.0 0 0
78 10007.227 1e+20 1.0 1000.0 0 0
79 10007.227 1e+20 1.0 1000.0 0 0
80 10007.227 1e+20 1.0 1000.0 0 0
81 10007.227 1e+20 1.0 1000.0 0 0
82 10007.227 1e+20 1.0 1000.0 0 0
83 10007.227 1e+20 1.0 1000.0 0 0
84 10007.227 1e+20 1.0 1000.0 0 0
85 10007.227 1e+20 1.0 1000.0 0 0
86 10007.227 1e+20 1.0 1000.0 0 0
87 10007.227 1e+20 1.0 1000.0 0 0
88 10007.227 1e+20 1.0 1000.0 0 0
89 10007.227 1e+20 1.0 1000.0 0 0
90 10007.227 1e+20 1.0 1000.0 0 0
91 10007.227 1e+20 1.0 1000.0 0 0
92 10007.227 1e+20 1.0 1000.0 0 0
93 10007.227 1e+20 1.0 1000.0 0 0
94 10007.227 1e+20 1.0 1000.0 0 0
95 10007.227 1e+20 1.0 1000.0 0 0
96 10007.227 1e+20 1.0 1000.0 0 0
97 10007.227 1e+20 1.0 1000.0 0 0
98 10007.227 1e+20 1.0 1000.0 0 0
99 10007.227 1e+20 1.0 1000.0 0 0
100 10007.227 1e+20 1.0 1000.0 0 0
101 10007.227 1e+20 1.0 1000.0 0 0
102 10007.227 1e+20 1.0 1000.0 0 0
103 10007.227 1e+20 1.0 1000.0 0 0
104 10007.227 1e+20 1.0 1000.0 0 0
105 10007.227 1e+20 1.0 1000.0 0 0
106 10007.227 1e+20 1.0 1000.0 0 0
107 10007.227 1e+20 1.0 1000.0 0 0
108 10007.227 1e+20 1.0 1000.0 0 0
109 10007.227 1e+20 1.0 1000.0 0 0
110 10007.227 1e+20 1.0 1000.0 0 0
111 10007.227 1e+20 1.0 1000.0 0 0
112 10007.227 1e+20 1.0 1000.0 0 0
113 10007.227 1e+20 1.0 1000.0 0 0
114 10007.227 1e+20 1.0 1000.0 0 0
115 10007.227 1e+20 1.0 1000.0 0 0
116 10007.227 1e+20 1.0 1000.0 0 0
117 10007.227 1e+20 1.0 1000.0 0 0
118 10007.227 1e+20 1.0 1000.0 0 0
119 10007.227 1e+20 1.0 1000.0 0 0
120 10007.227 1e+20 1.0 1000.0 0 0
121 10007.227 1e+20 1.0 1000.0 0 0
122 10007.227 1e+20 1.0 1000.0 0 0
123 10007.227 1e+20 1.0 1000.0 0 0
124 10007.227 1e+20 1.0 1000.0 0 0
125 10007.227 1e+20 1.0 1000.0 0 0
126 10007.227 1e+20 1.0 1000.0 0 0
127 10007.227 1e+20 1.0 1000.0 0 0
128 10007.227 1e+20 1.0 1000.0 0 0
74747.47474747474
1 10007.326 1e+20 1.0 1000.0 0 0
2 10007.326 1e+20 1.0 1000.0 0 0
3 10007.326 1e+20 1.0 1000.0 0 0
4 10007.326 1e+20 1.0 1000.0 0 0
5 10007.326 1e+20 1.0 1000.0 0 0
6 10007.326 1e+20 1.0 1000.0 0 0
7 10007.326 1e+20 1.0 1000.0 0 0
8 10007.326 1e+20 1.0 1000.0 0 0
9 10007.326 1e+20 1.0 1000.0 0 0
10 10007.326 1e+20 1.0 1000.0 0 0
11 10007.326 1e+20 1.0 1000.0 0 0
12 10007.326 1e+20 1.0 1000.0 0 0
13 10007.326 1e+20 1.0 1000.0 0 0
14 10007.326 1e+20 1.0 1000.0 0 0
15 10007.326 1e+20 1.0 1000.0 0 0
16 10007.326 1e+20 1.0 1000.0 0 0
17 10007.326 1e+20 1.0 1000.0 0 0
18 10007.326 1e+20 1.0 1000.0 0 0
19 10007.326 1e+20 1.0 1000.0 0 0
20 10007.326 1e+20 1.0 1000.0 0 0
21 10007.326 1e+20 1.0 1000.0 0 0
22 10007.326 1e+20 1.0 1000.0 0 0
23 10007.326 1e+20 1.0 1000.0 0 0
24 10007.326 1e+20 1.0 1000.0 0 0
25 10007.326 1e+20 1.0 1000.0 0 0
26 10007.326 1e+20 1.0 1000.0 0 0
27 10007.326 1e+20 1.0 1000.0 0 0
28 10007.326 1e+20 1.0 1000.0 0 0
29 10007.326 1e+20 1.0 1000.0 0 0
30 10007.326 1e+20 1.0 1000.0 0 0
31 10007.326 1e+20 1.0 1000.0 0 0
32 10007.326 1e+20 1.0 1000.0 0 0
33 10007.326 1e+20 1.0 1000.0 0 0
34 10007.326 1e+20 1.0 1000.0 0 0
35 10007.326 1e+20 1.0 1000.0 0 0
36 10007.326 1e+20 1.0 1000.0 0 0
37 10007.326 1e+20 1.0 1000.0 0 0
38 10007.326 1e+20 1.0 1000.0 0 0
39 10007.326 1e+20 1.0 1000.0 0 0
40 10007.326 1e+20 1.0 1000.0 0 0
41 10007.326 1e+20 1.0 1000.0 0 0
42 10007.326 1e+20 1.0 1000.0 0 0
43 10007.326 1e+20 1.0 1000.0 0 0
44 10007.326 1e+20 1.0 1000.0 0 0
45 10007.326 1e+20 1.0 1000.0 0 0
46 10007.326 1e+20 1.0 1000.0 0 0
47 10007.326 1e+20 1.0 1000.0 0 0
48 10007.326 1e+20 1.0 1000.0 0 0
49 10007.326 1e+20 1.0 1000.0 0 0
50 10007.326 1e+20 1.0 1000.0 0 0
51 10007.326 1e+20 1.0 1000.0 0 0
52 10007.326 1e+20 1.0 1000.0 0 0
53 10007.326 1e+20 1.0 1000.0 0 0
54 10007.326 1e+20 1.0 1000.0 0 0
55 10007.326 1e+20 1.0 1000.0 0 0
56 10007.326 1e+20 1.0 1000.0 0 0
57 10007.326 1e+20 1.0 1000.0 0 0
58 10007.326 1e+20 1.0 1000.0 0 0
59 10007.326 1e+20 1.0 1000.0 0 0
60 10007.326 1e+20 1.0 1000.0 0 0
61 10007.326 1e+20 1.0 1000.0 0 0
62 10007.326 1e+20 1.0 1000.0 0 0
63 10007.326 1e+20 1.0 1000.0 0 0
64 10007.326 1e+20 1.0 1000.0 0 0
65 10007.326 1e+20 1.0 1000.0 0 0
66 10007.326 1e+20 1.0 1000.0 0 0
67 10007.326 1e+20 1.0 1000.0 0 0
68 10007.326 1e+20 1.0 1000.0 0 0
69 10007.326 1e+20 1.0 1000.0 0 0
70 10007.326 1e+20 1.0 1000.0 0 0
71 10007.326 1e+20 1.0 1000.0 0 0
72 10007.326 1e+20 1.0 1000.0 0 0
73 10007.326 1e+20 1.0 1000.0 0 0
74 10007.326 1e+20 1.0 1000.0 0 0
75 10007.326 1e+20 1.0 1000.0 0 0
76 10007.326 1e+20 1.0 1000.0 0 0
77 10007.326 1e+20 1.0 1000.0 0 0
78 10007.326 1e+20 1.0 1000.0 0 0
79 10007.326 1e+20 1.0 1000.0 0 0
80 10007.326 1e+20 1.0 1000.0 0 0
81 10007.326 1e+20 1.0 1000.0 0 0
82 10007.326 1e+20 1.0 1000.0 0 0
83 10007.326 1e+20 1.0 1000.0 0 0
84 10007.326 1e+20 1.0 1000.0 0 0
85 10007.326 1e+20 1.0 1000.0 0 0
86 10007.326 1e+20 1.0 1000.0 0 0
87 10007.326 1e+20 1.0 1000.0 0 0
88 10007.326 1e+20 1.0 1000.0 0 0
89 10007.326 1e+20 1.0 1000.0 0 0
90 10007.326 1e+20 1.0 1000.0 0 0
91 10007.326 1e+20 1.0 1000.0 0 0
92 10007.326 1e+20 1.0 1000.0 0 0
93 10007.326 1e+20 1.0 1000.0 0 0
94 10007.326 1e+20 1.0 1000.0 0 0
95 10007.326 1e+20 1.0 1000.0 0 0
96 10007.326 1e+20 1.0 1000.0 0 0
97 10007.326 1e+20 1.0 1000.0 0 0
98 10007.326 1e+20 1.0 1000.0 0 0
99 10007.326 1e+20 1.0 1000.0 0 0
100 10007.326 1e+20 1.0 1000.0 0 0
101 10007.326 1e+20 1.0 1000.0 0 0
102 10007.326 1e+20 1.0 1000.0 0 0
103 10007.326 1e+20 1.0 1000.0 0 0
104 10007.326 1e+20 1.0 1000.0 0 0
105 10007.326 1e+20 1.0 1000.0 0 0
106 10007.326 1e+20 1.0 1000.0 0 0
107 10007.326 1e+20 1.0 1000.0 0 0
108 10007.326 1e+20 1.0 1000.0 0 0
109 10007.326 1e+20 1.0 1000.0 0 0
110 10007.326 1e+20 1.0 1000.0 0 0
111 10007.326 1e+20 1.0 1000.0 0 0
112 10007.326 1e+20 1.0 1000.0 0 0
113 10007.326 1e+20 1.0 1000.0 0 0
114 10007.326 1e+20 1.0 1000.0 0 0
115 10007.326 1e+20 1.0 1000.0 0 0
116 10007.326 1e+20 1.0 1000.0 0 0
117 10007.326 1e+20 1.0 1000.0 0 0
118 10007.326 1e+20 1.0 1000.0 0 0
119 10007.326 1e+20 1.0 1000.0 0 0
120 10007.326 1e+20 1.0 1000.0 0 0
121 10007.326 1e+20 1.0 1000.0 0 0
122 10007.326 1e+20 1.0 1000.0 0 0
123 10007.326 1e+20 1.0 1000.0 0 0
124 10007.326 1e+20 1.0 1000.0 0 0
125 10007.326 1e+20 1.0 1000.0 0 0
126 10007.326 1e+20 1.0 1000.0 0 0
127 10007.326 1e+20 1.0 1000.0 0 0
128 10007.326 1e+20 1.0 1000.0 0 0
75757.57575757576
1 10007.425 1e+20 1.0 1000.0 0 0
2 10007.425 1e+20 1.0 1000.0 0 0
3 10007.425 1e+20 1.0 1000.0 0 0
4 10007.425 1e+20 1.0 1000.0 0 0
5 10007.425 1e+20 1.0 1000.0 0 0
6 10007.425 1e+20 1.0 1000.0 0 0
7 10007.425 1e+20 1.0 1000.0 0 0
8 10007.425 1e+20 1.0 1000.0 0 0
9 10007.425 1e+20 1.0 1000.0 0 0
10 10007.425 1e+20 1.0 1000.0 0 0
11 10007.425 1e+20 1.0 1000.0 0 0
12 10007.425 1e+20 1.0 1000.0 0 0
13 10007.425 1e+20 1.0 1000.0 0 0
14 10007.425 1e+20 1.0 1000.0 0 0
15 10007.425 1e+20 1.0 1000.0 0 0
16 10007.425 1e+20 1.0 1000.0 0 0
17 10007.425 1e+20 1.0 1000.0 0 0
18 10007.425 1e+20 1.0 1000.0 0 0
19 10007.425 1e+20 1.0 1000.0 0 0
20 10007.425 1e+20 1.0 1000.0 0 0
21 10007.425 1e+20 1.0 1000.0 0 0
22 10007.425 1e+20 1.0 1000.0 0 0
23 10007.425 1e+20 1.0 1000.0 0 0
24 10007.425 1e+20 1.0 1000.0 0 0
25 10007.425 1e+20 1.0 1000.0 0 0
26 10007.425 1e+20 1.0 1000.0 0 0
27 10007.425 1e+20 1.0 1000.0 0 0
28 10007.425 1e+20 1.0 1000.0 0 0
29 10007.425 1e+20 1.0 1000.0 0 0
30 10007.425 1e+20 1.0 1000.0 0 0
31 10007.425 1e+20 1.0 1000.0 0 0
32 10007.425 1e+20 1.0 1000.0 0 0
33 10007.425 1e+20 1.0 1000.0 0 0
34 10007.425 1e+20 1.0 1000.0 0 0
35 10007.425 1e+20 1.0 1000.0 0 0
36 10007.425 1e+20 1.0 1000.0 0 0
37 10007.425 1e+20 1.0 1000.0 0 0
38 10007.425 1e+20 1.0 1000.0 0 0
39 10007.425 1e+20 1.0 1000.0 0 0
40 10007.425 1e+20 1.0 1000.0 0 0
41 10007.425 1e+20 1.0 1000.0 0 0
42 10007.425 1e+20 1.0 1000.0 0 0
43 10007.425 1e+20 1.0 1000.0 0 0
44 10007.425 1e+20 1.0 1000.0 0 0
45 10007.425 1e+20 1.0 1000.0 0 0
46 10007.425 1e+20 1.0 1000.0 0 0
47 10007.425 1e+20 1.0 1000.0 0 0
48 10007.425 1e+20 1.0 1000.0 0 0
49 10007.425 1e+20 1.0 1000.0 0 0
50 10007.425 1e+20 1.0 1000.0 0 0
51 10007.425 1e+20 1.0 1000.0 0 0
52 10007.425 1e+20 1.0 1000.0 0 0
53 10007.425 1e+20 1.0 1000.0 0 0
54 10007.425 1e+20 1.0 1000.0 0 0
55 10007.425 1e+20 1.0 1000.0 0 0
56 10007.425 1e+20 1.0 1000.0 0 0
57 10007.425 1e+20 1.0 1000.0 0 0
58 10007.425 1e+20 1.0 1000.0 0 0
59 10007.425 1e+20 1.0 1000.0 0 0
60 10007.425 1e+20 1.0 1000.0 0 0
61 10007.425 1e+20 1.0 1000.0 0 0
62 10007.425 1e+20 1.0 1000.0 0 0
63 10007.425 1e+20 1.0 1000.0 0 0
64 10007.425 1e+20 1.0 1000.0 0 0
65 10007.425 1e+20 1.0 1000.0 0 0
66 10007.425 1e+20 1.0 1000.0 0 0
67 10007.425 1e+20 1.0 1000.0 0 0
68 10007.425 1e+20 1.0 1000.0 0 0
69 10007.425 1e+20 1.0 1000.0 0 0
70 10007.425 1e+20 1.0 1000.0 0 0
71 10007.425 1e+20 1.0 1000.0 0 0
72 10007.425 1e+20 1.0 1000.0 0 0
73 10007.425 1e+20 1.0 1000.0 0 0
74 10007.425 1e+20 1.0 1000.0 0 0
75 10007.425 1e+20 1.0 1000.0 0 0
76 10007.425 1e+20 1.0 1000.0 0 0
77 10007.425 1e+20 1.0 1000.0 0 0
78 10007.425 1e+20 1.0 1000.0 0 0
79 10007.425 1e+20 1.0 1000.0 0 0
80 10007.425 1e+20 1.0 1000.0 0 0
81 10007.425 1e+20 1.0 1000.0 0 0
82 10007.425 1e+20 1.0 1000.0 0 0
83 10007.425 1e+20 1.0 1000.0 0 0
84 10007.425 1e+20 1.0 1000.0 0 0
85 10007.425 1e+20 1.0 1000.0 0 0
86 10007.425 1e+20 1.0 1000.0 0 0
87 10007.425 1e+20 1.0 1000.0 0 0
88 10007.425 1e+20 1.0 1000.0 0 0
89 10007.425 1e+20 1.0 1000.0 0 0
90 10007.425 1e+20 1.0 1000.0 0 0
91 10007.425 1e+20 1.0 1000.0 0 0
92 10007.425 1e+20 1.0 1000.0 0 0
93 10007.425 1e+20 1.0 1000.0 0 0
94 10007.425 1e+20 1.0 1000.0 0 0
95 10007.425 1e+20 1.0 1000.0 0 0
96 10007.425 1e+20 1.0 1000.0 0 0
97 10007.425 1e+20 1.0 1000.0 0 0
98 10007.425 1e+20 1.0 1000.0 0 0
99 10007.425 1e+20 1.0 1000.0 0 0
100 10007.425 1e+20 1.0 1000.0 0 0
101 10007.425 1e+20 1.0 1000.0 0 0
102 10007.425 1e+20 1.0 1000.0 0 0
103 10007.425 1e+20 1.0 1000.0 0 0
104 10007.425 1e+20 1.0 1000.0 0 0
105 10007.425 1e+20 1.0 1000.0 0 0
106 10007.425 1e+20 1.0 1000.0 0 0
107 10007.425 1e+20 1.0 1000.0 0 0
108 10007.425 1e+20 1.0 1000.0 0 0
109 10007.425 1e+20 1.0 1000.0 0 0
110 10007.425 1e+20 1.0 1000.0 0 0
111 10007.425 1e+20 1.0 1000.0 0 0
112 10007.425 1e+20 1.0 1000.0 0 0
113 10007.425 1e+20 1.0 1000.0 0 0
114 10007.425 1e+20 1.0 1000.0 0 0
115 10007.425 1e+20 1.0 1000.0 0 0
116 10007.425 1e+20 1.0 1000.0 0 0
117 10007.425 1e+20 1.0 1000.0 0 0
118 10007.425 1e+20 1.0 1000.0 0 0
119 10007.425 1e+20 1.0 1000.0 0 0
120 10007.425 1e+20 1.0 1000.0 0 0
121 10007.425 1e+20 1.0 1000.0 0 0
122 10007.425 1e+20 1.0 1000.0 0 0
123 10007.425 1e+20 1.0 1000.0 0 0
124 10007.425 1e+20 1.0 1000.0 0 0
125 10007.425 1e+20 1.0 1000.0 0 0
126 10007.425 1e+20 1.0 1000.0 0 0
127 10007.425 1e+20 1.0 1000.0 0 0
128 10007.425 1e+20 1.0 1000.0 0 0
76767.67676767676
1 10007.524 1e+20 1.0 1000.0 0 0
2 10007.524 1e+20 1.0 1000.0 0 0
3 10007.524 1e+20 1.0 1000.0 0 0
4 10007.524 1e+20 1.0 1000.0 0 0
5 10007.524 1e+20 1.0 1000.0 0 0
6 10007.524 1e+20 1.0 1000.0 0 0
7 10007.524 1e+20 1.0 1000.0 0 0
8 10007.524 1e+20 1.0 1000.0 0 0
9 10007.524 1e+20 1.0 1000.0 0 0
10 10007.524 1e+20 1.0 1000.0 0 0
11 10007.524 1e+20 1.0 1000.0 0 0
12 10007.524 1e+20 1.0 1000.0 0 0
13 10007.524 1e+20 1.0 1000.0 0 0
14 10007.524 1e+20 1.0 1000.0 0 0
15 10007.524 1e+20 1.0 1000.0 0 0
16 10007.524 1e+20 1.0 1000.0 0 0
17 10007.524 1e+20 1.0 1000.0 0 0
18 10007.524 1e+20 1.0 1000.0 0 0
19 10007.524 1e+20 1.0 1000.0 0 0
20 10007.524 1e+20 1.0 1000.0 0 0
21 10007.524 1e+20 1.0 1000.0 0 0
22 10007.524 1e+20 1.0 1000.0 0 0
23 10007.524 1e+20 1.0 1000.0 0 0
24 10007.524 1e+20 1.0 1000.0 0 0
25 10007.524 1e+20 1.0 1000.0 0 0
26 10007.524 1e+20 1.0 1000.0 0 0
27 10007.524 1e+20 1.0 1000.0 0 0
28 10007.524 1e+20 1.0 1000.0 0 0
29 10007.524 1e+20 1.0 1000.0 0 0
30 10007.524 1e+20 1.0 1000.0 0 0
31 10007.524 1e+20 1.0 1000.0 0 0
32 10007.524 1e+20 1.0 1000.0 0 0
33 10007.524 1e+20 1.0 1000.0 0 0
34 10007.524 1e+20 1.0 1000.0 0 0
35 10007.524 1e+20 1.0 1000.0 0 0
36 10007.524 1e+20 1.0 1000.0 0 0
37 10007.524 1e+20 1.0 1000.0 0 0
38 10007.524 1e+20 1.0 1000.0 0 0
39 10007.524 1e+20 1.0 1000.0 0 0
40 10007.524 1e+20 1.0 1000.0 0 0
41 10007.524 1e+20 1.0 1000.0 0 0
42 10007.524 1e+20 1.0 1000.0 0 0
43 10007.524 1e+20 1.0 1000.0 0 0
44 10007.524 1e+20 1.0 1000.0 0 0
45 10007.524 1e+20 1.0 1000.0 0 0
46 10007.524 1e+20 1.0 1000.0 0 0
47 10007.524 1e+20 1.0 1000.0 0 0
48 10007.524 1e+20 1.0 1000.0 0 0
49 10007.524 1e+20 1.0 1000.0 0 0
50 10007.524 1e+20 1.0 1000.0 0 0
51 10007.524 1e+20 1.0 1000.0 0 0
52 10007.524 1e+20 1.0 1000.0 0 0
53 10007.524 1e+20 1.0 1000.0 0 0
54 10007.524 1e+20 1.0 1000.0 0 0
55 10007.524 1e+20 1.0 1000.0 0 0
56 10007.524 1e+20 1.0 1000.0 0 0
57 10007.524 1e+20 1.0 1000.0 0 0
58 10007.524 1e+20 1.0 1000.0 0 0
59 10007.524 1e+20 1.0 1000.0 0 0
60 10007.524 1e+20 1.0 1000.0 0 0
61 10007.524 1e+20 1.0 1000.0 0 0
62 10007.524 1e+20 1.0 1000.0 0 0
63 10007.524 1e+20 1.0 1000.0 0 0
64 10007.524 1e+20 1.0 1000.0 0 0
65 10007.524 1e+20 1.0 1000.0 0 0
66 10007.524 1e+20 1.0 1000.0 0 0
67 10007.524 1e+20 1.0 1000.0 0 0
68 10007.524 1e+20 1.0 1000.0 0 0
69 10007.524 1e+20 1.0 1000.0 0 0
70 10007.524 1e+20 1.0 1000.0 0 0
71 10007.524 1e+20 1.0 1000.0 0 0
72 10007.524 1e+20 1.0 1000.0 0 0
73 10007.524 1e+20 1.0 1000.0 0 0
74 10007.524 1e+20 1.0 1000.0 0 0
75 10007.524 1e+20 1.0 1000.0 0 0
76 10007.524 1e+20 1.0 1000.0 0 0
77 10007.524 1e+20 1.0 1000.0 0 0
78 10007.524 1e+20 1.0 1000.0 0 0
79 10007.524 1e+20 1.0 1000.0 0 0
80 10007.524 1e+20 1.0 1000.0 0 0
81 10007.524 1e+20 1.0 1000.0 0 0
82 10007.524 1e+20 1.0 1000.0 0 0
83 10007.524 1e+20 1.0 1000.0 0 0
84 10007.524 1e+20 1.0 1000.0 0 0
85 10007.524 1e+20 1.0 1000.0 0 0
86 10007.524 1e+20 1.0 1000.0 0 0
87 10007.524 1e+20 1.0 1000.0 0 0
88 10007.524 1e+20 1.0 1000.0 0 0
89 10007.524 1e+20 1.0 1000.0 0 0
90 10007.524 1e+20 1.0 1000.0 0 0
91 10007.524 1e+20 1.0 1000.0 0 0
92 10007.524 1e+20 1.0 1000.0 0 0
93 10007.524 1e+20 1.0 1000.0 0 0
94 10007.524 1e+20 1.0 1000.0 0 0
95 10007.524 1e+20 1.0 1000.0 0 0
96 10007.524 1e+20 1.0 1000.0 0 0
97 10007.524 1e+20 1.0 1000.0 0 0
98 10007.524 1e+20 1.0 1000.0 0 0
99 10007.524 1e+20 1.0 1000.0 0 0
100 10007.524 1e+20 1.0 1000.0 0 0
101 10007.524 1e+20 1.0 1000.0 0 0
102 10007.524 1e+20 1.0 1000.0 0 0
103 10007.524 1e+20 1.0 1000.0 0 0
104 10007.524 1e+20 1.0 1000.0 0 0
105 10007.524 1e+20 1.0 1000.0 0 0
106 10007.524 1e+20 1.0 1000.0 0 0
107 10007.524 1e+20 1.0 1000.0 0 0
108 10007.524 1e+20 1.0 1000.0 0 0
109 10007.524 1e+20 1.0 1000.0 0 0
110 10007.524 1e+20 1.0 1000.0 0 0
111 10007.524 1e+20 1.0 1000.0 0 0
112 10007.524 1e+20 1.0 1000.0 0 0
113 10007.524 1e+20 1.0 1000.0 0 0
114 10007.524 1e+20 1.0 1000.0 0 0
115 10007.524 1e+20 1.0 1000.0 0 0
116 10007.524 1e+20 1.0 1000.0 0 0
117 10007.524 1e+20 1.0 1000.0 0 0
118 10007.524 1e+20 1.0 1000.0 0 0
119 10007.524 1e+20 1.0 1000.0 0 0
120 10007.524 1e+20 1.0 1000.0 0 0
121 10007.524 1e+20 1.0 1000.0 0 0
122 10007.524 1e+20 1.0 1000.0 0 0
123 10007.524 1e+20 1.0 1000.0 0 0
124 10007.524 1e+20 1.0 1000.0 0 0
125 10007.524 1e+20 1.0 1000.0 0 0
126 10007.524 1e+20 1.0 1000.0 0 0
127 10007.524 1e+20 1.0 1000.0 0 0
128 10007.524 1e+20 1.0 1000.0 0 0
77777.77777777777
1 10007.623 1e+20 1.0 1000.0 0 0
2 10007.623 1e+20 1.0 1000.0 0 0
3 10007.623 1e+20 1.0 1000.0 0 0
4 10007.623 1e+20 1.0 1000.0 0 0
5 10007.623 1e+20 1.0 1000.0 0 0
6 10007.623 1e+20 1.0 1000.0 0 0
7 10007.623 1e+20 1.0 1000.0 0 0
8 10007.623 1e+20 1.0 1000.0 0 0
9 10007.623 1e+20 1.0 1000.0 0 0
10 10007.623 1e+20 1.0 1000.0 0 0
11 10007.623 1e+20 1.0 1000.0 0 0
12 10007.623 1e+20 1.0 1000.0 0 0
13 10007.623 1e+20 1.0 1000.0 0 0
14 10007.623 1e+20 1.0 1000.0 0 0
15 10007.623 1e+20 1.0 1000.0 0 0
16 10007.623 1e+20 1.0 1000.0 0 0
17 10007.623 1e+20 1.0 1000.0 0 0
18 10007.623 1e+20 1.0 1000.0 0 0
19 10007.623 1e+20 1.0 1000.0 0 0
20 10007.623 1e+20 1.0 1000.0 0 0
21 10007.623 1e+20 1.0 1000.0 0 0
22 10007.623 1e+20 1.0 1000.0 0 0
23 10007.623 1e+20 1.0 1000.0 0 0
24 10007.623 1e+20 1.0 1000.0 0 0
25 10007.623 1e+20 1.0 1000.0 0 0
26 10007.623 1e+20 1.0 1000.0 0 0
27 10007.623 1e+20 1.0 1000.0 0 0
28 10007.623 1e+20 1.0 1000.0 0 0
29 10007.623 1e+20 1.0 1000.0 0 0
30 10007.623 1e+20 1.0 1000.0 0 0
31 10007.623 1e+20 1.0 1000.0 0 0
32 10007.623 1e+20 1.0 1000.0 0 0
33 10007.623 1e+20 1.0 1000.0 0 0
34 10007.623 1e+20 1.0 1000.0 0 0
35 10007.623 1e+20 1.0 1000.0 0 0
36 10007.623 1e+20 1.0 1000.0 0 0
37 10007.623 1e+20 1.0 1000.0 0 0
38 10007.623 1e+20 1.0 1000.0 0 0
39 10007.623 1e+20 1.0 1000.0 0 0
40 10007.623 1e+20 1.0 1000.0 0 0
41 10007.623 1e+20 1.0 1000.0 0 0
42 10007.623 1e+20 1.0 1000.0 0 0
43 10007.623 1e+20 1.0 1000.0 0 0
44 10007.623 1e+20 1.0 1000.0 0 0
45 10007.623 1e+20 1.0 1000.0 0 0
46 10007.623 1e+20 1.0 1000.0 0 0
47 10007.623 1e+20 1.0 1000.0 0 0
48 10007.623 1e+20 1.0 1000.0 0 0
49 10007.623 1e+20 1.0 1000.0 0 0
50 10007.623 1e+20 1.0 1000.0 0 0
51 10007.623 1e+20 1.0 1000.0 0 0
52 10007.623 1e+20 1.0 1000.0 0 0
53 10007.623 1e+20 1.0 1000.0 0 0
54 10007.623 1e+20 1.0 1000.0 0 0
55 10007.623 1e+20 1.0 1000.0 0 0
56 10007.623 1e+20 1.0 1000.0 0 0
57 10007.623 1e+20 1.0 1000.0 0 0
58 10007.623 1e+20 1.0 1000.0 0 0
59 10007.623 1e+20 1.0 1000.0 0 0
60 10007.623 1e+20 1.0 1000.0 0 0
61 10007.623 1e+20 1.0 1000.0 0 0
62 10007.623 1e+20 1.0 1000.0 0 0
63 10007.623 1e+20 1.0 1000.0 0 0
64 10007.623 1e+20 1.0 1000.0 0 0
65 10007.623 1e+20 1.0 1000.0 0 0
66 10007.623 1e+20 1.0 1000.0 0 0
67 10007.623 1e+20 1.0 1000.0 0 0
68 10007.623 1e+20 1.0 1000.0 0 0
69 10007.623 1e+20 1.0 1000.0 0 0
70 10007.623 1e+20 1.0 1000.0 0 0
71 10007.623 1e+20 1.0 1000.0 0 0
72 10007.623 1e+20 1.0 1000.0 0 0
73 10007.623 1e+20 1.0 1000.0 0 0
74 10007.623 1e+20 1.0 1000.0 0 0
75 10007.623 1e+20 1.0 1000.0 0 0
76 10007.623 1e+20 1.0 1000.0 0 0
77 10007.623 1e+20 1.0 1000.0 0 0
78 10007.623 1e+20 1.0 1000.0 0 0
79 10007.623 1e+20 1.0 1000.0 0 0
80 10007.623 1e+20 1.0 1000.0 0 0
81 10007.623 1e+20 1.0 1000.0 0 0
82 10007.623 1e+20 1.0 1000.0 0 0
83 10007.623 1e+20 1.0 1000.0 0 0
84 10007.623 1e+20 1.0 1000.0 0 0
85 10007.623 1e+20 1.0 1000.0 0 0
86 10007.623 1e+20 1.0 1000.0 0 0
87 10007.623 1e+20 1.0 1000.0 0 0
88 10007.623 1e+20 1.0 1000.0 0 0
89 10007.623 1e+20 1.0 1000.0 0 0
90 10007.623 1e+20 1.0 1000.0 0 0
91 10007.623 1e+20 1.0 1000.0 0 0
92 10007.623 1e+20 1.0 1000.0 0 0
93 10007.623 1e+20 1.0 1000.0 0 0
94 10007.623 1e+20 1.0 1000.0 0 0
95 10007.623 1e+20 1.0 1000.0 0 0
96 10007.623 1e+20 1.0 1000.0 0 0
97 10007.623 1e+20 1.0 1000.0 0 0
98 10007.623 1e+20 1.0 1000.0 0 0
99 10007.623 1e+20 1.0 1000.0 0 0
100 10007.623 1e+20 1.0 1000.0 0 0
101 10007.623 1e+20 1.0 1000.0 0 0
102 10007.623 1e+20 1.0 1000.0 0 0
103 10007.623 1e+20 1.0 1000.0 0 0
104 10007.623 1e+20 1.0 1000.0 0 0
105 10007.623 1e+20 1.0 1000.0 0 0
106 10007.623 1e+20 1.0 1000.0 0 0
107 10007.623 1e+20 1.0 1000.0 0 0
108 10007.623 1e+20 1.0 1000.0 0 0
109 10007.623 1e+20 1.0 1000.0 0 0
110 10007.623 1e+20 1.0 1000.0 0 0
111 10007.623 1e+20 1.0 1000.0 0 0
112 10007.623 1e+20 1.0 1000.0 0 0
113 10007.623 1e+20 1.0 1000.0 0 0
114 10007.623 1e+20 1.0 1000.0 0 0
115 10007.623 1e+20 1.0 1000.0 0 0
116 10007.623 1e+20 1.0 1000.0 0 0
117 10007.623 1e+20 1.0 1000.0 0 0
118 10007.623 1e+20 1.0 1000.0 0 0
119 10007.623 1e+20 1.0 1000.0 0 0
120 10007.623 1e+20 1.0 1000.0 0 0
121 10007.623 1e+20 1.0 1000.0 0 0
122 10007.623 1e+20 1.0 1000.0 0 0
123 10007.623 1e+20 1.0 1000.0 0 0
124 10007.623 1e+20 1.0 1000.0 0 0
125 10007.623 1e+20 1.0 1000.0 0 0
126 10007.623 1e+20 1.0 1000.0 0 0
127 10007.623 1e+20 1.0 1000.0 0 0
128 10007.623 1e+20 1.0 1000.0 0 0
78787.87878787878
1 10007.722 1e+20 1.0 1000.0 0 0
2 10007.722 1e+20 1.0 1000.0 0 0
3 10007.722 1e+20 1.0 1000.0 0 0
4 10007.722 1e+20 1.0 1000.0 0 0
5 10007.722 1e+20 1.0 1000.0 0 0
6 10007.722 1e+20 1.0 1000.0 0 0
7 10007.722 1e+20 1.0 1000.0 0 0
8 10007.722 1e+20 1.0 1000.0 0 0
9 10007.722 1e+20 1.0 1000.0 0 0
10 10007.722 1e+20 1.0 1000.0 0 0
11 10007.722 1e+20 1.0 1000.0 0 0
12 10007.722 1e+20 1.0 1000.0 0 0
13 10007.722 1e+20 1.0 1000.0 0 0
14 10007.722 1e+20 1.0 1000.0 0 0
15 10007.722 1e+20 1.0 1000.0 0 0
16 10007.722 1e+20 1.0 1000.0 0 0
17 10007.722 1e+20 1.0 1000.0 0 0
18 10007.722 1e+20 1.0 1000.0 0 0
19 10007.722 1e+20 1.0 1000.0 0 0
20 10007.722 1e+20 1.0 1000.0 0 0
21 10007.722 1e+20 1.0 1000.0 0 0
22 10007.722 1e+20 1.0 1000.0 0 0
23 10007.722 1e+20 1.0 1000.0 0 0
24 10007.722 1e+20 1.0 1000.0 0 0
25 10007.722 1e+20 1.0 1000.0 0 0
26 10007.722 1e+20 1.0 1000.0 0 0
27 10007.722 1e+20 1.0 1000.0 0 0
28 10007.722 1e+20 1.0 1000.0 0 0
29 10007.722 1e+20 1.0 1000.0 0 0
30 10007.722 1e+20 1.0 1000.0 0 0
31 10007.722 1e+20 1.0 1000.0 0 0
32 10007.722 1e+20 1.0 1000.0 0 0
33 10007.722 1e+20 1.0 1000.0 0 0
34 10007.722 1e+20 1.0 1000.0 0 0
35 10007.722 1e+20 1.0 1000.0 0 0
36 10007.722 1e+20 1.0 1000.0 0 0
37 10007.722 1e+20 1.0 1000.0 0 0
38 10007.722 1e+20 1.0 1000.0 0 0
39 10007.722 1e+20 1.0 1000.0 0 0
40 10007.722 1e+20 1.0 1000.0 0 0
41 10007.722 1e+20 1.0 1000.0 0 0
42 10007.722 1e+20 1.0 1000.0 0 0
43 10007.722 1e+20 1.0 1000.0 0 0
44 10007.722 1e+20 1.0 1000.0 0 0
45 10007.722 1e+20 1.0 1000.0 0 0
46 10007.722 1e+20 1.0 1000.0 0 0
47 10007.722 1e+20 1.0 1000.0 0 0
48 10007.722 1e+20 1.0 1000.0 0 0
49 10007.722 1e+20 1.0 1000.0 0 0
50 10007.722 1e+20 1.0 1000.0 0 0
51 10007.722 1e+20 1.0 1000.0 0 0
52 10007.722 1e+20 1.0 1000.0 0 0
53 10007.722 1e+20 1.0 1000.0 0 0
54 10007.722 1e+20 1.0 1000.0 0 0
55 10007.722 1e+20 1.0 1000.0 0 0
56 10007.722 1e+20 1.0 1000.0 0 0
57 10007.722 1e+20 1.0 1000.0 0 0
58 10007.722 1e+20 1.0 1000.0 0 0
59 10007.722 1e+20 1.0 1000.0 0 0
60 10007.722 1e+20 1.0 1000.0 0 0
61 10007.722 1e+20 1.0 1000.0 0 0
62 10007.722 1e+20 1.0 1000.0 0 0
63 10007.722 1e+20 1.0 1000.0 0 0
64 10007.722 1e+20 1.0 1000.0 0 0
65 10007.722 1e+20 1.0 1000.0 0 0
66 10007.722 1e+20 1.0 1000.0 0 0
67 10007.722 1e+20 1.0 1000.0 0 0
68 10007.722 1e+20 1.0 1000.0 0 0
69 10007.722 1e+20 1.0 1000.0 0 0
70 10007.722 1e+20 1.0 1000.0 0 0
71 10007.722 1e+20 1.0 1000.0 0 0
72 10007.722 1e+20 1.0 1000.0 0 0
73 10007.722 1e+20 1.0 1000.0 0 0
74 10007.722 1e+20 1.0 1000.0 0 0
75 10007.722 1e+20 1.0 1000.0 0 0
76 10007.722 1e+20 1.0 1000.0 0 0
77 10007.722 1e+20 1.0 1000.0 0 0
78 10007.722 1e+20 1.0 1000.0 0 0
79 10007.722 1e+20 1.0 1000.0 0 0
80 10007.722 1e+20 1.0 1000.0 0 0
81 10007.722 1e+20 1.0 1000.0 0 0
82 10007.722 1e+20 1.0 1000.0 0 0
83 10007.722 1e+20 1.0 1000.0 0 0
84 10007.722 1e+20 1.0 1000.0 0 0
85 10007.722 1e+20 1.0 1000.0 0 0
86 10007.722 1e+20 1.0 1000.0 0 0
87 10007.722 1e+20 1.0 1000.0 0 0
88 10007.722 1e+20 1.0 1000.0 0 0
89 10007.722 1e+20 1.0 1000.0 0 0
90 10007.722 1e+20 1.0 1000.0 0 0
91 10007.722 1e+20 1.0 1000.0 0 0
92 10007.722 1e+20 1.0 1000.0 0 0
93 10007.722 1e+20 1.0 1000.0 0 0
94 10007.722 1e+20 1.0 1000.0 0 0
95 10007.722 1e+20 1.0 1000.0 0 0
96 10007.722 1e+20 1.0 1000.0 0 0
97 10007.722 1e+20 1.0 1000.0 0 0
98 10007.722 1e+20 1.0 1000.0 0 0
99 10007.722 1e+20 1.0 1000.0 0 0
100 10007.722 1e+20 1.0 1000.0 0 0
101 10007.722 1e+20 1.0 1000.0 0 0
102 10007.722 1e+20 1.0 1000.0 0 0
103 10007.722 1e+20 1.0 1000.0 0 0
104 10007.722 1e+20 1.0 1000.0 0 0
105 10007.722 1e+20 1.0 1000.0 0 0
106 10007.722 1e+20 1.0 1000.0 0 0
107 10007.722 1e+20 1.0 1000.0 0 0
108 10007.722 1e+20 1.0 1000.0 0 0
109 10007.722 1e+20 1.0 1000.0 0 0
110 10007.722 1e+20 1.0 1000.0 0 0
111 10007.722 1e+20 1.0 1000.0 0 0
112 10007.722 1e+20 1.0 1000.0 0 0
113 10007.722 1e+20 1.0 1000.0 0 0
114 10007.722 1e+20 1.0 1000.0 0 0
115 10007.722 1e+20 1.0 1000.0 0 0
116 10007.722 1e+20 1.0 1000.0 0 0
117 10007.722 1e+20 1.0 1000.0 0 0
118 10007.722 1e+20 1.0 1000.0 0 0
119 10007.722 1e+20 1.0 1000.0 0 0
120 10007.722 1e+20 1.0 1000.0 0 0
121 10007.722 1e+20 1.0 1000.0 0 0
122 10007.722 1e+20 1.0 1000.0 0 0
123 10007.722 1e+20 1.0 1000.0 0 0
124 10007.722 1e+20 1.0 1000.0 0 0
125 10007.722 1e+20 1.0 1000.0 0 0
126 10007.722 1e+20 1.0 1000.0 0 0
127 10007.722 1e+20 1.0 1000.0 0 0
128 10007.722 1e+20 1.0 1000.0 0 0
79797.97979797979
1 10007.821 1e+20 1.0 1000.0 0 0
2 10007.821 1e+20 1.0 1000.0 0 0
3 10007.821 1e+20 1.0 1000.0 0 0
4 10007.821 1e+20 1.0 1000.0 0 0
5 10007.821 1e+20 1.0 1000.0 0 0
6 10007.821 1e+20 1.0 1000.0 0 0
7 10007.821 1e+20 1.0 1000.0 0 0
8 10007.821 1e+20 1.0 1000.0 0 0
9 10007.821 1e+20 1.0 1000.0 0 0
10 10007.821 1e+20 1.0 1000.0 0 0
11 10007.821 1e+20 1.0 1000.0 0 0
12 10007.821 1e+20 1.0 1000.0 0 0
13 10007.821 1e+20 1.0 1000.0 0 0
14 10007.821 1e+20 1.0 1000.0 0 0
15 10007.821 1e+20 1.0 1000.0 0 0
16 10007.821 1e+20 1.0 1000.0 0 0
17 10007.821 1e+20 1.0 1000.0 0 0
18 10007.821 1e+20 1.0 1000.0 0 0
19 10007.821 1e+20 1.0 1000.0 0 0
20 10007.821 1e+20 1.0 1000.0 0 0
21 10007.821 1e+20 1.0 1000.0 0 0
22 10007.821 1e+20 1.0 1000.0 0 0
23 10007.821 1e+20 1.0 1000.0 0 0
24 10007.821 1e+20 1.0 1000.0 0 0
25 10007.821 1e+20 1.0 1000.0 0 0
26 10007.821 1e+20 1.0 1000.0 0 0
27 10007.821 1e+20 1.0 1000.0 0 0
28 10007.821 1e+20 1.0 1000.0 0 0
29 10007.821 1e+20 1.0 1000.0 0 0
30 10007.821 1e+20 1.0 1000.0 0 0
31 10007.821 1e+20 1.0 1000.0 0 0
32 10007.821 1e+20 1.0 1000.0 0 0
33 10007.821 1e+20 1.0 1000.0 0 0
34 10007.821 1e+20 1.0 1000.0 0 0
35 10007.821 1e+20 1.0 1000.0 0 0
36 10007.821 1e+20 1.0 1000.0 0 0
37 10007.821 1e+20 1.0 1000.0 0 0
38 10007.821 1e+20 1.0 1000.0 0 0
39 10007.821 1e+20 1.0 1000.0 0 0
40 10007.821 1e+20 1.0 1000.0 0 0
41 10007.821 1e+20 1.0 1000.0 0 0
42 10007.821 1e+20 1.0 1000.0 0 0
43 10007.821 1e+20 1.0 1000.0 0 0
44 10007.821 1e+20 1.0 1000.0 0 0
45 10007.821 1e+20 1.0 1000.0 0 0
46 10007.821 1e+20 1.0 1000.0 0 0
47 10007.821 1e+20 1.0 1000.0 0 0
48 10007.821 1e+20 1.0 1000.0 0 0
49 10007.821 1e+20 1.0 1000.0 0 0
50 10007.821 1e+20 1.0 1000.0 0 0
51 10007.821 1e+20 1.0 1000.0 0 0
52 10007.821 1e+20 1.0 1000.0 0 0
53 10007.821 1e+20 1.0 1000.0 0 0
54 10007.821 1e+20 1.0 1000.0 0 0
55 10007.821 1e+20 1.0 1000.0 0 0
56 10007.821 1e+20 1.0 1000.0 0 0
57 10007.821 1e+20 1.0 1000.0 0 0
58 10007.821 1e+20 1.0 1000.0 0 0
59 10007.821 1e+20 1.0 1000.0 0 0
60 10007.821 1e+20 1.0 1000.0 0 0
61 10007.821 1e+20 1.0 1000.0 0 0
62 10007.821 1e+20 1.0 1000.0 0 0
63 10007.821 1e+20 1.0 1000.0 0 0
64 10007.821 1e+20 1.0 1000.0 0 0
65 10007.821 1e+20 1.0 1000.0 0 0
66 10007.821 1e+20 1.0 1000.0 0 0
67 10007.821 1e+20 1.0 1000.0 0 0
68 10007.821 1e+20 1.0 1000.0 0 0
69 10007.821 1e+20 1.0 1000.0 0 0
70 10007.821 1e+20 1.0 1000.0 0 0
71 10007.821 1e+20 1.0 1000.0 0 0
72 10007.821 1e+20 1.0 1000.0 0 0
73 10007.821 1e+20 1.0 1000.0 0 0
74 10007.821 1e+20 1.0 1000.0 0 0
75 10007.821 1e+20 1.0 1000.0 0 0
76 10007.821 1e+20 1.0 1000.0 0 0
77 10007.821 1e+20 1.0 1000.0 0 0
78 10007.821 1e+20 1.0 1000.0 0 0
79 10007.821 1e+20 1.0 1000.0 0 0
80 10007.821 1e+20 1.0 1000.0 0 0
81 10007.821 1e+20 1.0 1000.0 0 0
82 10007.821 1e+20 1.0 1000.0 0 0
83 10007.821 1e+20 1.0 1000.0 0 0
84 10007.821 1e+20 1.0 1000.0 0 0
85 10007.821 1e+20 1.0 1000.0 0 0
86 10007.821 1e+20 1.0 1000.0 0 0
87 10007.821 1e+20 1.0 1000.0 0 0
88 10007.821 1e+20 1.0 1000.0 0 0
89 10007.821 1e+20 1.0 1000.0 0 0
90 10007.821 1e+20 1.0 1000.0 0 0
91 10007.821 1e+20 1.0 1000.0 0 0
92 10007.821 1e+20 1.0 1000.0 0 0
93 10007.821 1e+20 1.0 1000.0 0 0
94 10007.821 1e+20 1.0 1000.0 0 0
95 10007.821 1e+20 1.0 1000.0 0 0
96 10007.821 1e+20 1.0 1000.0 0 0
97 10007.821 1e+20 1.0 1000.0 0 0
98 10007.821 1e+20 1.0 1000.0 0 0
99 10007.821 1e+20 1.0 1000.0 0 0
100 10007.821 1e+20 1.0 1000.0 0 0
101 10007.821 1e+20 1.0 1000.0 0 0
102 10007.821 1e+20 1.0 1000.0 0 0
103 10007.821 1e+20 1.0 1000.0 0 0
104 10007.821 1e+20 1.0 1000.0 0 0
105 10007.821 1e+20 1.0 1000.0 0 0
106 10007.821 1e+20 1.0 1000.0 0 0
107 10007.821 1e+20 1.0 1000.0 0 0
108 10007.821 1e+20 1.0 1000.0 0 0
109 10007.821 1e+20 1.0 1000.0 0 0
110 10007.821 1e+20 1.0 1000.0 0 0
111 10007.821 1e+20 1.0 1000.0 0 0
112 10007.821 1e+20 1.0 1000.0 0 0
113 10007.821 1e+20 1.0 1000.0 0 0
114 10007.821 1e+20 1.0 1000.0 0 0
115 10007.821 1e+20 1.0 1000.0 0 0
116 10007.821 1e+20 1.0 1000.0 0 0
117 10007.821 1e+20 1.0 1000.0 0 0
118 10007.821 1e+20 1.0 1000.0 0 0
119 10007.821 1e+20 1.0 1000.0 0 0
120 10007.821 1e+20 1.0 1000.0 0 0
121 10007.821 1e+20 1.0 1000.0 0 0
122 10007.821 1e+20 1.0 1000.0 0 0
123 10007.821 1e+20 1.0 1000.0 0 0
124 10007.821 1e+20 1.0 1000.0 0 0
125 10007.821 1e+20 1.0 1000.0 0 0
126 10007.821 1e+20 1.0 1000.0 0 0
127 10007.821 1e+20 1.0 1000.0 0 0
128 10007.821 1e+20 1.0 1000.0 0 0
80808.0808080808
1 10007.92 1e+20 1.0 1000.0 0 0
2 10007.92 1e+20 1.0 1000.0 0 0
3 10007.92 1e+20 1.0 1000.0 0 0
4 10007.92 1e+20 1.0 1000.0 0 0
5 10007.92 1e+20 1.0 1000.0 0 0
6 10007.92 1e+20 1.0 1000.0 0 0
7 10007.92 1e+20 1.0 1000.0 0 0
8 10007.92 1e+20 1.0 1000.0 0 0
9 10007.92 1e+20 1.0 1000.0 0 0
10 10007.92 1e+20 1.0 1000.0 0 0
11 10007.92 1e+20 1.0 1000.0 0 0
12 10007.92 1e+20 1.0 1000.0 0 0
13 10007.92 1e+20 1.0 1000.0 0 0
14 10007.92 1e+20 1.0 1000.0 0 0
15 10007.92 1e+20 1.0 1000.0 0 0
16 10007.92 1e+20 1.0 1000.0 0 0
17 10007.92 1e+20 1.0 1000.0 0 0
18 10007.92 1e+20 1.0 1000.0 0 0
19 10007.92 1e+20 1.0 1000.0 0 0
20 10007.92 1e+20 1.0 1000.0 0 0
21 10007.92 1e+20 1.0 1000.0 0 0
22 10007.92 1e+20 1.0 1000.0 0 0
23 10007.92 1e+20 1.0 1000.0 0 0
24 10007.92 1e+20 1.0 1000.0 0 0
25 10007.92 1e+20 1.0 1000.0 0 0
26 10007.92 1e+20 1.0 1000.0 0 0
27 10007.92 1e+20 1.0 1000.0 0 0
28 10007.92 1e+20 1.0 1000.0 0 0
29 10007.92 1e+20 1.0 1000.0 0 0
30 10007.92 1e+20 1.0 1000.0 0 0
31 10007.92 1e+20 1.0 1000.0 0 0
32 10007.92 1e+20 1.0 1000.0 0 0
33 10007.92 1e+20 1.0 1000.0 0 0
34 10007.92 1e+20 1.0 1000.0 0 0
35 10007.92 1e+20 1.0 1000.0 0 0
36 10007.92 1e+20 1.0 1000.0 0 0
37 10007.92 1e+20 1.0 1000.0 0 0
38 10007.92 1e+20 1.0 1000.0 0 0
39 10007.92 1e+20 1.0 1000.0 0 0
40 10007.92 1e+20 1.0 1000.0 0 0
41 10007.92 1e+20 1.0 1000.0 0 0
42 10007.92 1e+20 1.0 1000.0 0 0
43 10007.92 1e+20 1.0 1000.0 0 0
44 10007.92 1e+20 1.0 1000.0 0 0
45 10007.92 1e+20 1.0 1000.0 0 0
46 10007.92 1e+20 1.0 1000.0 0 0
47 10007.92 1e+20 1.0 1000.0 0 0
48 10007.92 1e+20 1.0 1000.0 0 0
49 10007.92 1e+20 1.0 1000.0 0 0
50 10007.92 1e+20 1.0 1000.0 0 0
51 10007.92 1e+20 1.0 1000.0 0 0
52 10007.92 1e+20 1.0 1000.0 0 0
53 10007.92 1e+20 1.0 1000.0 0 0
54 10007.92 1e+20 1.0 1000.0 0 0
55 10007.92 1e+20 1.0 1000.0 0 0
56 10007.92 1e+20 1.0 1000.0 0 0
57 10007.92 1e+20 1.0 1000.0 0 0
58 10007.92 1e+20 1.0 1000.0 0 0
59 10007.92 1e+20 1.0 1000.0 0 0
60 10007.92 1e+20 1.0 1000.0 0 0
61 10007.92 1e+20 1.0 1000.0 0 0
62 10007.92 1e+20 1.0 1000.0 0 0
63 10007.92 1e+20 1.0 1000.0 0 0
64 10007.92 1e+20 1.0 1000.0 0 0
65 10007.92 1e+20 1.0 1000.0 0 0
66 10007.92 1e+20 1.0 1000.0 0 0
67 10007.92 1e+20 1.0 1000.0 0 0
68 10007.92 1e+20 1.0 1000.0 0 0
69 10007.92 1e+20 1.0 1000.0 0 0
70 10007.92 1e+20 1.0 1000.0 0 0
71 10007.92 1e+20 1.0 1000.0 0 0
72 10007.92 1e+20 1.0 1000.0 0 0
73 10007.92 1e+20 1.0 1000.0 0 0
74 10007.92 1e+20 1.0 1000.0 0 0
75 10007.92 1e+20 1.0 1000.0 0 0
76 10007.92 1e+20 1.0 1000.0 0 0
77 10007.92 1e+20 1.0 1000.0 0 0
78 10007.92 1e+20 1.0 1000.0 0 0
79 10007.92 1e+20 1.0 1000.0 0 0
80 10007.92 1e+20 1.0 1000.0 0 0
81 10007.92 1e+20 1.0 1000.0 0 0
82 10007.92 1e+20 1.0 1000.0 0 0
83 10007.92 1e+20 1.0 1000.0 0 0
84 10007.92 1e+20 1.0 1000.0 0 0
85 10007.92 1e+20 1.0 1000.0 0 0
86 10007.92 1e+20 1.0 1000.0 0 0
87 10007.92 1e+20 1.0 1000.0 0 0
88 10007.92 1e+20 1.0 1000.0 0 0
89 10007.92 1e+20 1.0 1000.0 0 0
90 10007.92 1e+20 1.0 1000.0 0 0
91 10007.92 1e+20 1.0 1000.0 0 0
92 10007.92 1e+20 1.0 1000.0 0 0
93 10007.92 1e+20 1.0 1000.0 0 0
94 10007.92 1e+20 1.0 1000.0 0 0
95 10007.92 1e+20 1.0 1000.0 0 0
96 10007.92 1e+20 1.0 1000.0 0 0
97 10007.92 1e+20 1.0 1000.0 0 0
98 10007.92 1e+20 1.0 1000.0 0 0
99 10007.92 1e+20 1.0 1000.0 0 0
100 10007.92 1e+20 1.0 1000.0 0 0
101 10007.92 1e+20 1.0 1000.0 0 0
102 10007.92 1e+20 1.0 1000.0 0 0
103 10007.92 1e+20 1.0 1000.0 0 0
104 10007.92 1e+20 1.0 1000.0 0 0
105 10007.92 1e+20 1.0 1000.0 0 0
106 10007.92 1e+20 1.0 1000.0 0 0
107 10007.92 1e+20 1.0 1000.0 0 0
108 10007.92 1e+20 1.0 1000.0 0 0
109 10007.92 1e+20 1.0 1000.0 0 0
110 10007.92 1e+20 1.0 1000.0 0 0
111 10007.92 1e+20 1.0 1000.0 0 0
112 10007.92 1e+20 1.0 1000.0 0 0
113 10007.92 1e+20 1.0 1000.0 0 0
114 10007.92 1e+20 1.0 1000.0 0 0
115 10007.92 1e+20 1.0 1000.0 0 0
116 10007.92 1e+20 1.0 1000.0 0 0
117 10007.92 1e+20 1.0 1000.0 0 0
118 10007.92 1e+20 1.0 1000.0 0 0
119 10007.92 1e+20 1.0 1000.0 0 0
120 10007.92 1e+20 1.0 1000.0 0 0
121 10007.92 1e+20 1.0 1000.0 0 0
122 10007.92 1e+20 1.0 1000.0 0 0
123 10007.92 1e+20 1.0 1000.0 0 0
124 10007.92 1e+20 1.0 1000.0 0 0
125 10007.92 1e+20 1.0 1000.0 0 0
126 10007.92 1e+20 1.0 1000.0 0 0
127 10007.92 1e+20 1.0 1000.0 0 0
128 10007.92 1e+20 1.0 1000.0 0 0
81818.18181818181
1 10008.019 1e+20 1.0 1000.0 0 0
2 10008.019 1e+20 1.0 1000.0 0 0
3 10008.019 1e+20 1.0 1000.0 0 0
4 10008.019 1e+20 1.0 1000.0 0 0
5 10008.019 1e+20 1.0 1000.0 0 0
6 10008.019 1e+20 1.0 1000.0 0 0
7 10008.019 1e+20 1.0 1000.0 0 0
8 10008.019 1e+20 1.0 1000.0 0 0
9 10008.019 1e+20 1.0 1000.0 0 0
10 10008.019 1e+20 1.0 1000.0 0 0
11 10008.019 1e+20 1.0 1000.0 0 0
12 10008.019 1e+20 1.0 1000.0 0 0
13 10008.019 1e+20 1.0 1000.0 0 0
14 10008.019 1e+20 1.0 1000.0 0 0
15 10008.019 1e+20 1.0 1000.0 0 0
16 10008.019 1e+20 1.0 1000.0 0 0
17 10008.019 1e+20 1.0 1000.0 0 0
18 10008.019 1e+20 1.0 1000.0 0 0
19 10008.019 1e+20 1.0 1000.0 0 0
20 10008.019 1e+20 1.0 1000.0 0 0
21 10008.019 1e+20 1.0 1000.0 0 0
22 10008.019 1e+20 1.0 1000.0 0 0
23 10008.019 1e+20 1.0 1000.0 0 0
24 10008.019 1e+20 1.0 1000.0 0 0
25 10008.019 1e+20 1.0 1000.0 0 0
26 10008.019 1e+20 1.0 1000.0 0 0
27 10008.019 1e+20 1.0 1000.0 0 0
28 10008.019 1e+20 1.0 1000.0 0 0
29 10008.019 1e+20 1.0 1000.0 0 0
30 10008.019 1e+20 1.0 1000.0 0 0
31 10008.019 1e+20 1.0 1000.0 0 0
32 10008.019 1e+20 1.0 1000.0 0 0
33 10008.019 1e+20 1.0 1000.0 0 0
34 10008.019 1e+20 1.0 1000.0 0 0
35 10008.019 1e+20 1.0 1000.0 0 0
36 10008.019 1e+20 1.0 1000.0 0 0
37 10008.019 1e+20 1.0 1000.0 0 0
38 10008.019 1e+20 1.0 1000.0 0 0
39 10008.019 1e+20 1.0 1000.0 0 0
40 10008.019 1e+20 1.0 1000.0 0 0
41 10008.019 1e+20 1.0 1000.0 0 0
42 10008.019 1e+20 1.0 1000.0 0 0
43 10008.019 1e+20 1.0 1000.0 0 0
44 10008.019 1e+20 1.0 1000.0 0 0
45 10008.019 1e+20 1.0 1000.0 0 0
46 10008.019 1e+20 1.0 1000.0 0 0
47 10008.019 1e+20 1.0 1000.0 0 0
48 10008.019 1e+20 1.0 1000.0 0 0
49 10008.019 1e+20 1.0 1000.0 0 0
50 10008.019 1e+20 1.0 1000.0 0 0
51 10008.019 1e+20 1.0 1000.0 0 0
52 10008.019 1e+20 1.0 1000.0 0 0
53 10008.019 1e+20 1.0 1000.0 0 0
54 10008.019 1e+20 1.0 1000.0 0 0
55 10008.019 1e+20 1.0 1000.0 0 0
56 10008.019 1e+20 1.0 1000.0 0 0
57 10008.019 1e+20 1.0 1000.0 0 0
58 10008.019 1e+20 1.0 1000.0 0 0
59 10008.019 1e+20 1.0 1000.0 0 0
60 10008.019 1e+20 1.0 1000.0 0 0
61 10008.019 1e+20 1.0 1000.0 0 0
62 10008.019 1e+20 1.0 1000.0 0 0
63 10008.019 1e+20 1.0 1000.0 0 0
64 10008.019 1e+20 1.0 1000.0 0 0
65 10008.019 1e+20 1.0 1000.0 0 0
66 10008.019 1e+20 1.0 1000.0 0 0
67 10008.019 1e+20 1.0 1000.0 0 0
68 10008.019 1e+20 1.0 1000.0 0 0
69 10008.019 1e+20 1.0 1000.0 0 0
70 10008.019 1e+20 1.0 1000.0 0 0
71 10008.019 1e+20 1.0 1000.0 0 0
72 10008.019 1e+20 1.0 1000.0 0 0
73 10008.019 1e+20 1.0 1000.0 0 0
74 10008.019 1e+20 1.0 1000.0 0 0
75 10008.019 1e+20 1.0 1000.0 0 0
76 10008.019 1e+20 1.0 1000.0 0 0
77 10008.019 1e+20 1.0 1000.0 0 0
78 10008.019 1e+20 1.0 1000.0 0 0
79 10008.019 1e+20 1.0 1000.0 0 0
80 10008.019 1e+20 1.0 1000.0 0 0
81 10008.019 1e+20 1.0 1000.0 0 0
82 10008.019 1e+20 1.0 1000.0 0 0
83 10008.019 1e+20 1.0 1000.0 0 0
84 10008.019 1e+20 1.0 1000.0 0 0
85 10008.019 1e+20 1.0 1000.0 0 0
86 10008.019 1e+20 1.0 1000.0 0 0
87 10008.019 1e+20 1.0 1000.0 0 0
88 10008.019 1e+20 1.0 1000.0 0 0
89 10008.019 1e+20 1.0 1000.0 0 0
90 10008.019 1e+20 1.0 1000.0 0 0
91 10008.019 1e+20 1.0 1000.0 0 0
92 10008.019 1e+20 1.0 1000.0 0 0
93 10008.019 1e+20 1.0 1000.0 0 0
94 10008.019 1e+20 1.0 1000.0 0 0
95 10008.019 1e+20 1.0 1000.0 0 0
96 10008.019 1e+20 1.0 1000.0 0 0
97 10008.019 1e+20 1.0 1000.0 0 0
98 10008.019 1e+20 1.0 1000.0 0 0
99 10008.019 1e+20 1.0 1000.0 0 0
100 10008.019 1e+20 1.0 1000.0 0 0
101 10008.019 1e+20 1.0 1000.0 0 0
102 10008.019 1e+20 1.0 1000.0 0 0
103 10008.019 1e+20 1.0 1000.0 0 0
104 10008.019 1e+20 1.0 1000.0 0 0
105 10008.019 1e+20 1.0 1000.0 0 0
106 10008.019 1e+20 1.0 1000.0 0 0
107 10008.019 1e+20 1.0 1000.0 0 0
108 10008.019 1e+20 1.0 1000.0 0 0
109 10008.019 1e+20 1.0 1000.0 0 0
110 10008.019 1e+20 1.0 1000.0 0 0
111 10008.019 1e+20 1.0 1000.0 0 0
112 10008.019 1e+20 1.0 1000.0 0 0
113 10008.019 1e+20 1.0 1000.0 0 0
114 10008.019 1e+20 1.0 1000.0 0 0
115 10008.019 1e+20 1.0 1000.0 0 0
116 10008.019 1e+20 1.0 1000.0 0 0
117 10008.019 1e+20 1.0 1000.0 0 0
118 10008.019 1e+20 1.0 1000.0 0 0
119 10008.019 1e+20 1.0 1000.0 0 0
120 10008.019 1e+20 1.0 1000.0 0 0
121 10008.019 1e+20 1.0 1000.0 0 0
122 10008.019 1e+20 1.0 1000.0 0 0
123 10008.019 1e+20 1.0 1000.0 0 0
124 10008.019 1e+20 1.0 1000.0 0 0
125 10008.019 1e+20 1.0 1000.0 0 0
126 10008.019 1e+20 1.0 1000.0 0 0
127 10008.019 1e+20 1.0 1000.0 0 0
128 10008.019 1e+20 1.0 1000.0 0 0
82828.28282828283
1 10008.118 1e+20 1.0 1000.0 0 0
2 10008.118 1e+20 1.0 1000.0 0 0
3 10008.118 1e+20 1.0 1000.0 0 0
4 10008.118 1e+20 1.0 1000.0 0 0
5 10008.118 1e+20 1.0 1000.0 0 0
6 10008.118 1e+20 1.0 1000.0 0 0
7 10008.118 1e+20 1.0 1000.0 0 0
8 10008.118 1e+20 1.0 1000.0 0 0
9 10008.118 1e+20 1.0 1000.0 0 0
10 10008.118 1e+20 1.0 1000.0 0 0
11 10008.118 1e+20 1.0 1000.0 0 0
12 10008.118 1e+20 1.0 1000.0 0 0
13 10008.118 1e+20 1.0 1000.0 0 0
14 10008.118 1e+20 1.0 1000.0 0 0
15 10008.118 1e+20 1.0 1000.0 0 0
16 10008.118 1e+20 1.0 1000.0 0 0
17 10008.118 1e+20 1.0 1000.0 0 0
18 10008.118 1e+20 1.0 1000.0 0 0
19 10008.118 1e+20 1.0 1000.0 0 0
20 10008.118 1e+20 1.0 1000.0 0 0
21 10008.118 1e+20 1.0 1000.0 0 0
22 10008.118 1e+20 1.0 1000.0 0 0
23 10008.118 1e+20 1.0 1000.0 0 0
24 10008.118 1e+20 1.0 1000.0 0 0
25 10008.118 1e+20 1.0 1000.0 0 0
26 10008.118 1e+20 1.0 1000.0 0 0
27 10008.118 1e+20 1.0 1000.0 0 0
28 10008.118 1e+20 1.0 1000.0 0 0
29 10008.118 1e+20 1.0 1000.0 0 0
30 10008.118 1e+20 1.0 1000.0 0 0
31 10008.118 1e+20 1.0 1000.0 0 0
32 10008.118 1e+20 1.0 1000.0 0 0
33 10008.118 1e+20 1.0 1000.0 0 0
34 10008.118 1e+20 1.0 1000.0 0 0
35 10008.118 1e+20 1.0 1000.0 0 0
36 10008.118 1e+20 1.0 1000.0 0 0
37 10008.118 1e+20 1.0 1000.0 0 0
38 10008.118 1e+20 1.0 1000.0 0 0
39 10008.118 1e+20 1.0 1000.0 0 0
40 10008.118 1e+20 1.0 1000.0 0 0
41 10008.118 1e+20 1.0 1000.0 0 0
42 10008.118 1e+20 1.0 1000.0 0 0
43 10008.118 1e+20 1.0 1000.0 0 0
44 10008.118 1e+20 1.0 1000.0 0 0
45 10008.118 1e+20 1.0 1000.0 0 0
46 10008.118 1e+20 1.0 1000.0 0 0
47 10008.118 1e+20 1.0 1000.0 0 0
48 10008.118 1e+20 1.0 1000.0 0 0
49 10008.118 1e+20 1.0 1000.0 0 0
50 10008.118 1e+20 1.0 1000.0 0 0
51 10008.118 1e+20 1.0 1000.0 0 0
52 10008.118 1e+20 1.0 1000.0 0 0
53 10008.118 1e+20 1.0 1000.0 0 0
54 10008.118 1e+20 1.0 1000.0 0 0
55 10008.118 1e+20 1.0 1000.0 0 0
56 10008.118 1e+20 1.0 1000.0 0 0
57 10008.118 1e+20 1.0 1000.0 0 0
58 10008.118 1e+20 1.0 1000.0 0 0
59 10008.118 1e+20 1.0 1000.0 0 0
60 10008.118 1e+20 1.0 1000.0 0 0
61 10008.118 1e+20 1.0 1000.0 0 0
62 10008.118 1e+20 1.0 1000.0 0 0
63 10008.118 1e+20 1.0 1000.0 0 0
64 10008.118 1e+20 1.0 1000.0 0 0
65 10008.118 1e+20 1.0 1000.0 0 0
66 10008.118 1e+20 1.0 1000.0 0 0
67 10008.118 1e+20 1.0 1000.0 0 0
68 10008.118 1e+20 1.0 1000.0 0 0
69 10008.118 1e+20 1.0 1000.0 0 0
70 10008.118 1e+20 1.0 1000.0 0 0
71 10008.118 1e+20 1.0 1000.0 0 0
72 10008.118 1e+20 1.0 1000.0 0 0
73 10008.118 1e+20 1.0 1000.0 0 0
74 10008.118 1e+20 1.0 1000.0 0 0
75 10008.118 1e+20 1.0 1000.0 0 0
76 10008.118 1e+20 1.0 1000.0 0 0
77 10008.118 1e+20 1.0 1000.0 0 0
78 10008.118 1e+20 1.0 1000.0 0 0
79 10008.118 1e+20 1.0 1000.0 0 0
80 10008.118 1e+20 1.0 1000.0 0 0
81 10008.118 1e+20 1.0 1000.0 0 0
82 10008.118 1e+20 1.0 1000.0 0 0
83 10008.118 1e+20 1.0 1000.0 0 0
84 10008.118 1e+20 1.0 1000.0 0 0
85 10008.118 1e+20 1.0 1000.0 0 0
86 10008.118 1e+20 1.0 1000.0 0 0
87 10008.118 1e+20 1.0 1000.0 0 0
88 10008.118 1e+20 1.0 1000.0 0 0
89 10008.118 1e+20 1.0 1000.0 0 0
90 10008.118 1e+20 1.0 1000.0 0 0
91 10008.118 1e+20 1.0 1000.0 0 0
92 10008.118 1e+20 1.0 1000.0 0 0
93 10008.118 1e+20 1.0 1000.0 0 0
94 10008.118 1e+20 1.0 1000.0 0 0
95 10008.118 1e+20 1.0 1000.0 0 0
96 10008.118 1e+20 1.0 1000.0 0 0
97 10008.118 1e+20 1.0 1000.0 0 0
98 10008.118 1e+20 1.0 1000.0 0 0
99 10008.118 1e+20 1.0 1000.0 0 0
100 10008.118 1e+20 1.0 1000.0 0 0
101 10008.118 1e+20 1.0 1000.0 0 0
102 10008.118 1e+20 1.0 1000.0 0 0
103 10008.118 1e+20 1.0 1000.0 0 0
104 10008.118 1e+20 1.0 1000.0 0 0
105 10008.118 1e+20 1.0 1000.0 0 0
106 10008.118 1e+20 1.0 1000.0 0 0
107 10008.118 1e+20 1.0 1000.0 0 0
108 10008.118 1e+20 1.0 1000.0 0 0
109 10008.118 1e+20 1.0 1000.0 0 0
110 10008.118 1e+20 1.0 1000.0 0 0
111 10008.118 1e+20 1.0 1000.0 0 0
112 10008.118 1e+20 1.0 1000.0 0 0
113 10008.118 1e+20 1.0 1000.0 0 0
114 10008.118 1e+20 1.0 1000.0 0 0
115 10008.118 1e+20 1.0 1000.0 0 0
116 10008.118 1e+20 1.0 1000.0 0 0
117 10008.118 1e+20 1.0 1000.0 0 0
118 10008.118 1e+20 1.0 1000.0 0 0
119 10008.118 1e+20 1.0 1000.0 0 0
120 10008.118 1e+20 1.0 1000.0 0 0
121 10008.118 1e+20 1.0 1000.0 0 0
122 10008.118 1e+20 1.0 1000.0 0 0
123 10008.118 1e+20 1.0 1000.0 0 0
124 10008.118 1e+20 1.0 1000.0 0 0
125 10008.118 1e+20 1.0 1000.0 0 0
126 10008.118 1e+20 1.0 1000.0 0 0
127 10008.118 1e+20 1.0 1000.0 0 0
128 10008.118 1e+20 1.0 1000.0 0 0
83838.38383838383
1 10008.217 1e+20 1.0 1000.0 0 0
2 10008.217 1e+20 1.0 1000.0 0 0
3 10008.217 1e+20 1.0 1000.0 0 0
4 10008.217 1e+20 1.0 1000.0 0 0
5 10008.217 1e+20 1.0 1000.0 0 0
6 10008.217 1e+20 1.0 1000.0 0 0
7 10008.217 1e+20 1.0 1000.0 0 0
8 10008.217 1e+20 1.0 1000.0 0 0
9 10008.217 1e+20 1.0 1000.0 0 0
10 10008.217 1e+20 1.0 1000.0 0 0
11 10008.217 1e+20 1.0 1000.0 0 0
12 10008.217 1e+20 1.0 1000.0 0 0
13 10008.217 1e+20 1.0 1000.0 0 0
14 10008.217 1e+20 1.0 1000.0 0 0
15 10008.217 1e+20 1.0 1000.0 0 0
16 10008.217 1e+20 1.0 1000.0 0 0
17 10008.217 1e+20 1.0 1000.0 0 0
18 10008.217 1e+20 1.0 1000.0 0 0
19 10008.217 1e+20 1.0 1000.0 0 0
20 10008.217 1e+20 1.0 1000.0 0 0
21 10008.217 1e+20 1.0 1000.0 0 0
22 10008.217 1e+20 1.0 1000.0 0 0
23 10008.217 1e+20 1.0 1000.0 0 0
24 10008.217 1e+20 1.0 1000.0 0 0
25 10008.217 1e+20 1.0 1000.0 0 0
26 10008.217 1e+20 1.0 1000.0 0 0
27 10008.217 1e+20 1.0 1000.0 0 0
28 10008.217 1e+20 1.0 1000.0 0 0
29 10008.217 1e+20 1.0 1000.0 0 0
30 10008.217 1e+20 1.0 1000.0 0 0
31 10008.217 1e+20 1.0 1000.0 0 0
32 10008.217 1e+20 1.0 1000.0 0 0
33 10008.217 1e+20 1.0 1000.0 0 0
34 10008.217 1e+20 1.0 1000.0 0 0
35 10008.217 1e+20 1.0 1000.0 0 0
36 10008.217 1e+20 1.0 1000.0 0 0
37 10008.217 1e+20 1.0 1000.0 0 0
38 10008.217 1e+20 1.0 1000.0 0 0
39 10008.217 1e+20 1.0 1000.0 0 0
40 10008.217 1e+20 1.0 1000.0 0 0
41 10008.217 1e+20 1.0 1000.0 0 0
42 10008.217 1e+20 1.0 1000.0 0 0
43 10008.217 1e+20 1.0 1000.0 0 0
44 10008.217 1e+20 1.0 1000.0 0 0
45 10008.217 1e+20 1.0 1000.0 0 0
46 10008.217 1e+20 1.0 1000.0 0 0
47 10008.217 1e+20 1.0 1000.0 0 0
48 10008.217 1e+20 1.0 1000.0 0 0
49 10008.217 1e+20 1.0 1000.0 0 0
50 10008.217 1e+20 1.0 1000.0 0 0
51 10008.217 1e+20 1.0 1000.0 0 0
52 10008.217 1e+20 1.0 1000.0 0 0
53 10008.217 1e+20 1.0 1000.0 0 0
54 10008.217 1e+20 1.0 1000.0 0 0
55 10008.217 1e+20 1.0 1000.0 0 0
56 10008.217 1e+20 1.0 1000.0 0 0
57 10008.217 1e+20 1.0 1000.0 0 0
58 10008.217 1e+20 1.0 1000.0 0 0
59 10008.217 1e+20 1.0 1000.0 0 0
60 10008.217 1e+20 1.0 1000.0 0 0
61 10008.217 1e+20 1.0 1000.0 0 0
62 10008.217 1e+20 1.0 1000.0 0 0
63 10008.217 1e+20 1.0 1000.0 0 0
64 10008.217 1e+20 1.0 1000.0 0 0
65 10008.217 1e+20 1.0 1000.0 0 0
66 10008.217 1e+20 1.0 1000.0 0 0
67 10008.217 1e+20 1.0 1000.0 0 0
68 10008.217 1e+20 1.0 1000.0 0 0
69 10008.217 1e+20 1.0 1000.0 0 0
70 10008.217 1e+20 1.0 1000.0 0 0
71 10008.217 1e+20 1.0 1000.0 0 0
72 10008.217 1e+20 1.0 1000.0 0 0
73 10008.217 1e+20 1.0 1000.0 0 0
74 10008.217 1e+20 1.0 1000.0 0 0
75 10008.217 1e+20 1.0 1000.0 0 0
76 10008.217 1e+20 1.0 1000.0 0 0
77 10008.217 1e+20 1.0 1000.0 0 0
78 10008.217 1e+20 1.0 1000.0 0 0
79 10008.217 1e+20 1.0 1000.0 0 0
80 10008.217 1e+20 1.0 1000.0 0 0
81 10008.217 1e+20 1.0 1000.0 0 0
82 10008.217 1e+20 1.0 1000.0 0 0
83 10008.217 1e+20 1.0 1000.0 0 0
84 10008.217 1e+20 1.0 1000.0 0 0
85 10008.217 1e+20 1.0 1000.0 0 0
86 10008.217 1e+20 1.0 1000.0 0 0
87 10008.217 1e+20 1.0 1000.0 0 0
88 10008.217 1e+20 1.0 1000.0 0 0
89 10008.217 1e+20 1.0 1000.0 0 0
90 10008.217 1e+20 1.0 1000.0 0 0
91 10008.217 1e+20 1.0 1000.0 0 0
92 10008.217 1e+20 1.0 1000.0 0 0
93 10008.217 1e+20 1.0 1000.0 0 0
94 10008.217 1e+20 1.0 1000.0 0 0
95 10008.217 1e+20 1.0 1000.0 0 0
96 10008.217 1e+20 1.0 1000.0 0 0
97 10008.217 1e+20 1.0 1000.0 0 0
98 10008.217 1e+20 1.0 1000.0 0 0
99 10008.217 1e+20 1.0 1000.0 0 0
100 10008.217 1e+20 1.0 1000.0 0 0
101 10008.217 1e+20 1.0 1000.0 0 0
102 10008.217 1e+20 1.0 1000.0 0 0
103 10008.217 1e+20 1.0 1000.0 0 0
104 10008.217 1e+20 1.0 1000.0 0 0
105 10008.217 1e+20 1.0 1000.0 0 0
106 10008.217 1e+20 1.0 1000.0 0 0
107 10008.217 1e+20 1.0 1000.0 0 0
108 10008.217 1e+20 1.0 1000.0 0 0
109 10008.217 1e+20 1.0 1000.0 0 0
110 10008.217 1e+20 1.0 1000.0 0 0
111 10008.217 1e+20 1.0 1000.0 0 0
112 10008.217 1e+20 1.0 1000.0 0 0
113 10008.217 1e+20 1.0 1000.0 0 0
114 10008.217 1e+20 1.0 1000.0 0 0
115 10008.217 1e+20 1.0 1000.0 0 0
116 10008.217 1e+20 1.0 1000.0 0 0
117 10008.217 1e+20 1.0 1000.0 0 0
118 10008.217 1e+20 1.0 1000.0 0 0
119 10008.217 1e+20 1.0 1000.0 0 0
120 10008.217 1e+20 1.0 1000.0 0 0
121 10008.217 1e+20 1.0 1000.0 0 0
122 10008.217 1e+20 1.0 1000.0 0 0
123 10008.217 1e+20 1.0 1000.0 0 0
124 10008.217 1e+20 1.0 1000.0 0 0
125 10008.217 1e+20 1.0 1000.0 0 0
126 10008.217 1e+20 1.0 1000.0 0 0
127 10008.217 1e+20 1.0 1000.0 0 0
128 10008.217 1e+20 1.0 1000.0 0 0
84848.48484848485
1 10008.316 1e+20 1.0 1000.0 0 0
2 10008.316 1e+20 1.0 1000.0 0 0
3 10008.316 1e+20 1.0 1000.0 0 0
4 10008.316 1e+20 1.0 1000.0 0 0
5 10008.316 1e+20 1.0 1000.0 0 0
6 10008.316 1e+20 1.0 1000.0 0 0
7 10008.316 1e+20 1.0 1000.0 0 0
8 10008.316 1e+20 1.0 1000.0 0 0
9 10008.316 1e+20 1.0 1000.0 0 0
10 10008.316 1e+20 1.0 1000.0 0 0
11 10008.316 1e+20 1.0 1000.0 0 0
12 10008.316 1e+20 1.0 1000.0 0 0
13 10008.316 1e+20 1.0 1000.0 0 0
14 10008.316 1e+20 1.0 1000.0 0 0
15 10008.316 1e+20 1.0 1000.0 0 0
16 10008.316 1e+20 1.0 1000.0 0 0
17 10008.316 1e+20 1.0 1000.0 0 0
18 10008.316 1e+20 1.0 1000.0 0 0
19 10008.316 1e+20 1.0 1000.0 0 0
20 10008.316 1e+20 1.0 1000.0 0 0
21 10008.316 1e+20 1.0 1000.0 0 0
22 10008.316 1e+20 1.0 1000.0 0 0
23 10008.316 1e+20 1.0 1000.0 0 0
24 10008.316 1e+20 1.0 1000.0 0 0
25 10008.316 1e+20 1.0 1000.0 0 0
26 10008.316 1e+20 1.0 1000.0 0 0
27 10008.316 1e+20 1.0 1000.0 0 0
28 10008.316 1e+20 1.0 1000.0 0 0
29 10008.316 1e+20 1.0 1000.0 0 0
30 10008.316 1e+20 1.0 1000.0 0 0
31 10008.316 1e+20 1.0 1000.0 0 0
32 10008.316 1e+20 1.0 1000.0 0 0
33 10008.316 1e+20 1.0 1000.0 0 0
34 10008.316 1e+20 1.0 1000.0 0 0
35 10008.316 1e+20 1.0 1000.0 0 0
36 10008.316 1e+20 1.0 1000.0 0 0
37 10008.316 1e+20 1.0 1000.0 0 0
38 10008.316 1e+20 1.0 1000.0 0 0
39 10008.316 1e+20 1.0 1000.0 0 0
40 10008.316 1e+20 1.0 1000.0 0 0
41 10008.316 1e+20 1.0 1000.0 0 0
42 10008.316 1e+20 1.0 1000.0 0 0
43 10008.316 1e+20 1.0 1000.0 0 0
44 10008.316 1e+20 1.0 1000.0 0 0
45 10008.316 1e+20 1.0 1000.0 0 0
46 10008.316 1e+20 1.0 1000.0 0 0
47 10008.316 1e+20 1.0 1000.0 0 0
48 10008.316 1e+20 1.0 1000.0 0 0
49 10008.316 1e+20 1.0 1000.0 0 0
50 10008.316 1e+20 1.0 1000.0 0 0
51 10008.316 1e+20 1.0 1000.0 0 0
52 10008.316 1e+20 1.0 1000.0 0 0
53 10008.316 1e+20 1.0 1000.0 0 0
54 10008.316 1e+20 1.0 1000.0 0 0
55 10008.316 1e+20 1.0 1000.0 0 0
56 10008.316 1e+20 1.0 1000.0 0 0
57 10008.316 1e+20 1.0 1000.0 0 0
58 10008.316 1e+20 1.0 1000.0 0 0
59 10008.316 1e+20 1.0 1000.0 0 0
60 10008.316 1e+20 1.0 1000.0 0 0
61 10008.316 1e+20 1.0 1000.0 0 0
62 10008.316 1e+20 1.0 1000.0 0 0
63 10008.316 1e+20 1.0 1000.0 0 0
64 10008.316 1e+20 1.0 1000.0 0 0
65 10008.316 1e+20 1.0 1000.0 0 0
66 10008.316 1e+20 1.0 1000.0 0 0
67 10008.316 1e+20 1.0 1000.0 0 0
68 10008.316 1e+20 1.0 1000.0 0 0
69 10008.316 1e+20 1.0 1000.0 0 0
70 10008.316 1e+20 1.0 1000.0 0 0
71 10008.316 1e+20 1.0 1000.0 0 0
72 10008.316 1e+20 1.0 1000.0 0 0
73 10008.316 1e+20 1.0 1000.0 0 0
74 10008.316 1e+20 1.0 1000.0 0 0
75 10008.316 1e+20 1.0 1000.0 0 0
76 10008.316 1e+20 1.0 1000.0 0 0
77 10008.316 1e+20 1.0 1000.0 0 0
78 10008.316 1e+20 1.0 1000.0 0 0
79 10008.316 1e+20 1.0 1000.0 0 0
80 10008.316 1e+20 1.0 1000.0 0 0
81 10008.316 1e+20 1.0 1000.0 0 0
82 10008.316 1e+20 1.0 1000.0 0 0
83 10008.316 1e+20 1.0 1000.0 0 0
84 10008.316 1e+20 1.0 1000.0 0 0
85 10008.316 1e+20 1.0 1000.0 0 0
86 10008.316 1e+20 1.0 1000.0 0 0
87 10008.316 1e+20 1.0 1000.0 0 0
88 10008.316 1e+20 1.0 1000.0 0 0
89 10008.316 1e+20 1.0 1000.0 0 0
90 10008.316 1e+20 1.0 1000.0 0 0
91 10008.316 1e+20 1.0 1000.0 0 0
92 10008.316 1e+20 1.0 1000.0 0 0
93 10008.316 1e+20 1.0 1000.0 0 0
94 10008.316 1e+20 1.0 1000.0 0 0
95 10008.316 1e+20 1.0 1000.0 0 0
96 10008.316 1e+20 1.0 1000.0 0 0
97 10008.316 1e+20 1.0 1000.0 0 0
98 10008.316 1e+20 1.0 1000.0 0 0
99 10008.316 1e+20 1.0 1000.0 0 0
100 10008.316 1e+20 1.0 1000.0 0 0
101 10008.316 1e+20 1.0 1000.0 0 0
102 10008.316 1e+20 1.0 1000.0 0 0
103 10008.316 1e+20 1.0 1000.0 0 0
104 10008.316 1e+20 1.0 1000.0 0 0
105 10008.316 1e+20 1.0 1000.0 0 0
106 10008.316 1e+20 1.0 1000.0 0 0
107 10008.316 1e+20 1.0 1000.0 0 0
108 10008.316 1e+20 1.0 1000.0 0 0
109 10008.316 1e+20 1.0 1000.0 0 0
110 10008.316 1e+20 1.0 1000.0 0 0
111 10008.316 1e+20 1.0 1000.0 0 0
112 10008.316 1e+20 1.0 1000.0 0 0
113 10008.316 1e+20 1.0 1000.0 0 0
114 10008.316 1e+20 1.0 1000.0 0 0
115 10008.316 1e+20 1.0 1000.0 0 0
116 10008.316 1e+20 1.0 1000.0 0 0
117 10008.316 1e+20 1.0 1000.0 0 0
118 10008.316 1e+20 1.0 1000.0 0 0
119 10008.316 1e+20 1.0 1000.0 0 0
120 10008.316 1e+20 1.0 1000.0 0 0
121 10008.316 1e+20 1.0 1000.0 0 0
122 10008.316 1e+20 1.0 1000.0 0 0
123 10008.316 1e+20 1.0 1000.0 0 0
124 10008.316 1e+20 1.0 1000.0 0 0
125 10008.316 1e+20 1.0 1000.0 0 0
126 10008.316 1e+20 1.0 1000.0 0 0
127 10008.316 1e+20 1.0 1000.0 0 0
128 10008.316 1e+20 1.0 1000.0 0 0
85858.58585858585
1 10008.415 1e+20 1.0 1000.0 0 0
2 10008.415 1e+20 1.0 1000.0 0 0
3 10008.415 1e+20 1.0 1000.0 0 0
4 10008.415 1e+20 1.0 1000.0 0 0
5 10008.415 1e+20 1.0 1000.0 0 0
6 10008.415 1e+20 1.0 1000.0 0 0
7 10008.415 1e+20 1.0 1000.0 0 0
8 10008.415 1e+20 1.0 1000.0 0 0
9 10008.415 1e+20 1.0 1000.0 0 0
10 10008.415 1e+20 1.0 1000.0 0 0
11 10008.415 1e+20 1.0 1000.0 0 0
12 10008.415 1e+20 1.0 1000.0 0 0
13 10008.415 1e+20 1.0 1000.0 0 0
14 10008.415 1e+20 1.0 1000.0 0 0
15 10008.415 1e+20 1.0 1000.0 0 0
16 10008.415 1e+20 1.0 1000.0 0 0
17 10008.415 1e+20 1.0 1000.0 0 0
18 10008.415 1e+20 1.0 1000.0 0 0
19 10008.415 1e+20 1.0 1000.0 0 0
20 10008.415 1e+20 1.0 1000.0 0 0
21 10008.415 1e+20 1.0 1000.0 0 0
22 10008.415 1e+20 1.0 1000.0 0 0
23 10008.415 1e+20 1.0 1000.0 0 0
24 10008.415 1e+20 1.0 1000.0 0 0
25 10008.415 1e+20 1.0 1000.0 0 0
26 10008.415 1e+20 1.0 1000.0 0 0
27 10008.415 1e+20 1.0 1000.0 0 0
28 10008.415 1e+20 1.0 1000.0 0 0
29 10008.415 1e+20 1.0 1000.0 0 0
30 10008.415 1e+20 1.0 1000.0 0 0
31 10008.415 1e+20 1.0 1000.0 0 0
32 10008.415 1e+20 1.0 1000.0 0 0
33 10008.415 1e+20 1.0 1000.0 0 0
34 10008.415 1e+20 1.0 1000.0 0 0
35 10008.415 1e+20 1.0 1000.0 0 0
36 10008.415 1e+20 1.0 1000.0 0 0
37 10008.415 1e+20 1.0 1000.0 0 0
38 10008.415 1e+20 1.0 1000.0 0 0
39 10008.415 1e+20 1.0 1000.0 0 0
40 10008.415 1e+20 1.0 1000.0 0 0
41 10008.415 1e+20 1.0 1000.0 0 0
42 10008.415 1e+20 1.0 1000.0 0 0
43 10008.415 1e+20 1.0 1000.0 0 0
44 10008.415 1e+20 1.0 1000.0 0 0
45 10008.415 1e+20 1.0 1000.0 0 0
46 10008.415 1e+20 1.0 1000.0 0 0
47 10008.415 1e+20 1.0 1000.0 0 0
48 10008.415 1e+20 1.0 1000.0 0 0
49 10008.415 1e+20 1.0 1000.0 0 0
50 10008.415 1e+20 1.0 1000.0 0 0
51 10008.415 1e+20 1.0 1000.0 0 0
52 10008.415 1e+20 1.0 1000.0 0 0
53 10008.415 1e+20 1.0 1000.0 0 0
54 10008.415 1e+20 1.0 1000.0 0 0
55 10008.415 1e+20 1.0 1000.0 0 0
56 10008.415 1e+20 1.0 1000.0 0 0
57 10008.415 1e+20 1.0 1000.0 0 0
58 10008.415 1e+20 1.0 1000.0 0 0
59 10008.415 1e+20 1.0 1000.0 0 0
60 10008.415 1e+20 1.0 1000.0 0 0
61 10008.415 1e+20 1.0 1000.0 0 0
62 10008.415 1e+20 1.0 1000.0 0 0
63 10008.415 1e+20 1.0 1000.0 0 0
64 10008.415 1e+20 1.0 1000.0 0 0
65 10008.415 1e+20 1.0 1000.0 0 0
66 10008.415 1e+20 1.0 1000.0 0 0
67 10008.415 1e+20 1.0 1000.0 0 0
68 10008.415 1e+20 1.0 1000.0 0 0
69 10008.415 1e+20 1.0 1000.0 0 0
70 10008.415 1e+20 1.0 1000.0 0 0
71 10008.415 1e+20 1.0 1000.0 0 0
72 10008.415 1e+20 1.0 1000.0 0 0
73 10008.415 1e+20 1.0 1000.0 0 0
74 10008.415 1e+20 1.0 1000.0 0 0
75 10008.415 1e+20 1.0 1000.0 0 0
76 10008.415 1e+20 1.0 1000.0 0 0
77 10008.415 1e+20 1.0 1000.0 0 0
78 10008.415 1e+20 1.0 1000.0 0 0
79 10008.415 1e+20 1.0 1000.0 0 0
80 10008.415 1e+20 1.0 1000.0 0 0
81 10008.415 1e+20 1.0 1000.0 0 0
82 10008.415 1e+20 1.0 1000.0 0 0
83 10008.415 1e+20 1.0 1000.0 0 0
84 10008.415 1e+20 1.0 1000.0 0 0
85 10008.415 1e+20 1.0 1000.0 0 0
86 10008.415 1e+20 1.0 1000.0 0 0
87 10008.415 1e+20 1.0 1000.0 0 0
88 10008.415 1e+20 1.0 1000.0 0 0
89 10008.415 1e+20 1.0 1000.0 0 0
90 10008.415 1e+20 1.0 1000.0 0 0
91 10008.415 1e+20 1.0 1000.0 0 0
92 10008.415 1e+20 1.0 1000.0 0 0
93 10008.415 1e+20 1.0 1000.0 0 0
94 10008.415 1e+20 1.0 1000.0 0 0
95 10008.415 1e+20 1.0 1000.0 0 0
96 10008.415 1e+20 1.0 1000.0 0 0
97 10008.415 1e+20 1.0 1000.0 0 0
98 10008.415 1e+20 1.0 1000.0 0 0
99 10008.415 1e+20 1.0 1000.0 0 0
100 10008.415 1e+20 1.0 1000.0 0 0
101 10008.415 1e+20 1.0 1000.0 0 0
102 10008.415 1e+20 1.0 1000.0 0 0
103 10008.415 1e+20 1.0 1000.0 0 0
104 10008.415 1e+20 1.0 1000.0 0 0
105 10008.415 1e+20 1.0 1000.0 0 0
106 10008.415 1e+20 1.0 1000.0 0 0
107 10008.415 1e+20 1.0 1000.0 0 0
108 10008.415 1e+20 1.0 1000.0 0 0
109 10008.415 1e+20 1.0 1000.0 0 0
110 10008.415 1e+20 1.0 1000.0 0 0
111 10008.415 1e+20 1.0 1000.0 0 0
112 10008.415 1e+20 1.0 1000.0 0 0
113 10008.415 1e+20 1.0 1000.0 0 0
114 10008.415 1e+20 1.0 1000.0 0 0
115 10008.415 1e+20 1.0 1000.0 0 0
116 10008.415 1e+20 1.0 1000.0 0 0
117 10008.415 1e+20 1.0 1000.0 0 0
118 10008.415 1e+20 1.0 1000.0 0 0
119 10008.415 1e+20 1.0 1000.0 0 0
120 10008.415 1e+20 1.0 1000.0 0 0
121 10008.415 1e+20 1.0 1000.0 0 0
122 10008.415 1e+20 1.0 1000.0 0 0
123 10008.415 1e+20 1.0 1000.0 0 0
124 10008.415 1e+20 1.0 1000.0 0 0
125 10008.415 1e+20 1.0 1000.0 0 0
126 10008.415 1e+20 1.0 1000.0 0 0
127 10008.415 1e+20 1.0 1000.0 0 0
128 10008.415 1e+20 1.0 1000.0 0 0
86868.68686868687
1 10008.514 1e+20 1.0 1000.0 0 0
2 10008.514 1e+20 1.0 1000.0 0 0
3 10008.514 1e+20 1.0 1000.0 0 0
4 10008.514 1e+20 1.0 1000.0 0 0
5 10008.514 1e+20 1.0 1000.0 0 0
6 10008.514 1e+20 1.0 1000.0 0 0
7 10008.514 1e+20 1.0 1000.0 0 0
8 10008.514 1e+20 1.0 1000.0 0 0
9 10008.514 1e+20 1.0 1000.0 0 0
10 10008.514 1e+20 1.0 1000.0 0 0
11 10008.514 1e+20 1.0 1000.0 0 0
12 10008.514 1e+20 1.0 1000.0 0 0
13 10008.514 1e+20 1.0 1000.0 0 0
14 10008.514 1e+20 1.0 1000.0 0 0
15 10008.514 1e+20 1.0 1000.0 0 0
16 10008.514 1e+20 1.0 1000.0 0 0
17 10008.514 1e+20 1.0 1000.0 0 0
18 10008.514 1e+20 1.0 1000.0 0 0
19 10008.514 1e+20 1.0 1000.0 0 0
20 10008.514 1e+20 1.0 1000.0 0 0
21 10008.514 1e+20 1.0 1000.0 0 0
22 10008.514 1e+20 1.0 1000.0 0 0
23 10008.514 1e+20 1.0 1000.0 0 0
24 10008.514 1e+20 1.0 1000.0 0 0
25 10008.514 1e+20 1.0 1000.0 0 0
26 10008.514 1e+20 1.0 1000.0 0 0
27 10008.514 1e+20 1.0 1000.0 0 0
28 10008.514 1e+20 1.0 1000.0 0 0
29 10008.514 1e+20 1.0 1000.0 0 0
30 10008.514 1e+20 1.0 1000.0 0 0
31 10008.514 1e+20 1.0 1000.0 0 0
32 10008.514 1e+20 1.0 1000.0 0 0
33 10008.514 1e+20 1.0 1000.0 0 0
34 10008.514 1e+20 1.0 1000.0 0 0
35 10008.514 1e+20 1.0 1000.0 0 0
36 10008.514 1e+20 1.0 1000.0 0 0
37 10008.514 1e+20 1.0 1000.0 0 0
38 10008.514 1e+20 1.0 1000.0 0 0
39 10008.514 1e+20 1.0 1000.0 0 0
40 10008.514 1e+20 1.0 1000.0 0 0
41 10008.514 1e+20 1.0 1000.0 0 0
42 10008.514 1e+20 1.0 1000.0 0 0
43 10008.514 1e+20 1.0 1000.0 0 0
44 10008.514 1e+20 1.0 1000.0 0 0
45 10008.514 1e+20 1.0 1000.0 0 0
46 10008.514 1e+20 1.0 1000.0 0 0
47 10008.514 1e+20 1.0 1000.0 0 0
48 10008.514 1e+20 1.0 1000.0 0 0
49 10008.514 1e+20 1.0 1000.0 0 0
50 10008.514 1e+20 1.0 1000.0 0 0
51 10008.514 1e+20 1.0 1000.0 0 0
52 10008.514 1e+20 1.0 1000.0 0 0
53 10008.514 1e+20 1.0 1000.0 0 0
54 10008.514 1e+20 1.0 1000.0 0 0
55 10008.514 1e+20 1.0 1000.0 0 0
56 10008.514 1e+20 1.0 1000.0 0 0
57 10008.514 1e+20 1.0 1000.0 0 0
58 10008.514 1e+20 1.0 1000.0 0 0
59 10008.514 1e+20 1.0 1000.0 0 0
60 10008.514 1e+20 1.0 1000.0 0 0
61 10008.514 1e+20 1.0 1000.0 0 0
62 10008.514 1e+20 1.0 1000.0 0 0
63 10008.514 1e+20 1.0 1000.0 0 0
64 10008.514 1e+20 1.0 1000.0 0 0
65 10008.514 1e+20 1.0 1000.0 0 0
66 10008.514 1e+20 1.0 1000.0 0 0
67 10008.514 1e+20 1.0 1000.0 0 0
68 10008.514 1e+20 1.0 1000.0 0 0
69 10008.514 1e+20 1.0 1000.0 0 0
70 10008.514 1e+20 1.0 1000.0 0 0
71 10008.514 1e+20 1.0 1000.0 0 0
72 10008.514 1e+20 1.0 1000.0 0 0
73 10008.514 1e+20 1.0 1000.0 0 0
74 10008.514 1e+20 1.0 1000.0 0 0
75 10008.514 1e+20 1.0 1000.0 0 0
76 10008.514 1e+20 1.0 1000.0 0 0
77 10008.514 1e+20 1.0 1000.0 0 0
78 10008.514 1e+20 1.0 1000.0 0 0
79 10008.514 1e+20 1.0 1000.0 0 0
80 10008.514 1e+20 1.0 1000.0 0 0
81 10008.514 1e+20 1.0 1000.0 0 0
82 10008.514 1e+20 1.0 1000.0 0 0
83 10008.514 1e+20 1.0 1000.0 0 0
84 10008.514 1e+20 1.0 1000.0 0 0
85 10008.514 1e+20 1.0 1000.0 0 0
86 10008.514 1e+20 1.0 1000.0 0 0
87 10008.514 1e+20 1.0 1000.0 0 0
88 10008.514 1e+20 1.0 1000.0 0 0
89 10008.514 1e+20 1.0 1000.0 0 0
90 10008.514 1e+20 1.0 1000.0 0 0
91 10008.514 1e+20 1.0 1000.0 0 0
92 10008.514 1e+20 1.0 1000.0 0 0
93 10008.514 1e+20 1.0 1000.0 0 0
94 10008.514 1e+20 1.0 1000.0 0 0
95 10008.514 1e+20 1.0 1000.0 0 0
96 10008.514 1e+20 1.0 1000.0 0 0
97 10008.514 1e+20 1.0 1000.0 0 0
98 10008.514 1e+20 1.0 1000.0 0 0
99 10008.514 1e+20 1.0 1000.0 0 0
100 10008.514 1e+20 1.0 1000.0 0 0
101 10008.514 1e+20 1.0 1000.0 0 0
102 10008.514 1e+20 1.0 1000.0 0 0
103 10008.514 1e+20 1.0 1000.0 0 0
104 10008.514 1e+20 1.0 1000.0 0 0
105 10008.514 1e+20 1.0 1000.0 0 0
106 10008.514 1e+20 1.0 1000.0 0 0
107 10008.514 1e+20 1.0 1000.0 0 0
108 10008.514 1e+20 1.0 1000.0 0 0
109 10008.514 1e+20 1.0 1000.0 0 0
110 10008.514 1e+20 1.0 1000.0 0 0
111 10008.514 1e+20 1.0 1000.0 0 0
112 10008.514 1e+20 1.0 1000.0 0 0
113 10008.514 1e+20 1.0 1000.0 0 0
114 10008.514 1e+20 1.0 1000.0 0 0
115 10008.514 1e+20 1.0 1000.0 0 0
116 10008.514 1e+20 1.0 1000.0 0 0
117 10008.514 1e+20 1.0 1000.0 0 0
118 10008.514 1e+20 1.0 1000.0 0 0
119 10008.514 1e+20 1.0 1000.0 0 0
120 10008.514 1e+20 1.0 1000.0 0 0
121 10008.514 1e+20 1.0 1000.0 0 0
122 10008.514 1e+20 1.0 1000.0 0 0
123 10008.514 1e+20 1.0 1000.0 0 0
124 10008.514 1e+20 1.0 1000.0 0 0
125 10008.514 1e+20 1.0 1000.0 0 0
126 10008.514 1e+20 1.0 1000.0 0 0
127 10008.514 1e+20 1.0 1000.0 0 0
128 10008.514 1e+20 1.0 1000.0 0 0
87878.78787878787
1 10008.613 1e+20 1.0 1000.0 0 0
2 10008.613 1e+20 1.0 1000.0 0 0
3 10008.613 1e+20 1.0 1000.0 0 0
4 10008.613 1e+20 1.0 1000.0 0 0
5 10008.613 1e+20 1.0 1000.0 0 0
6 10008.613 1e+20 1.0 1000.0 0 0
7 10008.613 1e+20 1.0 1000.0 0 0
8 10008.613 1e+20 1.0 1000.0 0 0
9 10008.613 1e+20 1.0 1000.0 0 0
10 10008.613 1e+20 1.0 1000.0 0 0
11 10008.613 1e+20 1.0 1000.0 0 0
12 10008.613 1e+20 1.0 1000.0 0 0
13 10008.613 1e+20 1.0 1000.0 0 0
14 10008.613 1e+20 1.0 1000.0 0 0
15 10008.613 1e+20 1.0 1000.0 0 0
16 10008.613 1e+20 1.0 1000.0 0 0
17 10008.613 1e+20 1.0 1000.0 0 0
18 10008.613 1e+20 1.0 1000.0 0 0
19 10008.613 1e+20 1.0 1000.0 0 0
20 10008.613 1e+20 1.0 1000.0 0 0
21 10008.613 1e+20 1.0 1000.0 0 0
22 10008.613 1e+20 1.0 1000.0 0 0
23 10008.613 1e+20 1.0 1000.0 0 0
24 10008.613 1e+20 1.0 1000.0 0 0
25 10008.613 1e+20 1.0 1000.0 0 0
26 10008.613 1e+20 1.0 1000.0 0 0
27 10008.613 1e+20 1.0 1000.0 0 0
28 10008.613 1e+20 1.0 1000.0 0 0
29 10008.613 1e+20 1.0 1000.0 0 0
30 10008.613 1e+20 1.0 1000.0 0 0
31 10008.613 1e+20 1.0 1000.0 0 0
32 10008.613 1e+20 1.0 1000.0 0 0
33 10008.613 1e+20 1.0 1000.0 0 0
34 10008.613 1e+20 1.0 1000.0 0 0
35 10008.613 1e+20 1.0 1000.0 0 0
36 10008.613 1e+20 1.0 1000.0 0 0
37 10008.613 1e+20 1.0 1000.0 0 0
38 10008.613 1e+20 1.0 1000.0 0 0
39 10008.613 1e+20 1.0 1000.0 0 0
40 10008.613 1e+20 1.0 1000.0 0 0
41 10008.613 1e+20 1.0 1000.0 0 0
42 10008.613 1e+20 1.0 1000.0 0 0
43 10008.613 1e+20 1.0 1000.0 0 0
44 10008.613 1e+20 1.0 1000.0 0 0
45 10008.613 1e+20 1.0 1000.0 0 0
46 10008.613 1e+20 1.0 1000.0 0 0
47 10008.613 1e+20 1.0 1000.0 0 0
48 10008.613 1e+20 1.0 1000.0 0 0
49 10008.613 1e+20 1.0 1000.0 0 0
50 10008.613 1e+20 1.0 1000.0 0 0
51 10008.613 1e+20 1.0 1000.0 0 0
52 10008.613 1e+20 1.0 1000.0 0 0
53 10008.613 1e+20 1.0 1000.0 0 0
54 10008.613 1e+20 1.0 1000.0 0 0
55 10008.613 1e+20 1.0 1000.0 0 0
56 10008.613 1e+20 1.0 1000.0 0 0
57 10008.613 1e+20 1.0 1000.0 0 0
58 10008.613 1e+20 1.0 1000.0 0 0
59 10008.613 1e+20 1.0 1000.0 0 0
60 10008.613 1e+20 1.0 1000.0 0 0
61 10008.613 1e+20 1.0 1000.0 0 0
62 10008.613 1e+20 1.0 1000.0 0 0
63 10008.613 1e+20 1.0 1000.0 0 0
64 10008.613 1e+20 1.0 1000.0 0 0
65 10008.613 1e+20 1.0 1000.0 0 0
66 10008.613 1e+20 1.0 1000.0 0 0
67 10008.613 1e+20 1.0 1000.0 0 0
68 10008.613 1e+20 1.0 1000.0 0 0
69 10008.613 1e+20 1.0 1000.0 0 0
70 10008.613 1e+20 1.0 1000.0 0 0
71 10008.613 1e+20 1.0 1000.0 0 0
72 10008.613 1e+20 1.0 1000.0 0 0
73 10008.613 1e+20 1.0 1000.0 0 0
74 10008.613 1e+20 1.0 1000.0 0 0
75 10008.613 1e+20 1.0 1000.0 0 0
76 10008.613 1e+20 1.0 1000.0 0 0
77 10008.613 1e+20 1.0 1000.0 0 0
78 10008.613 1e+20 1.0 1000.0 0 0
79 10008.613 1e+20 1.0 1000.0 0 0
80 10008.613 1e+20 1.0 1000.0 0 0
81 10008.613 1e+20 1.0 1000.0 0 0
82 10008.613 1e+20 1.0 1000.0 0 0
83 10008.613 1e+20 1.0 1000.0 0 0
84 10008.613 1e+20 1.0 1000.0 0 0
85 10008.613 1e+20 1.0 1000.0 0 0
86 10008.613 1e+20 1.0 1000.0 0 0
87 10008.613 1e+20 1.0 1000.0 0 0
88 10008.613 1e+20 1.0 1000.0 0 0
89 10008.613 1e+20 1.0 1000.0 0 0
90 10008.613 1e+20 1.0 1000.0 0 0
91 10008.613 1e+20 1.0 1000.0 0 0
92 10008.613 1e+20 1.0 1000.0 0 0
93 10008.613 1e+20 1.0 1000.0 0 0
94 10008.613 1e+20 1.0 1000.0 0 0
95 10008.613 1e+20 1.0 1000.0 0 0
96 10008.613 1e+20 1.0 1000.0 0 0
97 10008.613 1e+20 1.0 1000.0 0 0
98 10008.613 1e+20 1.0 1000.0 0 0
99 10008.613 1e+20 1.0 1000.0 0 0
100 10008.613 1e+20 1.0 1000.0 0 0
101 10008.613 1e+20 1.0 1000.0 0 0
102 10008.613 1e+20 1.0 1000.0 0 0
103 10008.613 1e+20 1.0 1000.0 0 0
104 10008.613 1e+20 1.0 1000.0 0 0
105 10008.613 1e+20 1.0 1000.0 0 0
106 10008.613 1e+20 1.0 1000.0 0 0
107 10008.613 1e+20 1.0 1000.0 0 0
108 10008.613 1e+20 1.0 1000.0 0 0
109 10008.613 1e+20 1.0 1000.0 0 0
110 10008.613 1e+20 1.0 1000.0 0 0
111 10008.613 1e+20 1.0 1000.0 0 0
112 10008.613 1e+20 1.0 1000.0 0 0
113 10008.613 1e+20 1.0 1000.0 0 0
114 10008.613 1e+20 1.0 1000.0 0 0
115 10008.613 1e+20 1.0 1000.0 0 0
116 10008.613 1e+20 1.0 1000.0 0 0
117 10008.613 1e+20 1.0 1000.0 0 0
118 10008.613 1e+20 1.0 1000.0 0 0
119 10008.613 1e+20 1.0 1000.0 0 0
120 10008.613 1e+20 1.0 1000.0 0 0
121 10008.613 1e+20 1.0 1000.0 0 0
122 10008.613 1e+20 1.0 1000.0 0 0
123 10008.613 1e+20 1.0 1000.0 0 0
124 10008.613 1e+20 1.0 1000.0 0 0
125 10008.613 1e+20 1.0 1000.0 0 0
126 10008.613 1e+20 1.0 1000.0 0 0
127 10008.613 1e+20 1.0 1000.0 0 0
128 10008.613 1e+20 1.0 1000.0 0 0
88888.88888888889
1 10008.712 1e+20 1.0 1000.0 0 0
2 10008.712 1e+20 1.0 1000.0 0 0
3 10008.712 1e+20 1.0 1000.0 0 0
4 10008.712 1e+20 1.0 1000.0 0 0
5 10008.712 1e+20 1.0 1000.0 0 0
6 10008.712 1e+20 1.0 1000.0 0 0
7 10008.712 1e+20 1.0 1000.0 0 0
8 10008.712 1e+20 1.0 1000.0 0 0
9 10008.712 1e+20 1.0 1000.0 0 0
10 10008.712 1e+20 1.0 1000.0 0 0
11 10008.712 1e+20 1.0 1000.0 0 0
12 10008.712 1e+20 1.0 1000.0 0 0
13 10008.712 1e+20 1.0 1000.0 0 0
14 10008.712 1e+20 1.0 1000.0 0 0
15 10008.712 1e+20 1.0 1000.0 0 0
16 10008.712 1e+20 1.0 1000.0 0 0
17 10008.712 1e+20 1.0 1000.0 0 0
18 10008.712 1e+20 1.0 1000.0 0 0
19 10008.712 1e+20 1.0 1000.0 0 0
20 10008.712 1e+20 1.0 1000.0 0 0
21 10008.712 1e+20 1.0 1000.0 0 0
22 10008.712 1e+20 1.0 1000.0 0 0
23 10008.712 1e+20 1.0 1000.0 0 0
24 10008.712 1e+20 1.0 1000.0 0 0
25 10008.712 1e+20 1.0 1000.0 0 0
26 10008.712 1e+20 1.0 1000.0 0 0
27 10008.712 1e+20 1.0 1000.0 0 0
28 10008.712 1e+20 1.0 1000.0 0 0
29 10008.712 1e+20 1.0 1000.0 0 0
30 10008.712 1e+20 1.0 1000.0 0 0
31 10008.712 1e+20 1.0 1000.0 0 0
32 10008.712 1e+20 1.0 1000.0 0 0
33 10008.712 1e+20 1.0 1000.0 0 0
34 10008.712 1e+20 1.0 1000.0 0 0
35 10008.712 1e+20 1.0 1000.0 0 0
36 10008.712 1e+20 1.0 1000.0 0 0
37 10008.712 1e+20 1.0 1000.0 0 0
38 10008.712 1e+20 1.0 1000.0 0 0
39 10008.712 1e+20 1.0 1000.0 0 0
40 10008.712 1e+20 1.0 1000.0 0 0
41 10008.712 1e+20 1.0 1000.0 0 0
42 10008.712 1e+20 1.0 1000.0 0 0
43 10008.712 1e+20 1.0 1000.0 0 0
44 10008.712 1e+20 1.0 1000.0 0 0
45 10008.712 1e+20 1.0 1000.0 0 0
46 10008.712 1e+20 1.0 1000.0 0 0
47 10008.712 1e+20 1.0 1000.0 0 0
48 10008.712 1e+20 1.0 1000.0 0 0
49 10008.712 1e+20 1.0 1000.0 0 0
50 10008.712 1e+20 1.0 1000.0 0 0
51 10008.712 1e+20 1.0 1000.0 0 0
52 10008.712 1e+20 1.0 1000.0 0 0
53 10008.712 1e+20 1.0 1000.0 0 0
54 10008.712 1e+20 1.0 1000.0 0 0
55 10008.712 1e+20 1.0 1000.0 0 0
56 10008.712 1e+20 1.0 1000.0 0 0
57 10008.712 1e+20 1.0 1000.0 0 0
58 10008.712 1e+20 1.0 1000.0 0 0
59 10008.712 1e+20 1.0 1000.0 0 0
60 10008.712 1e+20 1.0 1000.0 0 0
61 10008.712 1e+20 1.0 1000.0 0 0
62 10008.712 1e+20 1.0 1000.0 0 0
63 10008.712 1e+20 1.0 1000.0 0 0
64 10008.712 1e+20 1.0 1000.0 0 0
65 10008.712 1e+20 1.0 1000.0 0 0
66 10008.712 1e+20 1.0 1000.0 0 0
67 10008.712 1e+20 1.0 1000.0 0 0
68 10008.712 1e+20 1.0 1000.0 0 0
69 10008.712 1e+20 1.0 1000.0 0 0
70 10008.712 1e+20 1.0 1000.0 0 0
71 10008.712 1e+20 1.0 1000.0 0 0
72 10008.712 1e+20 1.0 1000.0 0 0
73 10008.712 1e+20 1.0 1000.0 0 0
74 10008.712 1e+20 1.0 1000.0 0 0
75 10008.712 1e+20 1.0 1000.0 0 0
76 10008.712 1e+20 1.0 1000.0 0 0
77 10008.712 1e+20 1.0 1000.0 0 0
78 10008.712 1e+20 1.0 1000.0 0 0
79 10008.712 1e+20 1.0 1000.0 0 0
80 10008.712 1e+20 1.0 1000.0 0 0
81 10008.712 1e+20 1.0 1000.0 0 0
82 10008.712 1e+20 1.0 1000.0 0 0
83 10008.712 1e+20 1.0 1000.0 0 0
84 10008.712 1e+20 1.0 1000.0 0 0
85 10008.712 1e+20 1.0 1000.0 0 0
86 10008.712 1e+20 1.0 1000.0 0 0
87 10008.712 1e+20 1.0 1000.0 0 0
88 10008.712 1e+20 1.0 1000.0 0 0
89 10008.712 1e+20 1.0 1000.0 0 0
90 10008.712 1e+20 1.0 1000.0 0 0
91 10008.712 1e+20 1.0 1000.0 0 0
92 10008.712 1e+20 1.0 1000.0 0 0
93 10008.712 1e+20 1.0 1000.0 0 0
94 10008.712 1e+20 1.0 1000.0 0 0
95 10008.712 1e+20 1.0 1000.0 0 0
96 10008.712 1e+20 1.0 1000.0 0 0
97 10008.712 1e+20 1.0 1000.0 0 0
98 10008.712 1e+20 1.0 1000.0 0 0
99 10008.712 1e+20 1.0 1000.0 0 0
100 10008.712 1e+20 1.0 1000.0 0 0
101 10008.712 1e+20 1.0 1000.0 0 0
102 10008.712 1e+20 1.0 1000.0 0 0
103 10008.712 1e+20 1.0 1000.0 0 0
104 10008.712 1e+20 1.0 1000.0 0 0
105 10008.712 1e+20 1.0 1000.0 0 0
106 10008.712 1e+20 1.0 1000.0 0 0
107 10008.712 1e+20 1.0 1000.0 0 0
108 10008.712 1e+20 1.0 1000.0 0 0
109 10008.712 1e+20 1.0 1000.0 0 0
110 10008.712 1e+20 1.0 1000.0 0 0
111 10008.712 1e+20 1.0 1000.0 0 0
112 10008.712 1e+20 1.0 1000.0 0 0
113 10008.712 1e+20 1.0 1000.0 0 0
114 10008.712 1e+20 1.0 1000.0 0 0
115 10008.712 1e+20 1.0 1000.0 0 0
116 10008.712 1e+20 1.0 1000.0 0 0
117 10008.712 1e+20 1.0 1000.0 0 0
118 10008.712 1e+20 1.0 1000.0 0 0
119 10008.712 1e+20 1.0 1000.0 0 0
120 10008.712 1e+20 1.0 1000.0 0 0
121 10008.712 1e+20 1.0 1000.0 0 0
122 10008.712 1e+20 1.0 1000.0 0 0
123 10008.712 1e+20 1.0 1000.0 0 0
124 10008.712 1e+20 1.0 1000.0 0 0
125 10008.712 1e+20 1.0 1000.0 0 0
126 10008.712 1e+20 1.0 1000.0 0 0
127 10008.712 1e+20 1.0 1000.0 0 0
128 10008.712 1e+20 1.0 1000.0 0 0
89898.9898989899
1 10008.811 1e+20 1.0 1000.0 0 0
2 10008.811 1e+20 1.0 1000.0 0 0
3 10008.811 1e+20 1.0 1000.0 0 0
4 10008.811 1e+20 1.0 1000.0 0 0
5 10008.811 1e+20 1.0 1000.0 0 0
6 10008.811 1e+20 1.0 1000.0 0 0
7 10008.811 1e+20 1.0 1000.0 0 0
8 10008.811 1e+20 1.0 1000.0 0 0
9 10008.811 1e+20 1.0 1000.0 0 0
10 10008.811 1e+20 1.0 1000.0 0 0
11 10008.811 1e+20 1.0 1000.0 0 0
12 10008.811 1e+20 1.0 1000.0 0 0
13 10008.811 1e+20 1.0 1000.0 0 0
14 10008.811 1e+20 1.0 1000.0 0 0
15 10008.811 1e+20 1.0 1000.0 0 0
16 10008.811 1e+20 1.0 1000.0 0 0
17 10008.811 1e+20 1.0 1000.0 0 0
18 10008.811 1e+20 1.0 1000.0 0 0
19 10008.811 1e+20 1.0 1000.0 0 0
20 10008.811 1e+20 1.0 1000.0 0 0
21 10008.811 1e+20 1.0 1000.0 0 0
22 10008.811 1e+20 1.0 1000.0 0 0
23 10008.811 1e+20 1.0 1000.0 0 0
24 10008.811 1e+20 1.0 1000.0 0 0
25 10008.811 1e+20 1.0 1000.0 0 0
26 10008.811 1e+20 1.0 1000.0 0 0
27 10008.811 1e+20 1.0 1000.0 0 0
28 10008.811 1e+20 1.0 1000.0 0 0
29 10008.811 1e+20 1.0 1000.0 0 0
30 10008.811 1e+20 1.0 1000.0 0 0
31 10008.811 1e+20 1.0 1000.0 0 0
32 10008.811 1e+20 1.0 1000.0 0 0
33 10008.811 1e+20 1.0 1000.0 0 0
34 10008.811 1e+20 1.0 1000.0 0 0
35 10008.811 1e+20 1.0 1000.0 0 0
36 10008.811 1e+20 1.0 1000.0 0 0
37 10008.811 1e+20 1.0 1000.0 0 0
38 10008.811 1e+20 1.0 1000.0 0 0
39 10008.811 1e+20 1.0 1000.0 0 0
40 10008.811 1e+20 1.0 1000.0 0 0
41 10008.811 1e+20 1.0 1000.0 0 0
42 10008.811 1e+20 1.0 1000.0 0 0
43 10008.811 1e+20 1.0 1000.0 0 0
44 10008.811 1e+20 1.0 1000.0 0 0
45 10008.811 1e+20 1.0 1000.0 0 0
46 10008.811 1e+20 1.0 1000.0 0 0
47 10008.811 1e+20 1.0 1000.0 0 0
48 10008.811 1e+20 1.0 1000.0 0 0
49 10008.811 1e+20 1.0 1000.0 0 0
50 10008.811 1e+20 1.0 1000.0 0 0
51 10008.811 1e+20 1.0 1000.0 0 0
52 10008.811 1e+20 1.0 1000.0 0 0
53 10008.811 1e+20 1.0 1000.0 0 0
54 10008.811 1e+20 1.0 1000.0 0 0
55 10008.811 1e+20 1.0 1000.0 0 0
56 10008.811 1e+20 1.0 1000.0 0 0
57 10008.811 1e+20 1.0 1000.0 0 0
58 10008.811 1e+20 1.0 1000.0 0 0
59 10008.811 1e+20 1.0 1000.0 0 0
60 10008.811 1e+20 1.0 1000.0 0 0
61 10008.811 1e+20 1.0 1000.0 0 0
62 10008.811 1e+20 1.0 1000.0 0 0
63 10008.811 1e+20 1.0 1000.0 0 0
64 10008.811 1e+20 1.0 1000.0 0 0
65 10008.811 1e+20 1.0 1000.0 0 0
66 10008.811 1e+20 1.0 1000.0 0 0
67 10008.811 1e+20 1.0 1000.0 0 0
68 10008.811 1e+20 1.0 1000.0 0 0
69 10008.811 1e+20 1.0 1000.0 0 0
70 10008.811 1e+20 1.0 1000.0 0 0
71 10008.811 1e+20 1.0 1000.0 0 0
72 10008.811 1e+20 1.0 1000.0 0 0
73 10008.811 1e+20 1.0 1000.0 0 0
74 10008.811 1e+20 1.0 1000.0 0 0
75 10008.811 1e+20 1.0 1000.0 0 0
76 10008.811 1e+20 1.0 1000.0 0 0
77 10008.811 1e+20 1.0 1000.0 0 0
78 10008.811 1e+20 1.0 1000.0 0 0
79 10008.811 1e+20 1.0 1000.0 0 0
80 10008.811 1e+20 1.0 1000.0 0 0
81 10008.811 1e+20 1.0 1000.0 0 0
82 10008.811 1e+20 1.0 1000.0 0 0
83 10008.811 1e+20 1.0 1000.0 0 0
84 10008.811 1e+20 1.0 1000.0 0 0
85 10008.811 1e+20 1.0 1000.0 0 0
86 10008.811 1e+20 1.0 1000.0 0 0
87 10008.811 1e+20 1.0 1000.0 0 0
88 10008.811 1e+20 1.0 1000.0 0 0
89 10008.811 1e+20 1.0 1000.0 0 0
90 10008.811 1e+20 1.0 1000.0 0 0
91 10008.811 1e+20 1.0 1000.0 0 0
92 10008.811 1e+20 1.0 1000.0 0 0
93 10008.811 1e+20 1.0 1000.0 0 0
94 10008.811 1e+20 1.0 1000.0 0 0
95 10008.811 1e+20 1.0 1000.0 0 0
96 10008.811 1e+20 1.0 1000.0 0 0
97 10008.811 1e+20 1.0 1000.0 0 0
98 10008.811 1e+20 1.0 1000.0 0 0
99 10008.811 1e+20 1.0 1000.0 0 0
100 10008.811 1e+20 1.0 1000.0 0 0
101 10008.811 1e+20 1.0 1000.0 0 0
102 10008.811 1e+20 1.0 1000.0 0 0
103 10008.811 1e+20 1.0 1000.0 0 0
104 10008.811 1e+20 1.0 1000.0 0 0
105 10008.811 1e+20 1.0 1000.0 0 0
106 10008.811 1e+20 1.0 1000.0 0 0
107 10008.811 1e+20 1.0 1000.0 0 0
108 10008.811 1e+20 1.0 1000.0 0 0
109 10008.811 1e+20 1.0 1000.0 0 0
110 10008.811 1e+20 1.0 1000.0 0 0
111 10008.811 1e+20 1.0 1000.0 0 0
112 10008.811 1e+20 1.0 1000.0 0 0
113 10008.811 1e+20 1.0 1000.0 0 0
114 10008.811 1e+20 1.0 1000.0 0 0
115 10008.811 1e+20 1.0 1000.0 0 0
116 10008.811 1e+20 1.0 1000.0 0 0
117 10008.811 1e+20 1.0 1000.0 0 0
118 10008.811 1e+20 1.0 1000.0 0 0
119 10008.811 1e+20 1.0 1000.0 0 0
120 10008.811 1e+20 1.0 1000.0 0 0
121 10008.811 1e+20 1.0 1000.0 0 0
122 10008.811 1e+20 1.0 1000.0 0 0
123 10008.811 1e+20 1.0 1000.0 0 0
124 10008.811 1e+20 1.0 1000.0 0 0
125 10008.811 1e+20 1.0 1000.0 0 0
126 10008.811 1e+20 1.0 1000.0 0 0
127 10008.811 1e+20 1.0 1000.0 0 0
128 10008.811 1e+20 1.0 1000.0 0 0
90909.0909090909
1 10008.91 1e+20 1.0 1000.0 0 0
2 10008.91 1e+20 1.0 1000.0 0 0
3 10008.91 1e+20 1.0 1000.0 0 0
4 10008.91 1e+20 1.0 1000.0 0 0
5 10008.91 1e+20 1.0 1000.0 0 0
6 10008.91 1e+20 1.0 1000.0 0 0
7 10008.91 1e+20 1.0 1000.0 0 0
8 10008.91 1e+20 1.0 1000.0 0 0
9 10008.91 1e+20 1.0 1000.0 0 0
10 10008.91 1e+20 1.0 1000.0 0 0
11 10008.91 1e+20 1.0 1000.0 0 0
12 10008.91 1e+20 1.0 1000.0 0 0
13 10008.91 1e+20 1.0 1000.0 0 0
14 10008.91 1e+20 1.0 1000.0 0 0
15 10008.91 1e+20 1.0 1000.0 0 0
16 10008.91 1e+20 1.0 1000.0 0 0
17 10008.91 1e+20 1.0 1000.0 0 0
18 10008.91 1e+20 1.0 1000.0 0 0
19 10008.91 1e+20 1.0 1000.0 0 0
20 10008.91 1e+20 1.0 1000.0 0 0
21 10008.91 1e+20 1.0 1000.0 0 0
22 10008.91 1e+20 1.0 1000.0 0 0
23 10008.91 1e+20 1.0 1000.0 0 0
24 10008.91 1e+20 1.0 1000.0 0 0
25 10008.91 1e+20 1.0 1000.0 0 0
26 10008.91 1e+20 1.0 1000.0 0 0
27 10008.91 1e+20 1.0 1000.0 0 0
28 10008.91 1e+20 1.0 1000.0 0 0
29 10008.91 1e+20 1.0 1000.0 0 0
30 10008.91 1e+20 1.0 1000.0 0 0
31 10008.91 1e+20 1.0 1000.0 0 0
32 10008.91 1e+20 1.0 1000.0 0 0
33 10008.91 1e+20 1.0 1000.0 0 0
34 10008.91 1e+20 1.0 1000.0 0 0
35 10008.91 1e+20 1.0 1000.0 0 0
36 10008.91 1e+20 1.0 1000.0 0 0
37 10008.91 1e+20 1.0 1000.0 0 0
38 10008.91 1e+20 1.0 1000.0 0 0
39 10008.91 1e+20 1.0 1000.0 0 0
40 10008.91 1e+20 1.0 1000.0 0 0
41 10008.91 1e+20 1.0 1000.0 0 0
42 10008.91 1e+20 1.0 1000.0 0 0
43 10008.91 1e+20 1.0 1000.0 0 0
44 10008.91 1e+20 1.0 1000.0 0 0
45 10008.91 1e+20 1.0 1000.0 0 0
46 10008.91 1e+20 1.0 1000.0 0 0
47 10008.91 1e+20 1.0 1000.0 0 0
48 10008.91 1e+20 1.0 1000.0 0 0
49 10008.91 1e+20 1.0 1000.0 0 0
50 10008.91 1e+20 1.0 1000.0 0 0
51 10008.91 1e+20 1.0 1000.0 0 0
52 10008.91 1e+20 1.0 1000.0 0 0
53 10008.91 1e+20 1.0 1000.0 0 0
54 10008.91 1e+20 1.0 1000.0 0 0
55 10008.91 1e+20 1.0 1000.0 0 0
56 10008.91 1e+20 1.0 1000.0 0 0
57 10008.91 1e+20 1.0 1000.0 0 0
58 10008.91 1e+20 1.0 1000.0 0 0
59 10008.91 1e+20 1.0 1000.0 0 0
60 10008.91 1e+20 1.0 1000.0 0 0
61 10008.91 1e+20 1.0 1000.0 0 0
62 10008.91 1e+20 1.0 1000.0 0 0
63 10008.91 1e+20 1.0 1000.0 0 0
64 10008.91 1e+20 1.0 1000.0 0 0
65 10008.91 1e+20 1.0 1000.0 0 0
66 10008.91 1e+20 1.0 1000.0 0 0
67 10008.91 1e+20 1.0 1000.0 0 0
68 10008.91 1e+20 1.0 1000.0 0 0
69 10008.91 1e+20 1.0 1000.0 0 0
70 10008.91 1e+20 1.0 1000.0 0 0
71 10008.91 1e+20 1.0 1000.0 0 0
72 10008.91 1e+20 1.0 1000.0 0 0
73 10008.91 1e+20 1.0 1000.0 0 0
74 10008.91 1e+20 1.0 1000.0 0 0
75 10008.91 1e+20 1.0 1000.0 0 0
76 10008.91 1e+20 1.0 1000.0 0 0
77 10008.91 1e+20 1.0 1000.0 0 0
78 10008.91 1e+20 1.0 1000.0 0 0
79 10008.91 1e+20 1.0 1000.0 0 0
80 10008.91 1e+20 1.0 1000.0 0 0
81 10008.91 1e+20 1.0 1000.0 0 0
82 10008.91 1e+20 1.0 1000.0 0 0
83 10008.91 1e+20 1.0 1000.0 0 0
84 10008.91 1e+20 1.0 1000.0 0 0
85 10008.91 1e+20 1.0 1000.0 0 0
86 10008.91 1e+20 1.0 1000.0 0 0
87 10008.91 1e+20 1.0 1000.0 0 0
88 10008.91 1e+20 1.0 1000.0 0 0
89 10008.91 1e+20 1.0 1000.0 0 0
90 10008.91 1e+20 1.0 1000.0 0 0
91 10008.91 1e+20 1.0 1000.0 0 0
92 10008.91 1e+20 1.0 1000.0 0 0
93 10008.91 1e+20 1.0 1000.0 0 0
94 10008.91 1e+20 1.0 1000.0 0 0
95 10008.91 1e+20 1.0 1000.0 0 0
96 10008.91 1e+20 1.0 1000.0 0 0
97 10008.91 1e+20 1.0 1000.0 0 0
98 10008.91 1e+20 1.0 1000.0 0 0
99 10008.91 1e+20 1.0 1000.0 0 0
100 10008.91 1e+20 1.0 1000.0 0 0
101 10008.91 1e+20 1.0 1000.0 0 0
102 10008.91 1e+20 1.0 1000.0 0 0
103 10008.91 1e+20 1.0 1000.0 0 0
104 10008.91 1e+20 1.0 1000.0 0 0
105 10008.91 1e+20 1.0 1000.0 0 0
106 10008.91 1e+20 1.0 1000.0 0 0
107 10008.91 1e+20 1.0 1000.0 0 0
108 10008.91 1e+20 1.0 1000.0 0 0
109 10008.91 1e+20 1.0 1000.0 0 0
110 10008.91 1e+20 1.0 1000.0 0 0
111 10008.91 1e+20 1.0 1000.0 0 0
112 10008.91 1e+20 1.0 1000.0 0 0
113 10008.91 1e+20 1.0 1000.0 0 0
114 10008.91 1e+20 1.0 1000.0 0 0
115 10008.91 1e+20 1.0 1000.0 0 0
116 10008.91 1e+20 1.0 1000.0 0 0
117 10008.91 1e+20 1.0 1000.0 0 0
118 10008.91 1e+20 1.0 1000.0 0 0
119 10008.91 1e+20 1.0 1000.0 0 0
120 10008.91 1e+20 1.0 1000.0 0 0
121 10008.91 1e+20 1.0 1000.0 0 0
122 10008.91 1e+20 1.0 1000.0 0 0
123 10008.91 1e+20 1.0 1000.0 0 0
124 10008.91 1e+20 1.0 1000.0 0 0
125 10008.91 1e+20 1.0 1000.0 0 0
126 10008.91 1e+20 1.0 1000.0 0 0
127 10008.91 1e+20 1.0 1000.0 0 0
128 10008.91 1e+20 1.0 1000.0 0 0
91919.19191919192
1 10009.009 1e+20 1.0 1000.0 0 0
2 10009.009 1e+20 1.0 1000.0 0 0
3 10009.009 1e+20 1.0 1000.0 0 0
4 10009.009 1e+20 1.0 1000.0 0 0
5 10009.009 1e+20 1.0 1000.0 0 0
6 10009.009 1e+20 1.0 1000.0 0 0
7 10009.009 1e+20 1.0 1000.0 0 0
8 10009.009 1e+20 1.0 1000.0 0 0
9 10009.009 1e+20 1.0 1000.0 0 0
10 10009.009 1e+20 1.0 1000.0 0 0
11 10009.009 1e+20 1.0 1000.0 0 0
12 10009.009 1e+20 1.0 1000.0 0 0
13 10009.009 1e+20 1.0 1000.0 0 0
14 10009.009 1e+20 1.0 1000.0 0 0
15 10009.009 1e+20 1.0 1000.0 0 0
16 10009.009 1e+20 1.0 1000.0 0 0
17 10009.009 1e+20 1.0 1000.0 0 0
18 10009.009 1e+20 1.0 1000.0 0 0
19 10009.009 1e+20 1.0 1000.0 0 0
20 10009.009 1e+20 1.0 1000.0 0 0
21 10009.009 1e+20 1.0 1000.0 0 0
22 10009.009 1e+20 1.0 1000.0 0 0
23 10009.009 1e+20 1.0 1000.0 0 0
24 10009.009 1e+20 1.0 1000.0 0 0
25 10009.009 1e+20 1.0 1000.0 0 0
26 10009.009 1e+20 1.0 1000.0 0 0
27 10009.009 1e+20 1.0 1000.0 0 0
28 10009.009 1e+20 1.0 1000.0 0 0
29 10009.009 1e+20 1.0 1000.0 0 0
30 10009.009 1e+20 1.0 1000.0 0 0
31 10009.009 1e+20 1.0 1000.0 0 0
32 10009.009 1e+20 1.0 1000.0 0 0
33 10009.009 1e+20 1.0 1000.0 0 0
34 10009.009 1e+20 1.0 1000.0 0 0
35 10009.009 1e+20 1.0 1000.0 0 0
36 10009.009 1e+20 1.0 1000.0 0 0
37 10009.009 1e+20 1.0 1000.0 0 0
38 10009.009 1e+20 1.0 1000.0 0 0
39 10009.009 1e+20 1.0 1000.0 0 0
40 10009.009 1e+20 1.0 1000.0 0 0
41 10009.009 1e+20 1.0 1000.0 0 0
42 10009.009 1e+20 1.0 1000.0 0 0
43 10009.009 1e+20 1.0 1000.0 0 0
44 10009.009 1e+20 1.0 1000.0 0 0
45 10009.009 1e+20 1.0 1000.0 0 0
46 10009.009 1e+20 1.0 1000.0 0 0
47 10009.009 1e+20 1.0 1000.0 0 0
48 10009.009 1e+20 1.0 1000.0 0 0
49 10009.009 1e+20 1.0 1000.0 0 0
50 10009.009 1e+20 1.0 1000.0 0 0
51 10009.009 1e+20 1.0 1000.0 0 0
52 10009.009 1e+20 1.0 1000.0 0 0
53 10009.009 1e+20 1.0 1000.0 0 0
54 10009.009 1e+20 1.0 1000.0 0 0
55 10009.009 1e+20 1.0 1000.0 0 0
56 10009.009 1e+20 1.0 1000.0 0 0
57 10009.009 1e+20 1.0 1000.0 0 0
58 10009.009 1e+20 1.0 1000.0 0 0
59 10009.009 1e+20 1.0 1000.0 0 0
60 10009.009 1e+20 1.0 1000.0 0 0
61 10009.009 1e+20 1.0 1000.0 0 0
62 10009.009 1e+20 1.0 1000.0 0 0
63 10009.009 1e+20 1.0 1000.0 0 0
64 10009.009 1e+20 1.0 1000.0 0 0
65 10009.009 1e+20 1.0 1000.0 0 0
66 10009.009 1e+20 1.0 1000.0 0 0
67 10009.009 1e+20 1.0 1000.0 0 0
68 10009.009 1e+20 1.0 1000.0 0 0
69 10009.009 1e+20 1.0 1000.0 0 0
70 10009.009 1e+20 1.0 1000.0 0 0
71 10009.009 1e+20 1.0 1000.0 0 0
72 10009.009 1e+20 1.0 1000.0 0 0
73 10009.009 1e+20 1.0 1000.0 0 0
74 10009.009 1e+20 1.0 1000.0 0 0
75 10009.009 1e+20 1.0 1000.0 0 0
76 10009.009 1e+20 1.0 1000.0 0 0
77 10009.009 1e+20 1.0 1000.0 0 0
78 10009.009 1e+20 1.0 1000.0 0 0
79 10009.009 1e+20 1.0 1000.0 0 0
80 10009.009 1e+20 1.0 1000.0 0 0
81 10009.009 1e+20 1.0 1000.0 0 0
82 10009.009 1e+20 1.0 1000.0 0 0
83 10009.009 1e+20 1.0 1000.0 0 0
84 10009.009 1e+20 1.0 1000.0 0 0
85 10009.009 1e+20 1.0 1000.0 0 0
86 10009.009 1e+20 1.0 1000.0 0 0
87 10009.009 1e+20 1.0 1000.0 0 0
88 10009.009 1e+20 1.0 1000.0 0 0
89 10009.009 1e+20 1.0 1000.0 0 0
90 10009.009 1e+20 1.0 1000.0 0 0
91 10009.009 1e+20 1.0 1000.0 0 0
92 10009.009 1e+20 1.0 1000.0 0 0
93 10009.009 1e+20 1.0 1000.0 0 0
94 10009.009 1e+20 1.0 1000.0 0 0
95 10009.009 1e+20 1.0 1000.0 0 0
96 10009.009 1e+20 1.0 1000.0 0 0
97 10009.009 1e+20 1.0 1000.0 0 0
98 10009.009 1e+20 1.0 1000.0 0 0
99 10009.009 1e+20 1.0 1000.0 0 0
100 10009.009 1e+20 1.0 1000.0 0 0
101 10009.009 1e+20 1.0 1000.0 0 0
102 10009.009 1e+20 1.0 1000.0 0 0
103 10009.009 1e+20 1.0 1000.0 0 0
104 10009.009 1e+20 1.0 1000.0 0 0
105 10009.009 1e+20 1.0 1000.0 0 0
106 10009.009 1e+20 1.0 1000.0 0 0
107 10009.009 1e+20 1.0 1000.0 0 0
108 10009.009 1e+20 1.0 1000.0 0 0
109 10009.009 1e+20 1.0 1000.0 0 0
110 10009.009 1e+20 1.0 1000.0 0 0
111 10009.009 1e+20 1.0 1000.0 0 0
112 10009.009 1e+20 1.0 1000.0 0 0
113 10009.009 1e+20 1.0 1000.0 0 0
114 10009.009 1e+20 1.0 1000.0 0 0
115 10009.009 1e+20 1.0 1000.0 0 0
116 10009.009 1e+20 1.0 1000.0 0 0
117 10009.009 1e+20 1.0 1000.0 0 0
118 10009.009 1e+20 1.0 1000.0 0 0
119 10009.009 1e+20 1.0 1000.0 0 0
120 10009.009 1e+20 1.0 1000.0 0 0
121 10009.009 1e+20 1.0 1000.0 0 0
122 10009.009 1e+20 1.0 1000.0 0 0
123 10009.009 1e+20 1.0 1000.0 0 0
124 10009.009 1e+20 1.0 1000.0 0 0
125 10009.009 1e+20 1.0 1000.0 0 0
126 10009.009 1e+20 1.0 1000.0 0 0
127 10009.009 1e+20 1.0 1000.0 0 0
128 10009.009 1e+20 1.0 1000.0 0 0
92929.29292929292
1 10009.108 1e+20 1.0 1000.0 0 0
2 10009.108 1e+20 1.0 1000.0 0 0
3 10009.108 1e+20 1.0 1000.0 0 0
4 10009.108 1e+20 1.0 1000.0 0 0
5 10009.108 1e+20 1.0 1000.0 0 0
6 10009.108 1e+20 1.0 1000.0 0 0
7 10009.108 1e+20 1.0 1000.0 0 0
8 10009.108 1e+20 1.0 1000.0 0 0
9 10009.108 1e+20 1.0 1000.0 0 0
10 10009.108 1e+20 1.0 1000.0 0 0
11 10009.108 1e+20 1.0 1000.0 0 0
12 10009.108 1e+20 1.0 1000.0 0 0
13 10009.108 1e+20 1.0 1000.0 0 0
14 10009.108 1e+20 1.0 1000.0 0 0
15 10009.108 1e+20 1.0 1000.0 0 0
16 10009.108 1e+20 1.0 1000.0 0 0
17 10009.108 1e+20 1.0 1000.0 0 0
18 10009.108 1e+20 1.0 1000.0 0 0
19 10009.108 1e+20 1.0 1000.0 0 0
20 10009.108 1e+20 1.0 1000.0 0 0
21 10009.108 1e+20 1.0 1000.0 0 0
22 10009.108 1e+20 1.0 1000.0 0 0
23 10009.108 1e+20 1.0 1000.0 0 0
24 10009.108 1e+20 1.0 1000.0 0 0
25 10009.108 1e+20 1.0 1000.0 0 0
26 10009.108 1e+20 1.0 1000.0 0 0
27 10009.108 1e+20 1.0 1000.0 0 0
28 10009.108 1e+20 1.0 1000.0 0 0
29 10009.108 1e+20 1.0 1000.0 0 0
30 10009.108 1e+20 1.0 1000.0 0 0
31 10009.108 1e+20 1.0 1000.0 0 0
32 10009.108 1e+20 1.0 1000.0 0 0
33 10009.108 1e+20 1.0 1000.0 0 0
34 10009.108 1e+20 1.0 1000.0 0 0
35 10009.108 1e+20 1.0 1000.0 0 0
36 10009.108 1e+20 1.0 1000.0 0 0
37 10009.108 1e+20 1.0 1000.0 0 0
38 10009.108 1e+20 1.0 1000.0 0 0
39 10009.108 1e+20 1.0 1000.0 0 0
40 10009.108 1e+20 1.0 1000.0 0 0
41 10009.108 1e+20 1.0 1000.0 0 0
42 10009.108 1e+20 1.0 1000.0 0 0
43 10009.108 1e+20 1.0 1000.0 0 0
44 10009.108 1e+20 1.0 1000.0 0 0
45 10009.108 1e+20 1.0 1000.0 0 0
46 10009.108 1e+20 1.0 1000.0 0 0
47 10009.108 1e+20 1.0 1000.0 0 0
48 10009.108 1e+20 1.0 1000.0 0 0
49 10009.108 1e+20 1.0 1000.0 0 0
50 10009.108 1e+20 1.0 1000.0 0 0
51 10009.108 1e+20 1.0 1000.0 0 0
52 10009.108 1e+20 1.0 1000.0 0 0
53 10009.108 1e+20 1.0 1000.0 0 0
54 10009.108 1e+20 1.0 1000.0 0 0
55 10009.108 1e+20 1.0 1000.0 0 0
56 10009.108 1e+20 1.0 1000.0 0 0
57 10009.108 1e+20 1.0 1000.0 0 0
58 10009.108 1e+20 1.0 1000.0 0 0
59 10009.108 1e+20 1.0 1000.0 0 0
60 10009.108 1e+20 1.0 1000.0 0 0
61 10009.108 1e+20 1.0 1000.0 0 0
62 10009.108 1e+20 1.0 1000.0 0 0
63 10009.108 1e+20 1.0 1000.0 0 0
64 10009.108 1e+20 1.0 1000.0 0 0
65 10009.108 1e+20 1.0 1000.0 0 0
66 10009.108 1e+20 1.0 1000.0 0 0
67 10009.108 1e+20 1.0 1000.0 0 0
68 10009.108 1e+20 1.0 1000.0 0 0
69 10009.108 1e+20 1.0 1000.0 0 0
70 10009.108 1e+20 1.0 1000.0 0 0
71 10009.108 1e+20 1.0 1000.0 0 0
72 10009.108 1e+20 1.0 1000.0 0 0
73 10009.108 1e+20 1.0 1000.0 0 0
74 10009.108 1e+20 1.0 1000.0 0 0
75 10009.108 1e+20 1.0 1000.0 0 0
76 10009.108 1e+20 1.0 1000.0 0 0
77 10009.108 1e+20 1.0 1000.0 0 0
78 10009.108 1e+20 1.0 1000.0 0 0
79 10009.108 1e+20 1.0 1000.0 0 0
80 10009.108 1e+20 1.0 1000.0 0 0
81 10009.108 1e+20 1.0 1000.0 0 0
82 10009.108 1e+20 1.0 1000.0 0 0
83 10009.108 1e+20 1.0 1000.0 0 0
84 10009.108 1e+20 1.0 1000.0 0 0
85 10009.108 1e+20 1.0 1000.0 0 0
86 10009.108 1e+20 1.0 1000.0 0 0
87 10009.108 1e+20 1.0 1000.0 0 0
88 10009.108 1e+20 1.0 1000.0 0 0
89 10009.108 1e+20 1.0 1000.0 0 0
90 10009.108 1e+20 1.0 1000.0 0 0
91 10009.108 1e+20 1.0 1000.0 0 0
92 10009.108 1e+20 1.0 1000.0 0 0
93 10009.108 1e+20 1.0 1000.0 0 0
94 10009.108 1e+20 1.0 1000.0 0 0
95 10009.108 1e+20 1.0 1000.0 0 0
96 10009.108 1e+20 1.0 1000.0 0 0
97 10009.108 1e+20 1.0 1000.0 0 0
98 10009.108 1e+20 1.0 1000.0 0 0
99 10009.108 1e+20 1.0 1000.0 0 0
100 10009.108 1e+20 1.0 1000.0 0 0
101 10009.108 1e+20 1.0 1000.0 0 0
102 10009.108 1e+20 1.0 1000.0 0 0
103 10009.108 1e+20 1.0 1000.0 0 0
104 10009.108 1e+20 1.0 1000.0 0 0
105 10009.108 1e+20 1.0 1000.0 0 0
106 10009.108 1e+20 1.0 1000.0 0 0
107 10009.108 1e+20 1.0 1000.0 0 0
108 10009.108 1e+20 1.0 1000.0 0 0
109 10009.108 1e+20 1.0 1000.0 0 0
110 10009.108 1e+20 1.0 1000.0 0 0
111 10009.108 1e+20 1.0 1000.0 0 0
112 10009.108 1e+20 1.0 1000.0 0 0
113 10009.108 1e+20 1.0 1000.0 0 0
114 10009.108 1e+20 1.0 1000.0 0 0
115 10009.108 1e+20 1.0 1000.0 0 0
116 10009.108 1e+20 1.0 1000.0 0 0
117 10009.108 1e+20 1.0 1000.0 0 0
118 10009.108 1e+20 1.0 1000.0 0 0
119 10009.108 1e+20 1.0 1000.0 0 0
120 10009.108 1e+20 1.0 1000.0 0 0
121 10009.108 1e+20 1.0 1000.0 0 0
122 10009.108 1e+20 1.0 1000.0 0 0
123 10009.108 1e+20 1.0 1000.0 0 0
124 10009.108 1e+20 1.0 1000.0 0 0
125 10009.108 1e+20 1.0 1000.0 0 0
126 10009.108 1e+20 1.0 1000.0 0 0
127 10009.108 1e+20 1.0 1000.0 0 0
128 10009.108 1e+20 1.0 1000.0 0 0
93939.39393939394
1 10009.207 1e+20 1.0 1000.0 0 0
2 10009.207 1e+20 1.0 1000.0 0 0
3 10009.207 1e+20 1.0 1000.0 0 0
4 10009.207 1e+20 1.0 1000.0 0 0
5 10009.207 1e+20 1.0 1000.0 0 0
6 10009.207 1e+20 1.0 1000.0 0 0
7 10009.207 1e+20 1.0 1000.0 0 0
8 10009.207 1e+20 1.0 1000.0 0 0
9 10009.207 1e+20 1.0 1000.0 0 0
10 10009.207 1e+20 1.0 1000.0 0 0
11 10009.207 1e+20 1.0 1000.0 0 0
12 10009.207 1e+20 1.0 1000.0 0 0
13 10009.207 1e+20 1.0 1000.0 0 0
14 10009.207 1e+20 1.0 1000.0 0 0
15 10009.207 1e+20 1.0 1000.0 0 0
16 10009.207 1e+20 1.0 1000.0 0 0
17 10009.207 1e+20 1.0 1000.0 0 0
18 10009.207 1e+20 1.0 1000.0 0 0
19 10009.207 1e+20 1.0 1000.0 0 0
20 10009.207 1e+20 1.0 1000.0 0 0
21 10009.207 1e+20 1.0 1000.0 0 0
22 10009.207 1e+20 1.0 1000.0 0 0
23 10009.207 1e+20 1.0 1000.0 0 0
24 10009.207 1e+20 1.0 1000.0 0 0
25 10009.207 1e+20 1.0 1000.0 0 0
26 10009.207 1e+20 1.0 1000.0 0 0
27 10009.207 1e+20 1.0 1000.0 0 0
28 10009.207 1e+20 1.0 1000.0 0 0
29 10009.207 1e+20 1.0 1000.0 0 0
30 10009.207 1e+20 1.0 1000.0 0 0
31 10009.207 1e+20 1.0 1000.0 0 0
32 10009.207 1e+20 1.0 1000.0 0 0
33 10009.207 1e+20 1.0 1000.0 0 0
34 10009.207 1e+20 1.0 1000.0 0 0
35 10009.207 1e+20 1.0 1000.0 0 0
36 10009.207 1e+20 1.0 1000.0 0 0
37 10009.207 1e+20 1.0 1000.0 0 0
38 10009.207 1e+20 1.0 1000.0 0 0
39 10009.207 1e+20 1.0 1000.0 0 0
40 10009.207 1e+20 1.0 1000.0 0 0
41 10009.207 1e+20 1.0 1000.0 0 0
42 10009.207 1e+20 1.0 1000.0 0 0
43 10009.207 1e+20 1.0 1000.0 0 0
44 10009.207 1e+20 1.0 1000.0 0 0
45 10009.207 1e+20 1.0 1000.0 0 0
46 10009.207 1e+20 1.0 1000.0 0 0
47 10009.207 1e+20 1.0 1000.0 0 0
48 10009.207 1e+20 1.0 1000.0 0 0
49 10009.207 1e+20 1.0 1000.0 0 0
50 10009.207 1e+20 1.0 1000.0 0 0
51 10009.207 1e+20 1.0 1000.0 0 0
52 10009.207 1e+20 1.0 1000.0 0 0
53 10009.207 1e+20 1.0 1000.0 0 0
54 10009.207 1e+20 1.0 1000.0 0 0
55 10009.207 1e+20 1.0 1000.0 0 0
56 10009.207 1e+20 1.0 1000.0 0 0
57 10009.207 1e+20 1.0 1000.0 0 0
58 10009.207 1e+20 1.0 1000.0 0 0
59 10009.207 1e+20 1.0 1000.0 0 0
60 10009.207 1e+20 1.0 1000.0 0 0
61 10009.207 1e+20 1.0 1000.0 0 0
62 10009.207 1e+20 1.0 1000.0 0 0
63 10009.207 1e+20 1.0 1000.0 0 0
64 10009.207 1e+20 1.0 1000.0 0 0
65 10009.207 1e+20 1.0 1000.0 0 0
66 10009.207 1e+20 1.0 1000.0 0 0
67 10009.207 1e+20 1.0 1000.0 0 0
68 10009.207 1e+20 1.0 1000.0 0 0
69 10009.207 1e+20 1.0 1000.0 0 0
70 10009.207 1e+20 1.0 1000.0 0 0
71 10009.207 1e+20 1.0 1000.0 0 0
72 10009.207 1e+20 1.0 1000.0 0 0
73 10009.207 1e+20 1.0 1000.0 0 0
74 10009.207 1e+20 1.0 1000.0 0 0
75 10009.207 1e+20 1.0 1000.0 0 0
76 10009.207 1e+20 1.0 1000.0 0 0
77 10009.207 1e+20 1.0 1000.0 0 0
78 10009.207 1e+20 1.0 1000.0 0 0
79 10009.207 1e+20 1.0 1000.0 0 0
80 10009.207 1e+20 1.0 1000.0 0 0
81 10009.207 1e+20 1.0 1000.0 0 0
82 10009.207 1e+20 1.0 1000.0 0 0
83 10009.207 1e+20 1.0 1000.0 0 0
84 10009.207 1e+20 1.0 1000.0 0 0
85 10009.207 1e+20 1.0 1000.0 0 0
86 10009.207 1e+20 1.0 1000.0 0 0
87 10009.207 1e+20 1.0 1000.0 0 0
88 10009.207 1e+20 1.0 1000.0 0 0
89 10009.207 1e+20 1.0 1000.0 0 0
90 10009.207 1e+20 1.0 1000.0 0 0
91 10009.207 1e+20 1.0 1000.0 0 0
92 10009.207 1e+20 1.0 1000.0 0 0
93 10009.207 1e+20 1.0 1000.0 0 0
94 10009.207 1e+20 1.0 1000.0 0 0
95 10009.207 1e+20 1.0 1000.0 0 0
96 10009.207 1e+20 1.0 1000.0 0 0
97 10009.207 1e+20 1.0 1000.0 0 0
98 10009.207 1e+20 1.0 1000.0 0 0
99 10009.207 1e+20 1.0 1000.0 0 0
100 10009.207 1e+20 1.0 1000.0 0 0
101 10009.207 1e+20 1.0 1000.0 0 0
102 10009.207 1e+20 1.0 1000.0 0 0
103 10009.207 1e+20 1.0 1000.0 0 0
104 10009.207 1e+20 1.0 1000.0 0 0
105 10009.207 1e+20 1.0 1000.0 0 0
106 10009.207 1e+20 1.0 1000.0 0 0
107 10009.207 1e+20 1.0 1000.0 0 0
108 10009.207 1e+20 1.0 1000.0 0 0
109 10009.207 1e+20 1.0 1000.0 0 0
110 10009.207 1e+20 1.0 1000.0 0 0
111 10009.207 1e+20 1.0 1000.0 0 0
112 10009.207 1e+20 1.0 1000.0 0 0
113 10009.207 1e+20 1.0 1000.0 0 0
114 10009.207 1e+20 1.0 1000.0 0 0
115 10009.207 1e+20 1.0 1000.0 0 0
116 10009.207 1e+20 1.0 1000.0 0 0
117 10009.207 1e+20 1.0 1000.0 0 0
118 10009.207 1e+20 1.0 1000.0 0 0
119 10009.207 1e+20 1.0 1000.0 0 0
120 10009.207 1e+20 1.0 1000.0 0 0
121 10009.207 1e+20 1.0 1000.0 0 0
122 10009.207 1e+20 1.0 1000.0 0 0
123 10009.207 1e+20 1.0 1000.0 0 0
124 10009.207 1e+20 1.0 1000.0 0 0
125 10009.207 1e+20 1.0 1000.0 0 0
126 10009.207 1e+20 1.0 1000.0 0 0
127 10009.207 1e+20 1.0 1000.0 0 0
128 10009.207 1e+20 1.0 1000.0 0 0
94949.49494949494
1 10009.306 1e+20 1.0 1000.0 0 0
2 10009.306 1e+20 1.0 1000.0 0 0
3 10009.306 1e+20 1.0 1000.0 0 0
4 10009.306 1e+20 1.0 1000.0 0 0
5 10009.306 1e+20 1.0 1000.0 0 0
6 10009.306 1e+20 1.0 1000.0 0 0
7 10009.306 1e+20 1.0 1000.0 0 0
8 10009.306 1e+20 1.0 1000.0 0 0
9 10009.306 1e+20 1.0 1000.0 0 0
10 10009.306 1e+20 1.0 1000.0 0 0
11 10009.306 1e+20 1.0 1000.0 0 0
12 10009.306 1e+20 1.0 1000.0 0 0
13 10009.306 1e+20 1.0 1000.0 0 0
14 10009.306 1e+20 1.0 1000.0 0 0
15 10009.306 1e+20 1.0 1000.0 0 0
16 10009.306 1e+20 1.0 1000.0 0 0
17 10009.306 1e+20 1.0 1000.0 0 0
18 10009.306 1e+20 1.0 1000.0 0 0
19 10009.306 1e+20 1.0 1000.0 0 0
20 10009.306 1e+20 1.0 1000.0 0 0
21 10009.306 1e+20 1.0 1000.0 0 0
22 10009.306 1e+20 1.0 1000.0 0 0
23 10009.306 1e+20 1.0 1000.0 0 0
24 10009.306 1e+20 1.0 1000.0 0 0
25 10009.306 1e+20 1.0 1000.0 0 0
26 10009.306 1e+20 1.0 1000.0 0 0
27 10009.306 1e+20 1.0 1000.0 0 0
28 10009.306 1e+20 1.0 1000.0 0 0
29 10009.306 1e+20 1.0 1000.0 0 0
30 10009.306 1e+20 1.0 1000.0 0 0
31 10009.306 1e+20 1.0 1000.0 0 0
32 10009.306 1e+20 1.0 1000.0 0 0
33 10009.306 1e+20 1.0 1000.0 0 0
34 10009.306 1e+20 1.0 1000.0 0 0
35 10009.306 1e+20 1.0 1000.0 0 0
36 10009.306 1e+20 1.0 1000.0 0 0
37 10009.306 1e+20 1.0 1000.0 0 0
38 10009.306 1e+20 1.0 1000.0 0 0
39 10009.306 1e+20 1.0 1000.0 0 0
40 10009.306 1e+20 1.0 1000.0 0 0
41 10009.306 1e+20 1.0 1000.0 0 0
42 10009.306 1e+20 1.0 1000.0 0 0
43 10009.306 1e+20 1.0 1000.0 0 0
44 10009.306 1e+20 1.0 1000.0 0 0
45 10009.306 1e+20 1.0 1000.0 0 0
46 10009.306 1e+20 1.0 1000.0 0 0
47 10009.306 1e+20 1.0 1000.0 0 0
48 10009.306 1e+20 1.0 1000.0 0 0
49 10009.306 1e+20 1.0 1000.0 0 0
50 10009.306 1e+20 1.0 1000.0 0 0
51 10009.306 1e+20 1.0 1000.0 0 0
52 10009.306 1e+20 1.0 1000.0 0 0
53 10009.306 1e+20 1.0 1000.0 0 0
54 10009.306 1e+20 1.0 1000.0 0 0
55 10009.306 1e+20 1.0 1000.0 0 0
56 10009.306 1e+20 1.0 1000.0 0 0
57 10009.306 1e+20 1.0 1000.0 0 0
58 10009.306 1e+20 1.0 1000.0 0 0
59 10009.306 1e+20 1.0 1000.0 0 0
60 10009.306 1e+20 1.0 1000.0 0 0
61 10009.306 1e+20 1.0 1000.0 0 0
62 10009.306 1e+20 1.0 1000.0 0 0
63 10009.306 1e+20 1.0 1000.0 0 0
64 10009.306 1e+20 1.0 1000.0 0 0
65 10009.306 1e+20 1.0 1000.0 0 0
66 10009.306 1e+20 1.0 1000.0 0 0
67 10009.306 1e+20 1.0 1000.0 0 0
68 10009.306 1e+20 1.0 1000.0 0 0
69 10009.306 1e+20 1.0 1000.0 0 0
70 10009.306 1e+20 1.0 1000.0 0 0
71 10009.306 1e+20 1.0 1000.0 0 0
72 10009.306 1e+20 1.0 1000.0 0 0
73 10009.306 1e+20 1.0 1000.0 0 0
74 10009.306 1e+20 1.0 1000.0 0 0
75 10009.306 1e+20 1.0 1000.0 0 0
76 10009.306 1e+20 1.0 1000.0 0 0
77 10009.306 1e+20 1.0 1000.0 0 0
78 10009.306 1e+20 1.0 1000.0 0 0
79 10009.306 1e+20 1.0 1000.0 0 0
80 10009.306 1e+20 1.0 1000.0 0 0
81 10009.306 1e+20 1.0 1000.0 0 0
82 10009.306 1e+20 1.0 1000.0 0 0
83 10009.306 1e+20 1.0 1000.0 0 0
84 10009.306 1e+20 1.0 1000.0 0 0
85 10009.306 1e+20 1.0 1000.0 0 0
86 10009.306 1e+20 1.0 1000.0 0 0
87 10009.306 1e+20 1.0 1000.0 0 0
88 10009.306 1e+20 1.0 1000.0 0 0
89 10009.306 1e+20 1.0 1000.0 0 0
90 10009.306 1e+20 1.0 1000.0 0 0
91 10009.306 1e+20 1.0 1000.0 0 0
92 10009.306 1e+20 1.0 1000.0 0 0
93 10009.306 1e+20 1.0 1000.0 0 0
94 10009.306 1e+20 1.0 1000.0 0 0
95 10009.306 1e+20 1.0 1000.0 0 0
96 10009.306 1e+20 1.0 1000.0 0 0
97 10009.306 1e+20 1.0 1000.0 0 0
98 10009.306 1e+20 1.0 1000.0 0 0
99 10009.306 1e+20 1.0 1000.0 0 0
100 10009.306 1e+20 1.0 1000.0 0 0
101 10009.306 1e+20 1.0 1000.0 0 0
102 10009.306 1e+20 1.0 1000.0 0 0
103 10009.306 1e+20 1.0 1000.0 0 0
104 10009.306 1e+20 1.0 1000.0 0 0
105 10009.306 1e+20 1.0 1000.0 0 0
106 10009.306 1e+20 1.0 1000.0 0 0
107 10009.306 1e+20 1.0 1000.0 0 0
108 10009.306 1e+20 1.0 1000.0 0 0
109 10009.306 1e+20 1.0 1000.0 0 0
110 10009.306 1e+20 1.0 1000.0 0 0
111 10009.306 1e+20 1.0 1000.0 0 0
112 10009.306 1e+20 1.0 1000.0 0 0
113 10009.306 1e+20 1.0 1000.0 0 0
114 10009.306 1e+20 1.0 1000.0 0 0
115 10009.306 1e+20 1.0 1000.0 0 0
116 10009.306 1e+20 1.0 1000.0 0 0
117 10009.306 1e+20 1.0 1000.0 0 0
118 10009.306 1e+20 1.0 1000.0 0 0
119 10009.306 1e+20 1.0 1000.0 0 0
120 10009.306 1e+20 1.0 1000.0 0 0
121 10009.306 1e+20 1.0 1000.0 0 0
122 10009.306 1e+20 1.0 1000.0 0 0
123 10009.306 1e+20 1.0 1000.0 0 0
124 10009.306 1e+20 1.0 1000.0 0 0
125 10009.306 1e+20 1.0 1000.0 0 0
126 10009.306 1e+20 1.0 1000.0 0 0
127 10009.306 1e+20 1.0 1000.0 0 0
128 10009.306 1e+20 1.0 1000.0 0 0
95959.59595959596
1 10009.405 1e+20 1.0 1000.0 0 0
2 10009.405 1e+20 1.0 1000.0 0 0
3 10009.405 1e+20 1.0 1000.0 0 0
4 10009.405 1e+20 1.0 1000.0 0 0
5 10009.405 1e+20 1.0 1000.0 0 0
6 10009.405 1e+20 1.0 1000.0 0 0
7 10009.405 1e+20 1.0 1000.0 0 0
8 10009.405 1e+20 1.0 1000.0 0 0
9 10009.405 1e+20 1.0 1000.0 0 0
10 10009.405 1e+20 1.0 1000.0 0 0
11 10009.405 1e+20 1.0 1000.0 0 0
12 10009.405 1e+20 1.0 1000.0 0 0
13 10009.405 1e+20 1.0 1000.0 0 0
14 10009.405 1e+20 1.0 1000.0 0 0
15 10009.405 1e+20 1.0 1000.0 0 0
16 10009.405 1e+20 1.0 1000.0 0 0
17 10009.405 1e+20 1.0 1000.0 0 0
18 10009.405 1e+20 1.0 1000.0 0 0
19 10009.405 1e+20 1.0 1000.0 0 0
20 10009.405 1e+20 1.0 1000.0 0 0
21 10009.405 1e+20 1.0 1000.0 0 0
22 10009.405 1e+20 1.0 1000.0 0 0
23 10009.405 1e+20 1.0 1000.0 0 0
24 10009.405 1e+20 1.0 1000.0 0 0
25 10009.405 1e+20 1.0 1000.0 0 0
26 10009.405 1e+20 1.0 1000.0 0 0
27 10009.405 1e+20 1.0 1000.0 0 0
28 10009.405 1e+20 1.0 1000.0 0 0
29 10009.405 1e+20 1.0 1000.0 0 0
30 10009.405 1e+20 1.0 1000.0 0 0
31 10009.405 1e+20 1.0 1000.0 0 0
32 10009.405 1e+20 1.0 1000.0 0 0
33 10009.405 1e+20 1.0 1000.0 0 0
34 10009.405 1e+20 1.0 1000.0 0 0
35 10009.405 1e+20 1.0 1000.0 0 0
36 10009.405 1e+20 1.0 1000.0 0 0
37 10009.405 1e+20 1.0 1000.0 0 0
38 10009.405 1e+20 1.0 1000.0 0 0
39 10009.405 1e+20 1.0 1000.0 0 0
40 10009.405 1e+20 1.0 1000.0 0 0
41 10009.405 1e+20 1.0 1000.0 0 0
42 10009.405 1e+20 1.0 1000.0 0 0
43 10009.405 1e+20 1.0 1000.0 0 0
44 10009.405 1e+20 1.0 1000.0 0 0
45 10009.405 1e+20 1.0 1000.0 0 0
46 10009.405 1e+20 1.0 1000.0 0 0
47 10009.405 1e+20 1.0 1000.0 0 0
48 10009.405 1e+20 1.0 1000.0 0 0
49 10009.405 1e+20 1.0 1000.0 0 0
50 10009.405 1e+20 1.0 1000.0 0 0
51 10009.405 1e+20 1.0 1000.0 0 0
52 10009.405 1e+20 1.0 1000.0 0 0
53 10009.405 1e+20 1.0 1000.0 0 0
54 10009.405 1e+20 1.0 1000.0 0 0
55 10009.405 1e+20 1.0 1000.0 0 0
56 10009.405 1e+20 1.0 1000.0 0 0
57 10009.405 1e+20 1.0 1000.0 0 0
58 10009.405 1e+20 1.0 1000.0 0 0
59 10009.405 1e+20 1.0 1000.0 0 0
60 10009.405 1e+20 1.0 1000.0 0 0
61 10009.405 1e+20 1.0 1000.0 0 0
62 10009.405 1e+20 1.0 1000.0 0 0
63 10009.405 1e+20 1.0 1000.0 0 0
64 10009.405 1e+20 1.0 1000.0 0 0
65 10009.405 1e+20 1.0 1000.0 0 0
66 10009.405 1e+20 1.0 1000.0 0 0
67 10009.405 1e+20 1.0 1000.0 0 0
68 10009.405 1e+20 1.0 1000.0 0 0
69 10009.405 1e+20 1.0 1000.0 0 0
70 10009.405 1e+20 1.0 1000.0 0 0
71 10009.405 1e+20 1.0 1000.0 0 0
72 10009.405 1e+20 1.0 1000.0 0 0
73 10009.405 1e+20 1.0 1000.0 0 0
74 10009.405 1e+20 1.0 1000.0 0 0
75 10009.405 1e+20 1.0 1000.0 0 0
76 10009.405 1e+20 1.0 1000.0 0 0
77 10009.405 1e+20 1.0 1000.0 0 0
78 10009.405 1e+20 1.0 1000.0 0 0
79 10009.405 1e+20 1.0 1000.0 0 0
80 10009.405 1e+20 1.0 1000.0 0 0
81 10009.405 1e+20 1.0 1000.0 0 0
82 10009.405 1e+20 1.0 1000.0 0 0
83 10009.405 1e+20 1.0 1000.0 0 0
84 10009.405 1e+20 1.0 1000.0 0 0
85 10009.405 1e+20 1.0 1000.0 0 0
86 10009.405 1e+20 1.0 1000.0 0 0
87 10009.405 1e+20 1.0 1000.0 0 0
88 10009.405 1e+20 1.0 1000.0 0 0
89 10009.405 1e+20 1.0 1000.0 0 0
90 10009.405 1e+20 1.0 1000.0 0 0
91 10009.405 1e+20 1.0 1000.0 0 0
92 10009.405 1e+20 1.0 1000.0 0 0
93 10009.405 1e+20 1.0 1000.0 0 0
94 10009.405 1e+20 1.0 1000.0 0 0
95 10009.405 1e+20 1.0 1000.0 0 0
96 10009.405 1e+20 1.0 1000.0 0 0
97 10009.405 1e+20 1.0 1000.0 0 0
98 10009.405 1e+20 1.0 1000.0 0 0
99 10009.405 1e+20 1.0 1000.0 0 0
100 10009.405 1e+20 1.0 1000.0 0 0
101 10009.405 1e+20 1.0 1000.0 0 0
102 10009.405 1e+20 1.0 1000.0 0 0
103 10009.405 1e+20 1.0 1000.0 0 0
104 10009.405 1e+20 1.0 1000.0 0 0
105 10009.405 1e+20 1.0 1000.0 0 0
106 10009.405 1e+20 1.0 1000.0 0 0
107 10009.405 1e+20 1.0 1000.0 0 0
108 10009.405 1e+20 1.0 1000.0 0 0
109 10009.405 1e+20 1.0 1000.0 0 0
110 10009.405 1e+20 1.0 1000.0 0 0
111 10009.405 1e+20 1.0 1000.0 0 0
112 10009.405 1e+20 1.0 1000.0 0 0
113 10009.405 1e+20 1.0 1000.0 0 0
114 10009.405 1e+20 1.0 1000.0 0 0
115 10009.405 1e+20 1.0 1000.0 0 0
116 10009.405 1e+20 1.0 1000.0 0 0
117 10009.405 1e+20 1.0 1000.0 0 0
118 10009.405 1e+20 1.0 1000.0 0 0
119 10009.405 1e+20 1.0 1000.0 0 0
120 10009.405 1e+20 1.0 1000.0 0 0
121 10009.405 1e+20 1.0 1000.0 0 0
122 10009.405 1e+20 1.0 1000.0 0 0
123 10009.405 1e+20 1.0 1000.0 0 0
124 10009.405 1e+20 1.0 1000.0 0 0
125 10009.405 1e+20 1.0 1000.0 0 0
126 10009.405 1e+20 1.0 1000.0 0 0
127 10009.405 1e+20 1.0 1000.0 0 0
128 10009.405 1e+20 1.0 1000.0 0 0
96969.69696969696
1 10009.504 1e+20 1.0 1000.0 0 0
2 10009.504 1e+20 1.0 1000.0 0 0
3 10009.504 1e+20 1.0 1000.0 0 0
4 10009.504 1e+20 1.0 1000.0 0 0
5 10009.504 1e+20 1.0 1000.0 0 0
6 10009.504 1e+20 1.0 1000.0 0 0
7 10009.504 1e+20 1.0 1000.0 0 0
8 10009.504 1e+20 1.0 1000.0 0 0
9 10009.504 1e+20 1.0 1000.0 0 0
10 10009.504 1e+20 1.0 1000.0 0 0
11 10009.504 1e+20 1.0 1000.0 0 0
12 10009.504 1e+20 1.0 1000.0 0 0
13 10009.504 1e+20 1.0 1000.0 0 0
14 10009.504 1e+20 1.0 1000.0 0 0
15 10009.504 1e+20 1.0 1000.0 0 0
16 10009.504 1e+20 1.0 1000.0 0 0
17 10009.504 1e+20 1.0 1000.0 0 0
18 10009.504 1e+20 1.0 1000.0 0 0
19 10009.504 1e+20 1.0 1000.0 0 0
20 10009.504 1e+20 1.0 1000.0 0 0
21 10009.504 1e+20 1.0 1000.0 0 0
22 10009.504 1e+20 1.0 1000.0 0 0
23 10009.504 1e+20 1.0 1000.0 0 0
24 10009.504 1e+20 1.0 1000.0 0 0
25 10009.504 1e+20 1.0 1000.0 0 0
26 10009.504 1e+20 1.0 1000.0 0 0
27 10009.504 1e+20 1.0 1000.0 0 0
28 10009.504 1e+20 1.0 1000.0 0 0
29 10009.504 1e+20 1.0 1000.0 0 0
30 10009.504 1e+20 1.0 1000.0 0 0
31 10009.504 1e+20 1.0 1000.0 0 0
32 10009.504 1e+20 1.0 1000.0 0 0
33 10009.504 1e+20 1.0 1000.0 0 0
34 10009.504 1e+20 1.0 1000.0 0 0
35 10009.504 1e+20 1.0 1000.0 0 0
36 10009.504 1e+20 1.0 1000.0 0 0
37 10009.504 1e+20 1.0 1000.0 0 0
38 10009.504 1e+20 1.0 1000.0 0 0
39 10009.504 1e+20 1.0 1000.0 0 0
40 10009.504 1e+20 1.0 1000.0 0 0
41 10009.504 1e+20 1.0 1000.0 0 0
42 10009.504 1e+20 1.0 1000.0 0 0
43 10009.504 1e+20 1.0 1000.0 0 0
44 10009.504 1e+20 1.0 1000.0 0 0
45 10009.504 1e+20 1.0 1000.0 0 0
46 10009.504 1e+20 1.0 1000.0 0 0
47 10009.504 1e+20 1.0 1000.0 0 0
48 10009.504 1e+20 1.0 1000.0 0 0
49 10009.504 1e+20 1.0 1000.0 0 0
50 10009.504 1e+20 1.0 1000.0 0 0
51 10009.504 1e+20 1.0 1000.0 0 0
52 10009.504 1e+20 1.0 1000.0 0 0
53 10009.504 1e+20 1.0 1000.0 0 0
54 10009.504 1e+20 1.0 1000.0 0 0
55 10009.504 1e+20 1.0 1000.0 0 0
56 10009.504 1e+20 1.0 1000.0 0 0
57 10009.504 1e+20 1.0 1000.0 0 0
58 10009.504 1e+20 1.0 1000.0 0 0
59 10009.504 1e+20 1.0 1000.0 0 0
60 10009.504 1e+20 1.0 1000.0 0 0
61 10009.504 1e+20 1.0 1000.0 0 0
62 10009.504 1e+20 1.0 1000.0 0 0
63 10009.504 1e+20 1.0 1000.0 0 0
64 10009.504 1e+20 1.0 1000.0 0 0
65 10009.504 1e+20 1.0 1000.0 0 0
66 10009.504 1e+20 1.0 1000.0 0 0
67 10009.504 1e+20 1.0 1000.0 0 0
68 10009.504 1e+20 1.0 1000.0 0 0
69 10009.504 1e+20 1.0 1000.0 0 0
70 10009.504 1e+20 1.0 1000.0 0 0
71 10009.504 1e+20 1.0 1000.0 0 0
72 10009.504 1e+20 1.0 1000.0 0 0
73 10009.504 1e+20 1.0 1000.0 0 0
74 10009.504 1e+20 1.0 1000.0 0 0
75 10009.504 1e+20 1.0 1000.0 0 0
76 10009.504 1e+20 1.0 1000.0 0 0
77 10009.504 1e+20 1.0 1000.0 0 0
78 10009.504 1e+20 1.0 1000.0 0 0
79 10009.504 1e+20 1.0 1000.0 0 0
80 10009.504 1e+20 1.0 1000.0 0 0
81 10009.504 1e+20 1.0 1000.0 0 0
82 10009.504 1e+20 1.0 1000.0 0 0
83 10009.504 1e+20 1.0 1000.0 0 0
84 10009.504 1e+20 1.0 1000.0 0 0
85 10009.504 1e+20 1.0 1000.0 0 0
86 10009.504 1e+20 1.0 1000.0 0 0
87 10009.504 1e+20 1.0 1000.0 0 0
88 10009.504 1e+20 1.0 1000.0 0 0
89 10009.504 1e+20 1.0 1000.0 0 0
90 10009.504 1e+20 1.0 1000.0 0 0
91 10009.504 1e+20 1.0 1000.0 0 0
92 10009.504 1e+20 1.0 1000.0 0 0
93 10009.504 1e+20 1.0 1000.0 0 0
94 10009.504 1e+20 1.0 1000.0 0 0
95 10009.504 1e+20 1.0 1000.0 0 0
96 10009.504 1e+20 1.0 1000.0 0 0
97 10009.504 1e+20 1.0 1000.0 0 0
98 10009.504 1e+20 1.0 1000.0 0 0
99 10009.504 1e+20 1.0 1000.0 0 0
100 10009.504 1e+20 1.0 1000.0 0 0
101 10009.504 1e+20 1.0 1000.0 0 0
102 10009.504 1e+20 1.0 1000.0 0 0
103 10009.504 1e+20 1.0 1000.0 0 0
104 10009.504 1e+20 1.0 1000.0 0 0
105 10009.504 1e+20 1.0 1000.0 0 0
106 10009.504 1e+20 1.0 1000.0 0 0
107 10009.504 1e+20 1.0 1000.0 0 0
108 10009.504 1e+20 1.0 1000.0 0 0
109 10009.504 1e+20 1.0 1000.0 0 0
110 10009.504 1e+20 1.0 1000.0 0 0
111 10009.504 1e+20 1.0 1000.0 0 0
112 10009.504 1e+20 1.0 1000.0 0 0
113 10009.504 1e+20 1.0 1000.0 0 0
114 10009.504 1e+20 1.0 1000.0 0 0
115 10009.504 1e+20 1.0 1000.0 0 0
116 10009.504 1e+20 1.0 1000.0 0 0
117 10009.504 1e+20 1.0 1000.0 0 0
118 10009.504 1e+20 1.0 1000.0 0 0
119 10009.504 1e+20 1.0 1000.0 0 0
120 10009.504 1e+20 1.0 1000.0 0 0
121 10009.504 1e+20 1.0 1000.0 0 0
122 10009.504 1e+20 1.0 1000.0 0 0
123 10009.504 1e+20 1.0 1000.0 0 0
124 10009.504 1e+20 1.0 1000.0 0 0
125 10009.504 1e+20 1.0 1000.0 0 0
126 10009.504 1e+20 1.0 1000.0 0 0
127 10009.504 1e+20 1.0 1000.0 0 0
128 10009.504 1e+20 1.0 1000.0 0 0
97979.79797979798
1 10009.603 1e+20 1.0 1000.0 0 0
2 10009.603 1e+20 1.0 1000.0 0 0
3 10009.603 1e+20 1.0 1000.0 0 0
4 10009.603 1e+20 1.0 1000.0 0 0
5 10009.603 1e+20 1.0 1000.0 0 0
6 10009.603 1e+20 1.0 1000.0 0 0
7 10009.603 1e+20 1.0 1000.0 0 0
8 10009.603 1e+20 1.0 1000.0 0 0
9 10009.603 1e+20 1.0 1000.0 0 0
10 10009.603 1e+20 1.0 1000.0 0 0
11 10009.603 1e+20 1.0 1000.0 0 0
12 10009.603 1e+20 1.0 1000.0 0 0
13 10009.603 1e+20 1.0 1000.0 0 0
14 10009.603 1e+20 1.0 1000.0 0 0
15 10009.603 1e+20 1.0 1000.0 0 0
16 10009.603 1e+20 1.0 1000.0 0 0
17 10009.603 1e+20 1.0 1000.0 0 0
18 10009.603 1e+20 1.0 1000.0 0 0
19 10009.603 1e+20 1.0 1000.0 0 0
20 10009.603 1e+20 1.0 1000.0 0 0
21 10009.603 1e+20 1.0 1000.0 0 0
22 10009.603 1e+20 1.0 1000.0 0 0
23 10009.603 1e+20 1.0 1000.0 0 0
24 10009.603 1e+20 1.0 1000.0 0 0
25 10009.603 1e+20 1.0 1000.0 0 0
26 10009.603 1e+20 1.0 1000.0 0 0
27 10009.603 1e+20 1.0 1000.0 0 0
28 10009.603 1e+20 1.0 1000.0 0 0
29 10009.603 1e+20 1.0 1000.0 0 0
30 10009.603 1e+20 1.0 1000.0 0 0
31 10009.603 1e+20 1.0 1000.0 0 0
32 10009.603 1e+20 1.0 1000.0 0 0
33 10009.603 1e+20 1.0 1000.0 0 0
34 10009.603 1e+20 1.0 1000.0 0 0
35 10009.603 1e+20 1.0 1000.0 0 0
36 10009.603 1e+20 1.0 1000.0 0 0
37 10009.603 1e+20 1.0 1000.0 0 0
38 10009.603 1e+20 1.0 1000.0 0 0
39 10009.603 1e+20 1.0 1000.0 0 0
40 10009.603 1e+20 1.0 1000.0 0 0
41 10009.603 1e+20 1.0 1000.0 0 0
42 10009.603 1e+20 1.0 1000.0 0 0
43 10009.603 1e+20 1.0 1000.0 0 0
44 10009.603 1e+20 1.0 1000.0 0 0
45 10009.603 1e+20 1.0 1000.0 0 0
46 10009.603 1e+20 1.0 1000.0 0 0
47 10009.603 1e+20 1.0 1000.0 0 0
48 10009.603 1e+20 1.0 1000.0 0 0
49 10009.603 1e+20 1.0 1000.0 0 0
50 10009.603 1e+20 1.0 1000.0 0 0
51 10009.603 1e+20 1.0 1000.0 0 0
52 10009.603 1e+20 1.0 1000.0 0 0
53 10009.603 1e+20 1.0 1000.0 0 0
54 10009.603 1e+20 1.0 1000.0 0 0
55 10009.603 1e+20 1.0 1000.0 0 0
56 10009.603 1e+20 1.0 1000.0 0 0
57 10009.603 1e+20 1.0 1000.0 0 0
58 10009.603 1e+20 1.0 1000.0 0 0
59 10009.603 1e+20 1.0 1000.0 0 0
60 10009.603 1e+20 1.0 1000.0 0 0
61 10009.603 1e+20 1.0 1000.0 0 0
62 10009.603 1e+20 1.0 1000.0 0 0
63 10009.603 1e+20 1.0 1000.0 0 0
64 10009.603 1e+20 1.0 1000.0 0 0
65 10009.603 1e+20 1.0 1000.0 0 0
66 10009.603 1e+20 1.0 1000.0 0 0
67 10009.603 1e+20 1.0 1000.0 0 0
68 10009.603 1e+20 1.0 1000.0 0 0
69 10009.603 1e+20 1.0 1000.0 0 0
70 10009.603 1e+20 1.0 1000.0 0 0
71 10009.603 1e+20 1.0 1000.0 0 0
72 10009.603 1e+20 1.0 1000.0 0 0
73 10009.603 1e+20 1.0 1000.0 0 0
74 10009.603 1e+20 1.0 1000.0 0 0
75 10009.603 1e+20 1.0 1000.0 0 0
76 10009.603 1e+20 1.0 1000.0 0 0
77 10009.603 1e+20 1.0 1000.0 0 0
78 10009.603 1e+20 1.0 1000.0 0 0
79 10009.603 1e+20 1.0 1000.0 0 0
80 10009.603 1e+20 1.0 1000.0 0 0
81 10009.603 1e+20 1.0 1000.0 0 0
82 10009.603 1e+20 1.0 1000.0 0 0
83 10009.603 1e+20 1.0 1000.0 0 0
84 10009.603 1e+20 1.0 1000.0 0 0
85 10009.603 1e+20 1.0 1000.0 0 0
86 10009.603 1e+20 1.0 1000.0 0 0
87 10009.603 1e+20 1.0 1000.0 0 0
88 10009.603 1e+20 1.0 1000.0 0 0
89 10009.603 1e+20 1.0 1000.0 0 0
90 10009.603 1e+20 1.0 1000.0 0 0
91 10009.603 1e+20 1.0 1000.0 0 0
92 10009.603 1e+20 1.0 1000.0 0 0
93 10009.603 1e+20 1.0 1000.0 0 0
94 10009.603 1e+20 1.0 1000.0 0 0
95 10009.603 1e+20 1.0 1000.0 0 0
96 10009.603 1e+20 1.0 1000.0 0 0
97 10009.603 1e+20 1.0 1000.0 0 0
98 10009.603 1e+20 1.0 1000.0 0 0
99 10009.603 1e+20 1.0 1000.0 0 0
100 10009.603 1e+20 1.0 1000.0 0 0
101 10009.603 1e+20 1.0 1000.0 0 0
102 10009.603 1e+20 1.0 1000.0 0 0
103 10009.603 1e+20 1.0 1000.0 0 0
104 10009.603 1e+20 1.0 1000.0 0 0
105 10009.603 1e+20 1.0 1000.0 0 0
106 10009.603 1e+20 1.0 1000.0 0 0
107 10009.603 1e+20 1.0 1000.0 0 0
108 10009.603 1e+20 1.0 1000.0 0 0
109 10009.603 1e+20 1.0 1000.0 0 0
110 10009.603 1e+20 1.0 1000.0 0 0
111 10009.603 1e+20 1.0 1000.0 0 0
112 10009.603 1e+20 1.0 1000.0 0 0
113 10009.603 1e+20 1.0 1000.0 0 0
114 10009.603 1e+20 1.0 1000.0 0 0
115 10009.603 1e+20 1.0 1000.0 0 0
116 10009.603 1e+20 1.0 1000.0 0 0
117 10009.603 1e+20 1.0 1000.0 0 0
118 10009.603 1e+20 1.0 1000.0 0 0
119 10009.603 1e+20 1.0 1000.0 0 0
120 10009.603 1e+20 1.0 1000.0 0 0
121 10009.603 1e+20 1.0 1000.0 0 0
122 10009.603 1e+20 1.0 1000.0 0 0
123 10009.603 1e+20 1.0 1000.0 0 0
124 10009.603 1e+20 1.0 1000.0 0 0
125 10009.603 1e+20 1.0 1000.0 0 0
126 10009.603 1e+20 1.0 1000.0 0 0
127 10009.603 1e+20 1.0 1000.0 0 0
128 10009.603 1e+20 1.0 1000.0 0 0
98989.89898989898
1 10009.702 1e+20 1.0 1000.0 0 0
2 10009.702 1e+20 1.0 1000.0 0 0
3 10009.702 1e+20 1.0 1000.0 0 0
4 10009.702 1e+20 1.0 1000.0 0 0
5 10009.702 1e+20 1.0 1000.0 0 0
6 10009.702 1e+20 1.0 1000.0 0 0
7 10009.702 1e+20 1.0 1000.0 0 0
8 10009.702 1e+20 1.0 1000.0 0 0
9 10009.702 1e+20 1.0 1000.0 0 0
10 10009.702 1e+20 1.0 1000.0 0 0
11 10009.702 1e+20 1.0 1000.0 0 0
12 10009.702 1e+20 1.0 1000.0 0 0
13 10009.702 1e+20 1.0 1000.0 0 0
14 10009.702 1e+20 1.0 1000.0 0 0
15 10009.702 1e+20 1.0 1000.0 0 0
16 10009.702 1e+20 1.0 1000.0 0 0
17 10009.702 1e+20 1.0 1000.0 0 0
18 10009.702 1e+20 1.0 1000.0 0 0
19 10009.702 1e+20 1.0 1000.0 0 0
20 10009.702 1e+20 1.0 1000.0 0 0
21 10009.702 1e+20 1.0 1000.0 0 0
22 10009.702 1e+20 1.0 1000.0 0 0
23 10009.702 1e+20 1.0 1000.0 0 0
24 10009.702 1e+20 1.0 1000.0 0 0
25 10009.702 1e+20 1.0 1000.0 0 0
26 10009.702 1e+20 1.0 1000.0 0 0
27 10009.702 1e+20 1.0 1000.0 0 0
28 10009.702 1e+20 1.0 1000.0 0 0
29 10009.702 1e+20 1.0 1000.0 0 0
30 10009.702 1e+20 1.0 1000.0 0 0
31 10009.702 1e+20 1.0 1000.0 0 0
32 10009.702 1e+20 1.0 1000.0 0 0
33 10009.702 1e+20 1.0 1000.0 0 0
34 10009.702 1e+20 1.0 1000.0 0 0
35 10009.702 1e+20 1.0 1000.0 0 0
36 10009.702 1e+20 1.0 1000.0 0 0
37 10009.702 1e+20 1.0 1000.0 0 0
38 10009.702 1e+20 1.0 1000.0 0 0
39 10009.702 1e+20 1.0 1000.0 0 0
40 10009.702 1e+20 1.0 1000.0 0 0
41 10009.702 1e+20 1.0 1000.0 0 0
42 10009.702 1e+20 1.0 1000.0 0 0
43 10009.702 1e+20 1.0 1000.0 0 0
44 10009.702 1e+20 1.0 1000.0 0 0
45 10009.702 1e+20 1.0 1000.0 0 0
46 10009.702 1e+20 1.0 1000.0 0 0
47 10009.702 1e+20 1.0 1000.0 0 0
48 10009.702 1e+20 1.0 1000.0 0 0
49 10009.702 1e+20 1.0 1000.0 0 0
50 10009.702 1e+20 1.0 1000.0 0 0
51 10009.702 1e+20 1.0 1000.0 0 0
52 10009.702 1e+20 1.0 1000.0 0 0
53 10009.702 1e+20 1.0 1000.0 0 0
54 10009.702 1e+20 1.0 1000.0 0 0
55 10009.702 1e+20 1.0 1000.0 0 0
56 10009.702 1e+20 1.0 1000.0 0 0
57 10009.702 1e+20 1.0 1000.0 0 0
58 10009.702 1e+20 1.0 1000.0 0 0
59 10009.702 1e+20 1.0 1000.0 0 0
60 10009.702 1e+20 1.0 1000.0 0 0
61 10009.702 1e+20 1.0 1000.0 0 0
62 10009.702 1e+20 1.0 1000.0 0 0
63 10009.702 1e+20 1.0 1000.0 0 0
64 10009.702 1e+20 1.0 1000.0 0 0
65 10009.702 1e+20 1.0 1000.0 0 0
66 10009.702 1e+20 1.0 1000.0 0 0
67 10009.702 1e+20 1.0 1000.0 0 0
68 10009.702 1e+20 1.0 1000.0 0 0
69 10009.702 1e+20 1.0 1000.0 0 0
70 10009.702 1e+20 1.0 1000.0 0 0
71 10009.702 1e+20 1.0 1000.0 0 0
72 10009.702 1e+20 1.0 1000.0 0 0
73 10009.702 1e+20 1.0 1000.0 0 0
74 10009.702 1e+20 1.0 1000.0 0 0
75 10009.702 1e+20 1.0 1000.0 0 0
76 10009.702 1e+20 1.0 1000.0 0 0
77 10009.702 1e+20 1.0 1000.0 0 0
78 10009.702 1e+20 1.0 1000.0 0 0
79 10009.702 1e+20 1.0 1000.0 0 0
80 10009.702 1e+20 1.0 1000.0 0 0
81 10009.702 1e+20 1.0 1000.0 0 0
82 10009.702 1e+20 1.0 1000.0 0 0
83 10009.702 1e+20 1.0 1000.0 0 0
84 10009.702 1e+20 1.0 1000.0 0 0
85 10009.702 1e+20 1.0 1000.0 0 0
86 10009.702 1e+20 1.0 1000.0 0 0
87 10009.702 1e+20 1.0 1000.0 0 0
88 10009.702 1e+20 1.0 1000.0 0 0
89 10009.702 1e+20 1.0 1000.0 0 0
90 10009.702 1e+20 1.0 1000.0 0 0
91 10009.702 1e+20 1.0 1000.0 0 0
92 10009.702 1e+20 1.0 1000.0 0 0
93 10009.702 1e+20 1.0 1000.0 0 0
94 10009.702 1e+20 1.0 1000.0 0 0
95 10009.702 1e+20 1.0 1000.0 0 0
96 10009.702 1e+20 1.0 1000.0 0 0
97 10009.702 1e+20 1.0 1000.0 0 0
98 10009.702 1e+20 1.0 1000.0 0 0
99 10009.702 1e+20 1.0 1000.0 0 0
100 10009.702 1e+20 1.0 1000.0 0 0
101 10009.702 1e+20 1.0 1000.0 0 0
102 10009.702 1e+20 1.0 1000.0 0 0
103 10009.702 1e+20 1.0 1000.0 0 0
104 10009.702 1e+20 1.0 1000.0 0 0
105 10009.702 1e+20 1.0 1000.0 0 0
106 10009.702 1e+20 1.0 1000.0 0 0
107 10009.702 1e+20 1.0 1000.0 0 0
108 10009.702 1e+20 1.0 1000.0 0 0
109 10009.702 1e+20 1.0 1000.0 0 0
110 10009.702 1e+20 1.0 1000.0 0 0
111 10009.702 1e+20 1.0 1000.0 0 0
112 10009.702 1e+20 1.0 1000.0 0 0
113 10009.702 1e+20 1.0 1000.0 0 0
114 10009.702 1e+20 1.0 1000.0 0 0
115 10009.702 1e+20 1.0 1000.0 0 0
116 10009.702 1e+20 1.0 1000.0 0 0
117 10009.702 1e+20 1.0 1000.0 0 0
118 10009.702 1e+20 1.0 1000.0 0 0
119 10009.702 1e+20 1.0 1000.0 0 0
120 10009.702 1e+20 1.0 1000.0 0 0
121 10009.702 1e+20 1.0 1000.0 0 0
122 10009.702 1e+20 1.0 1000.0 0 0
123 10009.702 1e+20 1.0 1000.0 0 0
124 10009.702 1e+20 1.0 1000.0 0 0
125 10009.702 1e+20 1.0 1000.0 0 0
126 10009.702 1e+20 1.0 1000.0 0 0
127 10009.702 1e+20 1.0 1000.0 0 0
128 10009.702 1e+20 1.0 1000.0 0 0
100000.0
1 10009.801 1e+20 1.0 1000.0 0 0
2 10009.801 1e+20 1.0 1000.0 0 0
3 10009.801 1e+20 1.0 1000.0 0 0
4 10009.801 1e+20 1.0 1000.0 0 0
5 10009.801 1e+20 1.0 1000.0 0 0
6 10009.801 1e+20 1.0 1000.0 0 0
7 10009.801 1e+20 1.0 1000.0 0 0
8 10009.801 1e+20 1.0 1000.0 0 0
9 10009.801 1e+20 1.0 1000.0 0 0
10 10009.801 1e+20 1.0 1000.0 0 0
11 10009.801 1e+20 1.0 1000.0 0 0
12 10009.801 1e+20 1.0 1000.0 0 0
13 10009.801 1e+20 1.0 1000.0 0 0
14 10009.801 1e+20 1.0 1000.0 0 0
15 10009.801 1e+20 1.0 1000.0 0 0
16 10009.801 1e+20 1.0 1000.0 0 0
17 10009.801 1e+20 1.0 1000.0 0 0
18 10009.801 1e+20 1.0 1000.0 0 0
19 10009.801 1e+20 1.0 1000.0 0 0
20 10009.801 1e+20 1.0 1000.0 0 0
21 10009.801 1e+20 1.0 1000.0 0 0
22 10009.801 1e+20 1.0 1000.0 0 0
23 10009.801 1e+20 1.0 1000.0 0 0
24 10009.801 1e+20 1.0 1000.0 0 0
25 10009.801 1e+20 1.0 1000.0 0 0
26 10009.801 1e+20 1.0 1000.0 0 0
27 10009.801 1e+20 1.0 1000.0 0 0
28 10009.801 1e+20 1.0 1000.0 0 0
29 10009.801 1e+20 1.0 1000.0 0 0
30 10009.801 1e+20 1.0 1000.0 0 0
31 10009.801 1e+20 1.0 1000.0 0 0
32 10009.801 1e+20 1.0 1000.0 0 0
33 10009.801 1e+20 1.0 1000.0 0 0
34 10009.801 1e+20 1.0 1000.0 0 0
35 10009.801 1e+20 1.0 1000.0 0 0
36 10009.801 1e+20 1.0 1000.0 0 0
37 10009.801 1e+20 1.0 1000.0 0 0
38 10009.801 1e+20 1.0 1000.0 0 0
39 10009.801 1e+20 1.0 1000.0 0 0
40 10009.801 1e+20 1.0 1000.0 0 0
41 10009.801 1e+20 1.0 1000.0 0 0
42 10009.801 1e+20 1.0 1000.0 0 0
43 10009.801 1e+20 1.0 1000.0 0 0
44 10009.801 1e+20 1.0 1000.0 0 0
45 10009.801 1e+20 1.0 1000.0 0 0
46 10009.801 1e+20 1.0 1000.0 0 0
47 10009.801 1e+20 1.0 1000.0 0 0
48 10009.801 1e+20 1.0 1000.0 0 0
49 10009.801 1e+20 1.0 1000.0 0 0
50 10009.801 1e+20 1.0 1000.0 0 0
51 10009.801 1e+20 1.0 1000.0 0 0
52 10009.801 1e+20 1.0 1000.0 0 0
53 10009.801 1e+20 1.0 1000.0 0 0
54 10009.801 1e+20 1.0 1000.0 0 0
55 10009.801 1e+20 1.0 1000.0 0 0
56 10009.801 1e+20 1.0 1000.0 0 0
57 10009.801 1e+20 1.0 1000.0 0 0
58 10009.801 1e+20 1.0 1000.0 0 0
59 10009.801 1e+20 1.0 1000.0 0 0
60 10009.801 1e+20 1.0 1000.0 0 0
61 10009.801 1e+20 1.0 1000.0 0 0
62 10009.801 1e+20 1.0 1000.0 0 0
63 10009.801 1e+20 1.0 1000.0 0 0
64 10009.801 1e+20 1.0 1000.0 0 0
65 10009.801 1e+20 1.0 1000.0 0 0
66 10009.801 1e+20 1.0 1000.0 0 0
67 10009.801 1e+20 1.0 1000.0 0 0
68 10009.801 1e+20 1.0 1000.0 0 0
69 10009.801 1e+20 1.0 1000.0 0 0
70 10009.801 1e+20 1.0 1000.0 0 0
71 10009.801 1e+20 1.0 1000.0 0 0
72 10009.801 1e+20 1.0 1000.0 0 0
73 10009.801 1e+20 1.0 1000.0 0 0
74 10009.801 1e+20 1.0 1000.0 0 0
75 10009.801 1e+20 1.0 1000.0 0 0
76 10009.801 1e+20 1.0 1000.0 0 0
77 10009.801 1e+20 1.0 1000.0 0 0
78 10009.801 1e+20 1.0 1000.0 0 0
79 10009.801 1e+20 1.0 1000.0 0 0
80 10009.801 1e+20 1.0 1000.0 0 0
81 10009.801 1e+20 1.0 1000.0 0 0
82 10009.801 1e+20 1.0 1000.0 0 0
83 10009.801 1e+20 1.0 1000.0 0 0
84 10009.801 1e+20 1.0 1000.0 0 0
85 10009.801 1e+20 1.0 1000.0 0 0
86 10009.801 1e+20 1.0 1000.0 0 0
87 10009.801 1e+20 1.0 1000.0 0 0
88 10009.801 1e+20 1.0 1000.0 0 0
89 10009.801 1e+20 1.0 1000.0 0 0
90 10009.801 1e+20 1.0 1000.0 0 0
91 10009.801 1e+20 1.0 1000.0 0 0
92 10009.801 1e+20 1.0 1000.0 0 0
93 10009.801 1e+20 1.0 1000.0 0 0
94 10009.801 1e+20 1.0 1000.0 0 0
95 10009.801 1e+20 1.0 1000.0 0 0
96 10009.801 1e+20 1.0 1000.0 0 0
97 10009.801 1e+20 1.0 1000.0 0 0
98 10009.801 1e+20 1.0 1000.0 0 0
99 10009.801 1e+20 1.0 1000.0 0 0
100 10009.801 1e+20 1.0 1000.0 0 0
101 10009.801 1e+20 1.0 1000.0 0 0
102 10009.801 1e+20 1.0 1000.0 0 0
103 10009.801 1e+20 1.0 1000.0 0 0
104 10009.801 1e+20 1.0 1000.0 0 0
105 10009.801 1e+20 1.0 1000.0 0 0
106 10009.801 1e+20 1.0 1000.0 0 0
107 10009.801 1e+20 1.0 1000.0 0 0
108 10009.801 1e+20 1.0 1000.0 0 0
109 10009.801 1e+20 1.0 1000.0 0 0
110 10009.801 1e+20 1.0 1000.0 0 0
111 10009.801 1e+20 1.0 1000.0 0 0
112 10009.801 1e+20 1.0 1000.0 0 0
113 10009.801 1e+20 1.0 1000.0 0 0
114 10009.801 1e+20 1.0 1000.0 0 0
115 10009.801 1e+20 1.0 1000.0 0 0
116 10009.801 1e+20 1.0 1000.0 0 0
117 10009.801 1e+20 1.0 1000.0 0 0
118 10009.801 1e+20 1.0 1000.0 0 0
119 10009.801 1e+20 1.0 1000.0 0 0
120 10009.801 1e+20 1.0 1000.0 0 0
121 10009.801 1e+20 1.0 1000.0 0 0
122 10009.801 1e+20 1.0 1000.0 0 0
123 10009.801 1e+20 1.0 1000.0 0 0
124 10009.801 1e+20 1.0 1000.0 0 0
125 10009.801 1e+20 1.0 1000.0 0 0
126 10009.801 1e+20 1.0 1000.0 0 0
127 10009.801 1e+20 1.0 1000.0 0 0
128 10009.801 1e+20 1.0 1000.0 0 0
